symbol,gene_allele,imaging_well,imaging_plate_R1,imaging_plate_R2,final_symbol,final_gene_allele
ACSF3,ACSF3,A01,B7A1R1_P1,B8A1R2_P1,ACSF3,ACSF3
ACSF3,ACSF3_Ala197Thr,C01,B7A1R1_P1,B8A1R2_P1,ACSF3,ACSF3_Ala197Thr
ACSF3,ACSF3_Thr358Ile,E01,B7A1R1_P1,B8A1R2_P1,ACSF3,ACSF3_Thr358Ile
ACSF3,ACSF3_Met198Arg,G01,B7A1R1_P1,B8A1R2_P1,ACSF3,ACSF3_Met198Arg
ACSF3,ACSF3_Glu359Lys,I01,B7A1R1_P1,B8A1R2_P1,ACSF3,ACSF3_Glu359Lys
ACSF3,ACSF3_Ile200Met,K01,B7A1R1_P1,B8A1R2_P1,ACSF3,ACSF3_Ile200Met
ACSF3,ACSF3_Ser431Tyr,M01,B7A1R1_P1,B8A1R2_P1,ACSF3,ACSF3_Ser431Tyr
ACSF3,ACSF3_Gly225Arg,O01,B7A1R1_P1,B8A1R2_P1,ACSF3,ACSF3_Gly225Arg
ACSF3,ACSF3_Asp457Asn,A03,B7A1R1_P1,B8A1R2_P1,ACSF3,ACSF3_Asp457Asn
ACSF3,ACSF3_Arg10Trp,C03,B7A1R1_P1,B8A1R2_P1,ACSF3,ACSF3_Arg10Trp
ACSF3,ACSF3_Asp236Asn,E03,B7A1R1_P1,B8A1R2_P1,ACSF3,ACSF3_Asp236Asn
ACSF3,ACSF3_Arg471Trp,G03,B7A1R1_P1,B8A1R2_P1,ACSF3,ACSF3_Arg471Trp
ACSF3,ACSF3_Pro243Leu,I03,B7A1R1_P1,B8A1R2_P1,ACSF3,ACSF3_Pro243Leu
ACSF3,ACSF3_Gly119Asp,K03,B7A1R1_P1,B8A1R2_P1,ACSF3,ACSF3_Gly119Asp
ACSF3,ACSF3_Met266Val,M03,B7A1R1_P1,B8A1R2_P1,ACSF3,ACSF3_Met266Val
ACSF3,ACSF3_Pro285Leu,O03,B7A1R1_P1,B8A1R2_P1,ACSF3,ACSF3_Pro285Leu
ACSF3,ACSF3_Glu359Lys,A05,B7A1R1_P1,B8A1R2_P1,ACSF3,ACSF3_Glu359Lys
ACSF3,ACSF3_Arg471Trp,C05,B7A1R1_P1,B8A1R2_P1,ACSF3,ACSF3_Arg471Trp
,EGFP,E05,B7A1R1_P1,B8A1R2_P1,EGFP,EGFP
ACSF3,ACSF3_Arg558Trp,G05,B7A1R1_P1,B8A1R2_P1,ACSF3,ACSF3_Arg558Trp
ACSF3,ACSF3_Thr358Ile,I05,B7A1R1_P1,B8A1R2_P1,ACSF3,ACSF3_Thr358Ile
ACSF3,ACSF3_Pro243Leu,K05,B7A1R1_P1,B8A1R2_P1,ACSF3,ACSF3_Pro243Leu
ACTB,ACTB,M05,B7A1R1_P1,B8A1R2_P1,ACTB,ACTB
ACTN1,ACTN1,O05,B7A1R1_P1,B8A1R2_P1,ACTN1,ACTN1
ACY1,ACY1,A07,B7A1R1_P1,B8A1R2_P1,ACY1,ACY1
ADIPOQ,ADIPOQ,C07,B7A1R1_P1,B8A1R2_P1,ADIPOQ,ADIPOQ
AGXT,AGXT,E07,B7A1R1_P1,B8A1R2_P1,AGXT,AGXT
ALK,ALK,G07,B7A1R1_P1,B8A1R2_P1,,
AGXT,AGXT_Gly41Arg,I07,B7A1R1_P1,B8A1R2_P1,AGXT,AGXT_Gly41Arg
AGXT,AGXT_Asp129His,K07,B7A1R1_P1,B8A1R2_P1,AGXT,AGXT_Asp129His
AGXT,AGXT_Asp201Asn,M07,B7A1R1_P1,B8A1R2_P1,AGXT,AGXT_Asp201Asn
AGXT,AGXT_Ile279Thr,O07,B7A1R1_P1,B8A1R2_P1,AGXT,AGXT_Ile279Thr
AGXT,AGXT_Gly41Glu,A09,B7A1R1_P1,B8A1R2_P1,AGXT,AGXT_Gly41Glu
AGXT,AGXT_Phe152Ile,C09,B7A1R1_P1,B8A1R2_P1,AGXT,AGXT_Phe152Ile
AGXT,AGXT_Ile202Asn,E09,B7A1R1_P1,B8A1R2_P1,AGXT,AGXT_Ile202Asn
AGXT,AGXT_Ile279Met,G09,B7A1R1_P1,B8A1R2_P1,AGXT,AGXT_Ile279Met
ALK,ALK_Arg1275Gln,I09,B7A1R1_P1,B8A1R2_P1,ALK,ALK_Arg1275Gln
AGXT,AGXT_Met49Leu,K09,B7A1R1_P1,B8A1R2_P1,AGXT,AGXT_Met49Leu
AGXT,AGXT_Gly161Ser,M09,B7A1R1_P1,B8A1R2_P1,AGXT,AGXT_Gly161Ser
AGXT,AGXT_Ala210Pro,O09,B7A1R1_P1,B8A1R2_P1,AGXT,AGXT_Ala210Pro
AGXT,AGXT_Ala280Val,A11,B7A1R1_P1,B8A1R2_P1,AGXT,AGXT_Ala280Val
AGXT,AGXT_Pro10Ala,C11,B7A1R1_P1,B8A1R2_P1,AGXT,AGXT_Pro10Ala
AGXT,AGXT_Gly82Arg,E11,B7A1R1_P1,B8A1R2_P1,AGXT,AGXT_Gly82Arg
AGXT,AGXT_Gly161Arg,G11,B7A1R1_P1,B8A1R2_P1,AGXT,AGXT_Gly161Arg
AGXT,AGXT_Ser218Leu,I11,B7A1R1_P1,B8A1R2_P1,AGXT,AGXT_Ser218Leu
PTK2B,PTK2B,K11,B7A1R1_P1,B8A1R2_P1,,
AGXT,AGXT_Pro11His,M11,B7A1R1_P1,B8A1R2_P1,AGXT,AGXT_Pro11His
AGXT,AGXT_Ala85Asp,O11,B7A1R1_P1,B8A1R2_P1,AGXT,AGXT_Ala85Asp
AGXT,AGXT_Val162Met,A13,B7A1R1_P1,B8A1R2_P1,AGXT,AGXT_Val162Met
AGXT,AGXT_Ser221Pro,C13,B7A1R1_P1,B8A1R2_P1,AGXT,AGXT_Ser221Pro
AGXT,AGXT_Arg289His,E13,B7A1R1_P1,B8A1R2_P1,AGXT,AGXT_Arg289His
AGXT,AGXT_Lys12Arg,G13,B7A1R1_P1,B8A1R2_P1,AGXT,AGXT_Lys12Arg
AGXT,AGXT_Arg111Gln,I13,B7A1R1_P1,B8A1R2_P1,AGXT,AGXT_Arg111Gln
MAPK9,MAPK9,K13,B7A1R1_P1,B8A1R2_P1,MAPK9,MAPK9
AGXT,AGXT_Ala186Val,M13,B7A1R1_P1,B8A1R2_P1,AGXT,AGXT_Ala186Val
AGXT,AGXT_Ala248Ser,O13,B7A1R1_P1,B8A1R2_P1,AGXT,AGXT_Ala248Ser
AGXT,AGXT_Asn22Ser,A15,B7A1R1_P1,B8A1R2_P1,AGXT,AGXT_Asn22Ser
AGXT,AGXT_Gly116Arg,C15,B7A1R1_P1,B8A1R2_P1,AGXT,AGXT_Gly116Arg
AGXT,AGXT_Ser187Phe,E15,B7A1R1_P1,B8A1R2_P1,AGXT,AGXT_Ser187Phe
AGXT,AGXT_Ala248Val,G15,B7A1R1_P1,B8A1R2_P1,AGXT,AGXT_Ala248Val
RHEB,RHEB,I15,B7A1R1_P1,B8A1R2_P1,RHEB,RHEB
AGXT,AGXT_Arg36Cys,K15,B7A1R1_P1,B8A1R2_P1,AGXT,AGXT_Arg36Cys
AGXT,AGXT_Arg118Cys,M15,B7A1R1_P1,B8A1R2_P1,AGXT,AGXT_Arg118Cys
AGXT,AGXT_Met195Leu,O15,B7A1R1_P1,B8A1R2_P1,AGXT,AGXT_Met195Leu
AGXT,AGXT_Glu274Asp,A17,B7A1R1_P1,B8A1R2_P1,AGXT,AGXT_Glu274Asp
AGXT,AGXT_Asp341Glu,C17,B7A1R1_P1,B8A1R2_P1,AGXT,AGXT_Asp341Glu
AGXT,AGXT_Ala295Thr,E17,B7A1R1_P1,B8A1R2_P1,AGXT,AGXT_Ala295Thr
SLIRP,SLIRP,G17,B7A1R1_P1,B8A1R2_P1,SLIRP,SLIRP
AGXT,AGXT_Arg381Lys,I17,B7A1R1_P1,B8A1R2_P1,AGXT,AGXT_Arg381Lys
AGXT,AGXT_Leu298Pro,K17,B7A1R1_P1,B8A1R2_P1,AGXT,AGXT_Leu298Pro
AGXT,AGXT_Arg301Cys,M17,B7A1R1_P1,B8A1R2_P1,AGXT,AGXT_Arg301Cys
AGXT,AGXT_Pro319Leu,O17,B7A1R1_P1,B8A1R2_P1,AGXT,AGXT_Pro319Leu
AGXT,AGXT_Val326Ile,A19,B7A1R1_P1,B8A1R2_P1,AGXT,AGXT_Val326Ile
AGXT,AGXT_Ile340Met,C19,B7A1R1_P1,B8A1R2_P1,AGXT,AGXT_Ile340Met
PRKACB,PRKACB,E19,B7A1R1_P1,B8A1R2_P1,PRKACB,PRKACB
AGXT,AGXT_Phe152Ile,G19,B7A1R1_P1,B8A1R2_P1,AGXT,AGXT_Phe152Ile
AGXT,AGXT_Gly156Arg,I19,B7A1R1_P1,B8A1R2_P1,AGXT,AGXT_Gly156Arg
AGXT,AGXT_Arg197Gln,K19,B7A1R1_P1,B8A1R2_P1,AGXT,AGXT_Arg197Gln
AGXT,AGXT_Ile340Met,M19,B7A1R1_P1,B8A1R2_P1,AGXT,AGXT_Ile340Met
AGXT,AGXT_Pro11Leu,O19,B7A1R1_P1,B8A1R2_P1,AGXT,AGXT_Pro11Leu
AHCY,AHCY,A21,B7A1R1_P1,B8A1R2_P1,AHCY,AHCY
AIPL1,AIPL1,C21,B7A1R1_P1,B8A1R2_P1,AIPL1,AIPL1
AIPL1,AIPL1_Thr114Ile,E21,B7A1R1_P1,B8A1R2_P1,AIPL1,AIPL1_Thr114Ile
AIPL1,AIPL1_Arg270His,G21,B7A1R1_P1,B8A1R2_P1,AIPL1,AIPL1_Arg270His
AIPL1,AIPL1_Arg302Leu,I21,B7A1R1_P1,B8A1R2_P1,AIPL1,AIPL1_Arg302Leu
AIPL1,AIPL1_Met79Thr,K21,B7A1R1_P1,B8A1R2_P1,AIPL1,AIPL1_Met79Thr
AKT2,AKT2,M21,B7A1R1_P1,B8A1R2_P1,AKT2,AKT2
ALAS2,ALAS2,O21,B7A1R1_P1,B8A1R2_P1,ALAS2,ALAS2
ALAS2,ALAS2_Asp122Asn,A23,B7A1R1_P1,B8A1R2_P1,ALAS2,ALAS2_Asp122Asn
ALAS2,ALAS2_Lys262Gln,C23,B7A1R1_P1,B8A1R2_P1,ALAS2,ALAS2_Lys262Gln
ALAS2,ALAS2_Gly254Ser,E23,B7A1R1_P1,B8A1R2_P1,ALAS2,ALAS2_Gly254Ser
ALAS2,ALAS2_Thr351Ser,G23,B7A1R1_P1,B8A1R2_P1,ALAS2,ALAS2_Thr351Ser
ALAS2,ALAS2_Cys358Tyr,I23,B7A1R1_P1,B8A1R2_P1,ALAS2,ALAS2_Cys358Tyr
ALAS2,ALAS2_Arg374Cys,K23,B7A1R1_P1,B8A1R2_P1,ALAS2,ALAS2_Arg374Cys
ALAS2,ALAS2_Phe128Leu,M23,B7A1R1_P1,B8A1R2_P1,ALAS2,ALAS2_Phe128Leu
ALAS2,ALAS2_Ala135Thr,O23,B7A1R1_P1,B8A1R2_P1,ALAS2,ALAS2_Ala135Thr
ALAS2,ALAS2_Asp153Val,A02,B7A1R1_P1,B8A1R2_P1,ALAS2,ALAS2_Asp153Val
ALAS2,ALAS2_Tyr549Phe,C02,B7A1R1_P1,B8A1R2_P1,ALAS2,ALAS2_Tyr549Phe
ALAS2,ALAS2_Ser531Gly,E02,B7A1R1_P1,B8A1R2_P1,ALAS2,ALAS2_Ser531Gly
ALDOA,ALDOA,G02,B7A1R1_P1,B8A1R2_P1,ALDOA,ALDOA
ALOX5,ALOX5,I02,B7A1R1_P1,B8A1R2_P1,ALOX5,ALOX5
AMPD2,AMPD2,K02,B7A1R1_P1,B8A1R2_P1,AMPD2,AMPD2
AMPD2,AMPD2_Glu697Asp,M02,B7A1R1_P1,B8A1R2_P1,AMPD2,AMPD2_Glu697Asp
ANKRD1,ANKRD1,O02,B7A1R1_P1,B8A1R2_P1,ANKRD1,ANKRD1
ANXA11,ANXA11,A04,B7A1R1_P1,B8A1R2_P1,ANXA11,ANXA11
AOAH,AOAH,C04,B7A1R1_P1,B8A1R2_P1,,
AP2S1,AP2S1_Arg15Cys,E04,B7A1R1_P1,B8A1R2_P1,AP2S1,AP2S1_Arg15Cys
AP2S1,AP2S1_Arg15His,G04,B7A1R1_P1,B8A1R2_P1,AP2S1,AP2S1_Arg15His
APOA1,APOA1,I04,B7A1R1_P1,B8A1R2_P1,,
APOA1,APOA1_Arg34Leu,K04,B7A1R1_P1,B8A1R2_P1,APOA1,APOA1_Arg34Leu
APOA1,APOA1_Leu198Ser,M04,B7A1R1_P1,B8A1R2_P1,APOA1,APOA1_Leu198Ser
APOA1,APOA1_Arg197Cys,O04,B7A1R1_P1,B8A1R2_P1,APOA1,APOA1_Arg197Cys
APOA1,APOA1_Leu84Arg,A06,B7A1R1_P1,B8A1R2_P1,APOA1,APOA1_Leu84Arg
APOA1,APOA1_Ala199Pro,C06,B7A1R1_P1,B8A1R2_P1,APOA1,APOA1_Ala199Pro
,EGFP,E06,B7A1R1_P1,B8A1R2_P1,EGFP,EGFP
APOA1,APOA1_Val180Glu,G06,B7A1R1_P1,B8A1R2_P1,APOA1,APOA1_Val180Glu
APOA1,APOA1_Trp74Arg,I06,B7A1R1_P1,B8A1R2_P1,APOA1,APOA1_Trp74Arg
APOA1,APOA1_Leu114Pro,K06,B7A1R1_P1,B8A1R2_P1,APOA1,APOA1_Leu114Pro
APOA1,APOA1_Ala188Ser,M06,B7A1R1_P1,B8A1R2_P1,,
APOA4,APOA4,O06,B7A1R1_P1,B8A1R2_P1,,
APOD,APOD,A08,B7A1R1_P1,B8A1R2_P1,APTX,APTX
APTX,APTX,C08,B7A1R1_P1,B8A1R2_P1,AQP1,AQP1
AQP1,AQP1,E08,B7A1R1_P1,B8A1R2_P1,,
ALK,ALK,G08,B7A1R1_P1,B8A1R2_P1,,
ASL,ASL,I08,B7A1R1_P1,B8A1R2_P1,ASNS,ASNS
ASNS,ASNS,K08,B7A1R1_P1,B8A1R2_P1,ASNS,ASNS_Ala6Glu
ASNS,ASNS_Ala6Glu,M08,B7A1R1_P1,B8A1R2_P1,ATPAF2,ATPAF2
ATPAF2,ATPAF2,O08,B7A1R1_P1,B8A1R2_P1,B4GALT7,B4GALT7
B4GALT7,B4GALT7,A10,B7A1R1_P1,B8A1R2_P1,,
BAG3,BAG3,C10,B7A1R1_P1,B8A1R2_P1,BAG3,BAG3_Arg477His
BAG3,BAG3_Arg477His,E10,B7A1R1_P1,B8A1R2_P1,BAG3,BAG3_Pro380Ser
BAG3,BAG3_Pro380Ser,G10,B7A1R1_P1,B8A1R2_P1,BAG3,BAG3_Leu462Pro
ALK,ALK_Arg1275Gln,I10,B7A1R1_P1,B8A1R2_P1,ALK,ALK_Arg1275Gln
BAG3,BAG3_Leu462Pro,K10,B7A1R1_P1,B8A1R2_P1,,
BAG3,BAG3_Arg218Trp,M10,B7A1R1_P1,B8A1R2_P1,BAG3,BAG3_Arg258Trp
BAG3,BAG3_Arg258Trp,O10,B7A1R1_P1,B8A1R2_P1,,
BANF1,BANF1,A12,B7A1R1_P1,B8A1R2_P1,BCAM,BCAM
BCAM,BCAM,C12,B7A1R1_P1,B8A1R2_P1,BCL10,BCL10
BCL10,BCL10,E12,B7A1R1_P1,B8A1R2_P1,,
BCL10,BCL10_Ala5Ser,G12,B7A1R1_P1,B8A1R2_P1,BCL10,BCL10_Leu8Leu
BCL10,BCL10_Leu8Leu,I12,B7A1R1_P1,B8A1R2_P1,,
PTK2B,PTK2B,K12,B7A1R1_P1,B8A1R2_P1,,
BFSP2,BFSP2,M12,B7A1R1_P1,B8A1R2_P1,BFSP2,BFSP2_Arg339His
BFSP2,BFSP2_Arg339His,O12,B7A1R1_P1,B8A1R2_P1,BFSP2,BFSP2_Ala407Asp
BFSP2,BFSP2_Ala407Asp,A14,B7A1R1_P1,B8A1R2_P1,BFSP2,BFSP2_Arg287Trp
BFSP2,BFSP2_Arg287Trp,C14,B7A1R1_P1,B8A1R2_P1,,
BLK,BLK_Ala71Thr,E14,B7A1R1_P1,B8A1R2_P1,BLMH,BLMH_Ile443Val
BLMH,BLMH_Ile443Val,G14,B7A1R1_P1,B8A1R2_P1,,
BMP7,BMP7,I14,B7A1R1_P1,B8A1R2_P1,BRIP1,BRIP1
MAPK9,MAPK9,K14,B7A1R1_P1,B8A1R2_P1,MAPK9,MAPK9
BRIP1,BRIP1,M14,B7A1R1_P1,B8A1R2_P1,BTC,BTC
BTC,BTC,O14,B7A1R1_P1,B8A1R2_P1,,
C1QA,C1QA,A16,B7A1R1_P1,B8A1R2_P1,C1QB,C1QB
C1QB,C1QB,C16,B7A1R1_P1,B8A1R2_P1,C1QC,C1QC
C1QC,C1QC,E16,B7A1R1_P1,B8A1R2_P1,,
CA8,CA8,G16,B7A1R1_P1,B8A1R2_P1,,
RHEB,RHEB,I16,B7A1R1_P1,B8A1R2_P1,,
CA8,CA8_Arg237Gln,K16,B7A1R1_P1,B8A1R2_P1,,
CACNB4,CACNB4,M16,B7A1R1_P1,B8A1R2_P1,CBR3,CBR3
CBR3,CBR3,O16,B7A1R1_P1,B8A1R2_P1,CCBE1,CCBE1_Gly136Arg
CCBE1,CCBE1_Gly136Arg,A18,B7A1R1_P1,B8A1R2_P1,CD151,CD151
CD151,CD151,C18,B7A1R1_P1,B8A1R2_P1,,
CDA,CDA,E18,B7A1R1_P1,B8A1R2_P1,CDC73,CDC73
SLIRP,SLIRP,G18,B7A1R1_P1,B8A1R2_P1,,
CDC73,CDC73,I18,B7A1R1_P1,B8A1R2_P1,CDC73,CDC73_Met1Ile
CDC73,CDC73_Met1Ile,K18,B7A1R1_P1,B8A1R2_P1,,
CDK4,CDK4,M18,B7A1R1_P1,B8A1R2_P1,,
CDKN1A,CDKN1A,O18,B7A1R1_P1,B8A1R2_P1,CDKN1A,CDKN1A_Arg67Leu
CDKN1A,CDKN1A_Arg67Leu,A20,B7A1R1_P1,B8A1R2_P1,CDKN1A,CDKN1A_Arg84Gln
CDKN1A,CDKN1A_Arg84Gln,C20,B7A1R1_P1,B8A1R2_P1,CDKN1A,CDKN1A_Asp149Gly
PRKACB,PRKACB,E20,B7A1R1_P1,B8A1R2_P1,PRKACB,PRKACB
CDKN1A,CDKN1A_Asp149Gly,G20,B7A1R1_P1,B8A1R2_P1,CDKN1A,CDKN1A_Ser31Arg
CDKN1A,CDKN1A_Ser31Arg,I20,B7A1R1_P1,B8A1R2_P1,,
CDKN2C,CDKN2C,K20,B7A1R1_P1,B8A1R2_P1,CFP,CFP
CFP,CFP,M20,B7A1R1_P1,B8A1R2_P1,,
CFP,CFP_Tyr414Asp,O20,B7A1R1_P1,B8A1R2_P1,CHN1,CHN1
CHN1,CHN1,A22,B7A1R1_P1,B8A1R2_P1,CHN1,CHN1_Tyr143His
CHN1,CHN1_Tyr143His,C22,B7A1R1_P1,B8A1R2_P1,CHN1,CHN1_Glu313Lys
CHN1,CHN1_Glu313Lys,E22,B7A1R1_P1,B8A1R2_P1,CHN1,CHN1_Ile126Met
CHN1,CHN1_Ile126Met,G22,B7A1R1_P1,B8A1R2_P1,CHN1,CHN1_Pro141Leu
CHN1,CHN1_Pro141Leu,I22,B7A1R1_P1,B8A1R2_P1,CHN1,CHN1_Pro252Ser
CHN1,CHN1_Pro252Ser,K22,B7A1R1_P1,B8A1R2_P1,CHRNG,CHRNG
CHRNG,CHRNG,M22,B7A1R1_P1,B8A1R2_P1,CLCNKA,CLCNKA
CLCNKA,CLCNKA,O22,B7A1R1_P1,B8A1R2_P1,CLCNKA,CLCNKA_Trp80Cys
CLCNKA,CLCNKA_Trp80Cys,A24,B7A1R1_P1,B8A1R2_P1,CLDN19,CLDN19_Gln57Glu
CLDN19,CLDN19_Gln57Glu,C24,B7A1R1_P1,B8A1R2_P1,CLDN19,CLDN19_Arg200Gln
CLDN19,CLDN19_Arg200Gln,E24,B7A1R1_P1,B8A1R2_P1,CLN6,CLN6
CLN6,CLN6,G24,B7A1R1_P1,B8A1R2_P1,COG4,COG4
COG4,COG4,I24,B7A1R1_P1,B8A1R2_P1,COL10A1,COL10A1
COL10A1,COL10A1,K24,B7A1R1_P1,B8A1R2_P1,COL2A1,COL2A1
COL2A1,COL2A1,M24,B7A1R1_P1,B8A1R2_P1,COMP,COMP
COMP,COMP,O24,B7A1R1_P1,B8A1R2_P1,COMP,COMP_Thr529Ile
COMP,COMP_Thr529Ile,B01,B7A1R1_P1,B8A1R2_P1,COMP,COMP_Thr529Ile
COMP,COMP_Asp271His,D01,B7A1R1_P1,B8A1R2_P1,COMP,COMP_Asp271His
COMP,COMP_Asn523Lys,F01,B7A1R1_P1,B8A1R2_P1,COMP,COMP_Asn523Lys
COMP,COMP_Gly207Asp,H01,B7A1R1_P1,B8A1R2_P1,,
COMP,COMP_Asp511Glu,J01,B7A1R1_P1,B8A1R2_P1,COMP,COMP_Asp511Glu
COMP,COMP_His189Arg,L01,B7A1R1_P1,B8A1R2_P1,COMP,COMP_Gly207Asp
COMP,COMP_His441Arg,N01,B7A1R1_P1,B8A1R2_P1,COMP,COMP_His441Arg
COMP,COMP_Ala171Thr,P01,B7A1R1_P1,B8A1R2_P1,COMP,COMP_Ala171Thr
COMP,COMP_Asp408His,B03,B7A1R1_P1,B8A1R2_P1,COMP,COMP_Asp408His
COMP,COMP_Asp408Asn,D03,B7A1R1_P1,B8A1R2_P1,COMP,COMP_Asp408Asn
COMP,COMP_Asn555Lys,F03,B7A1R1_P1,B8A1R2_P1,COMP,COMP_Asn555Lys
COMP,COMP_Cys348Arg,H03,B7A1R1_P1,B8A1R2_P1,COMP,COMP_Cys348Arg
COMP,COMP_Asp530Glu,J03,B7A1R1_P1,B8A1R2_P1,COMP,COMP_Asn555Lys
COMP,COMP_Asp319Val,L03,B7A1R1_P1,B8A1R2_P1,COMP,COMP_Asp319Val
COMP,COMP_Arg718Pro,N03,B7A1R1_P1,B8A1R2_P1,COMP,COMP_Arg718Pro
COMP,COMP_Ser681Cys,P03,B7A1R1_P1,B8A1R2_P1,COMP,COMP_Ser681Cys
COMP,COMP_Thr585Lys,B05,B7A1R1_P1,B8A1R2_P1,COMP,COMP_Thr585Lys
COMP,COMP_Asp605Asn,D05,B7A1R1_P1,B8A1R2_P1,COMP,COMP_Asp605Asn
,EGFP,F05,B7A1R1_P1,B8A1R2_P1,EGFP,EGFP
COMP,COMP_Thr585Met,H05,B7A1R1_P1,B8A1R2_P1,COMP,COMP_Thr585Met
COMP,COMP_His587Arg,J05,B7A1R1_P1,B8A1R2_P1,COMP,COMP_His587Arg
COMP,COMP_Thr585Arg,L05,B7A1R1_P1,B8A1R2_P1,COMP,COMP_Thr585Arg
COMP,COMP_Asp342Tyr,N05,B7A1R1_P1,B8A1R2_P1,TRIM32,TRIM32_Arg649Lys
COQ8A,COQ8A,P05,B7A1R1_P1,B8A1R2_P1,COQ8A,COQ8A_Gly272Asp
COQ8A,COQ8A_Gly272Asp,B07,B7A1R1_P1,B8A1R2_P1,COQ8A,COQ8A_Gly549Ser
COQ8A,COQ8A_Gly549Ser,D07,B7A1R1_P1,B8A1R2_P1,COQ8A,COQ8A_Glu457Lys
COQ8A,COQ8A_His80Tyr,F07,B7A1R1_P1,B8A1R2_P1,CORO1A,CORO1A
ALK,ALK,H07,B7A1R1_P1,B8A1R2_P1,,
CORO1A,CORO1A,J07,B7A1R1_P1,B8A1R2_P1,CORO1A,CORO1A_Val397Ile
CORO1A,CORO1A_Val397Ile,L07,B7A1R1_P1,B8A1R2_P1,CRADD,CRADD
CRADD,CRADD,N07,B7A1R1_P1,B8A1R2_P1,CRADD,CRADD_Gly128Arg
CRADD,CRADD_Gly128Arg,P07,B7A1R1_P1,B8A1R2_P1,CRADD,CRADD_Arg185Gln
CRADD,CRADD_Arg185Gln,B09,B7A1R1_P1,B8A1R2_P1,CREB1,CREB1
CREB1,CREB1,D09,B7A1R1_P1,B8A1R2_P1,CREB1,CREB1_Asp116Gly
CREB1,CREB1_Asp116Gly,F09,B7A1R1_P1,B8A1R2_P1,CRYAA,CRYAA
CRYAA,CRYAA,H09,B7A1R1_P1,B8A1R2_P1,CRYAB,CRYAB
ALK,ALK_Arg1275Gln,J09,B7A1R1_P1,B8A1R2_P1,ALK,ALK_Arg1275Gln
CRYAB,CRYAB,L09,B7A1R1_P1,B8A1R2_P1,CRYAB,CRYAB_Gly154Ser
CRYAB,CRYAB_Gly154Ser,N09,B7A1R1_P1,B8A1R2_P1,CRYAB,CRYAB
CRYAB,CRYAB_Asp109His,P09,B7A1R1_P1,B8A1R2_P1,CRYGC,CRYGC
CRYGC,CRYGC,B11,B7A1R1_P1,B8A1R2_P1,,
CSF1,CSF1,D11,B7A1R1_P1,B8A1R2_P1,CSNK1D,CSNK1D
CSNK1D,CSNK1D,F11,B7A1R1_P1,B8A1R2_P1,CSNK1D,CSNK1D_His46Arg
CSNK1D,CSNK1D_His46Arg,H11,B7A1R1_P1,B8A1R2_P1,CTH,CTH_Thr67IIe
CTH,CTH_Thr67Ile,J11,B7A1R1_P1,B8A1R2_P1,CTH,CTH_Gln240Glu
PTK2B,PTK2B,L11,B7A1R1_P1,B8A1R2_P1,,
CTH,CTH_Gln240Glu,N11,B7A1R1_P1,B8A1R2_P1,CTH,CTH_Ser403Ile
CTH,CTH_Ser403Ile,P11,B7A1R1_P1,B8A1R2_P1,CTNNA3,CTNNA3_Val94Asp
CTNNA3,CTNNA3_Val94Asp,B13,B7A1R1_P1,B8A1R2_P1,CTRC,CTRC
CTRC,CTRC,D13,B7A1R1_P1,B8A1R2_P1,CTRC,CTRC_Arg37Gln
CTRC,CTRC_Arg37Gln,F13,B7A1R1_P1,B8A1R2_P1,CTRC,CTRC_Arg246Cys
CTRC,CTRC_Arg246Cys,H13,B7A1R1_P1,B8A1R2_P1,CTRC,CTRC_Glu225Ala
CTRC,CTRC_Glu225Ala,J13,B7A1R1_P1,B8A1R2_P1,CTRC,CTRC_Gln178Arg
MAPK9,MAPK9,L13,B7A1R1_P1,B8A1R2_P1,MAPK9,MAPK9
CTRC,CTRC_Gln178Arg,N13,B7A1R1_P1,B8A1R2_P1,CUL3,CUL3_Lys459Arg
CUL3,CUL3_Lys459Arg,P13,B7A1R1_P1,B8A1R2_P1,CXCL16,CXCL16
CXCL16,CXCL16,B15,B7A1R1_P1,B8A1R2_P1,CYP21A2,CYP21A2
CYP21A2,CYP21A2,D15,B7A1R1_P1,B8A1R2_P1,CYP4F12,CYP4F12
CYP4F12,CYP4F12,F15,B7A1R1_P1,B8A1R2_P1,DARS,DARS
DARS,DARS,H15,B7A1R1_P1,B8A1R2_P1,DCX,DCX
RHEB,RHEB,J15,B7A1R1_P1,B8A1R2_P1,RHEB,RHEB
DCX,DCX,L15,B7A1R1_P1,B8A1R2_P1,DCX,DCX_Arg78Cys
DCX,DCX_Arg78Cys,N15,B7A1R1_P1,B8A1R2_P1,DCX,DCX_Ser129Leu
DCX,DCX_Ser129Leu,P15,B7A1R1_P1,B8A1R2_P1,DCX,DCX_Thr203Arg
DCX,DCX_Thr203Arg,B17,B7A1R1_P1,B8A1R2_P1,DCX,DCX_Thr203Ala
DCX,DCX_Thr203Ala,D17,B7A1R1_P1,B8A1R2_P1,DCX,DCX_Lys50Asn
DCX,DCX_Lys50Asn,F17,B7A1R1_P1,B8A1R2_P1,DCX,DCX_Arg59His
SLIRP,SLIRP,H17,B7A1R1_P1,B8A1R2_P1,SLIRP,SLIRP
DCX,DCX_Arg59His,J17,B7A1R1_P1,B8A1R2_P1,DCX,DCX_Arg78His
DCX,DCX_Arg78His,L17,B7A1R1_P1,B8A1R2_P1,DCX,DCX_Pro191Arg
DCX,DCX_Pro191Arg,N17,B7A1R1_P1,B8A1R2_P1,DCX,DCX_Arg196His
DCX,DCX_Arg196His,P17,B7A1R1_P1,B8A1R2_P1,DCX,DCX_Ile214Thr
DCX,DCX_Ile214Thr,B19,B7A1R1_P1,B8A1R2_P1,DCX,DCX_Lys174Glu
DCX,DCX_Lys174Glu,D19,B7A1R1_P1,B8A1R2_P1,DCX,DCX_Arg102Cys
PRKACB,PRKACB,F19,B7A1R1_P1,B8A1R2_P1,PRKACB,PRKACB
DCX,DCX_Arg102Cys,H19,B7A1R1_P1,B8A1R2_P1,DCX,DCX_Arg186His
DCX,DCX_Arg186His,J19,B7A1R1_P1,B8A1R2_P1,DCX,DCX_Ala71Ser
DCX,DCX_Ala71Ser,L19,B7A1R1_P1,B8A1R2_P1,DCX,DCX_Ala251Ser
DCX,DCX_Ala251Ser,N19,B7A1R1_P1,B8A1R2_P1,DCX,DCX_Arg186Leu
DCX,DCX_Arg186Leu,P19,B7A1R1_P1,B8A1R2_P1,DCX,DCX_Tyr125His
DCX,DCX_Tyr125His,B21,B7A1R1_P1,B8A1R2_P1,DCX,DCX_Arg196Cys
DCX,DCX_Arg196Cys,D21,B7A1R1_P1,B8A1R2_P1,DCX,DCX_Arg89Gly
DCX,DCX_Arg89Gly,F21,B7A1R1_P1,B8A1R2_P1,DCX,DCX_Met1Thr
DCX,DCX_Met1Thr,H21,B7A1R1_P1,B8A1R2_P1,DDX20,DDX20
DDX20,DDX20,J21,B7A1R1_P1,B8A1R2_P1,DES,DES
DES,DES,L21,B7A1R1_P1,B8A1R2_P1,DES,DES_Arg16Cys
DES,DES_Arg16Cys,N21,B7A1R1_P1,B8A1R2_P1,DES,DES_Tyr122Asp
DES,DES_Tyr122Asp,P21,B7A1R1_P1,B8A1R2_P1,DES,DES_Ala213Val
DES,DES_Ala213Val,B23,B7A1R1_P1,B8A1R2_P1,DES,DES_Asp312Ala
DES,DES_Asp312Ala,D23,B7A1R1_P1,B8A1R2_P1,DES,DES_Arg350Pro
DES,DES_Arg350Pro,F23,B7A1R1_P1,B8A1R2_P1,DES,DES_Gly20Arg
DES,DES_Gly20Arg,H23,B7A1R1_P1,B8A1R2_P1,DES,DES_Val126Leu
DES,DES_Val126Leu,J23,B7A1R1_P1,B8A1R2_P1,DES,DES_Thr219Ile
DES,DES_Thr219Ile,L23,B7A1R1_P1,B8A1R2_P1,DES,DES_Tyr331Asn
DES,DES_Tyr331Asn,N23,B7A1R1_P1,B8A1R2_P1,DES,DES_Arg355Pro
DES,DES_Arg355Pro,P23,B7A1R1_P1,B8A1R2_P1,KRT4,KRT4_Glu449Lys
DES,DES_Arg37Trp,B02,B7A1R1_P1,B8A1R2_P1,DES,DES_Arg37Trp
DES,DES_Arg127Pro,D02,B7A1R1_P1,B8A1R2_P1,DES,DES_Arg127Pro
DES,DES_Arg222His,F02,B7A1R1_P1,B8A1R2_P1,DES,DES_Arg222His
DES,DES_Ala337Pro,H02,B7A1R1_P1,B8A1R2_P1,DES,DES_Ala337Pro
DES,DES_Ala357Pro,J02,B7A1R1_P1,B8A1R2_P1,DES,DES_Ala357Pro
DES,DES_Gly44Ser,L02,B7A1R1_P1,B8A1R2_P1,DES,DES_Gly44Ser
DES,DES_Gln131Lys,N02,B7A1R1_P1,B8A1R2_P1,DES,DES_Gln131Lys
DES,DES_Arg227Cys,P02,B7A1R1_P1,B8A1R2_P1,DES,DES_Arg227Cys
DES,DES_Leu338Arg,B04,B7A1R1_P1,B8A1R2_P1,DES,DES_Leu338Arg
DES,DES_Ser46Tyr,D04,B7A1R1_P1,B8A1R2_P1,DES,DES_Ser46Tyr
DES,DES_Ala135Val,F04,B7A1R1_P1,B8A1R2_P1,DES,DES_Ala135Val
DES,DES_Ala237Thr,H04,B7A1R1_P1,B8A1R2_P1,DES,DES_Ala237Thr
DES,DES_Asn342Asp,J04,B7A1R1_P1,B8A1R2_P1,DES,DES_Asn342Asp
DES,DES_Val56Leu,L04,B7A1R1_P1,B8A1R2_P1,DES,DES_Val56Leu
DES,DES_Leu136Pro,N04,B7A1R1_P1,B8A1R2_P1,DES,DES_Leu136Pro
DES,DES_His243Tyr,P04,B7A1R1_P1,B8A1R2_P1,DES,DES_His243Tyr
DES,DES_Asp343Asn,B06,B7A1R1_P1,B8A1R2_P1,DES,DES_Asp343Asn
DES,DES_Gly84Ser,D06,B7A1R1_P1,B8A1R2_P1,DES,DES_Gly84Ser
,EGFP,F06,B7A1R1_P1,B8A1R2_P1,EGFP,EGFP
DES,DES_Arg150Gln,H06,B7A1R1_P1,B8A1R2_P1,DES,DES_Arg150Gln
DES,DES_Glu245Asp,J06,B7A1R1_P1,B8A1R2_P1,DES,DES_Glu245Asp
DES,DES_Leu345Pro,L06,B7A1R1_P1,B8A1R2_P1,DES,DES_Leu345Pro
DES,DES_Gln99Glu,N06,B7A1R1_P1,B8A1R2_P1,DES,DES_Gln99Glu
DES,DES_Arg212Gln,P06,B7A1R1_P1,B8A1R2_P1,DES,DES_Arg212Gln
DES,DES_Arg278Pro,B08,B7A1R1_P1,B8A1R2_P1,DES,DES_Arg278Pro
DES,DES_Met349Ile,D08,B7A1R1_P1,B8A1R2_P1,DES,DES_Met349Ile
DES,DES_Ser424Phe,F08,B7A1R1_P1,B8A1R2_P1,DES,DES_Ser424Phe
ALK,ALK,H08,B7A1R1_P1,B8A1R2_P1,,
DES,DES_Pro433Thr,J08,B7A1R1_P1,B8A1R2_P1,DES,DES_Pro433Thr
DES,DES_His441Leu,L08,B7A1R1_P1,B8A1R2_P1,DES,DES_His441Leu
DES,DES_Gln389Pro,N08,B7A1R1_P1,B8A1R2_P1,DES,DES_Gln389Pro
DES,DES_Thr445Ala,P08,B7A1R1_P1,B8A1R2_P1,DES,DES_Thr445Ala
DES,DES_Val394Met,B10,B7A1R1_P1,B8A1R2_P1,DES,DES_Val394Met
DES,DES_Thr453Ile,D10,B7A1R1_P1,B8A1R2_P1,DES,DES_Thr453Ile
DES,DES_Ala397Thr,F10,B7A1R1_P1,B8A1R2_P1,DES,DES_Ala397Thr
DES,DES_Glu413Lys,H10,B7A1R1_P1,B8A1R2_P1,DES,DES_Glu413Lys
ALK,ALK_Arg1275Gln,J10,B7A1R1_P1,B8A1R2_P1,ALK,ALK_Arg1275Gln
DES,DES_Pro419Ser,L10,B7A1R1_P1,B8A1R2_P1,DES,DES_Pro419Ser
DES,DES_Val469Met,N10,B7A1R1_P1,B8A1R2_P1,DES,DES_Val469Met
DES,DES_Ser46Tyr,P10,B7A1R1_P1,B8A1R2_P1,DES,DES_Ser46Tyr
DES,DES_Pro419Ser,B12,B7A1R1_P1,B8A1R2_P1,DES,DES_Pro419Ser
DES,DES_Leu274Pro,D12,B7A1R1_P1,B8A1R2_P1,DES,DES_Leu274Pro
DES,DES_Ser298Leu,F12,B7A1R1_P1,B8A1R2_P1,DES,DES_Ser298Leu
DES,DES_Ala337Pro,H12,B7A1R1_P1,B8A1R2_P1,DES,DES_Ala337Pro
DIABLO,DIABLO,J12,B7A1R1_P1,B8A1R2_P1,DIABLO,DIABLO
PTK2B,PTK2B,L12,B7A1R1_P1,B8A1R2_P1,,
DIABLO,DIABLO_Ser126Leu,N12,B7A1R1_P1,B8A1R2_P1,DIABLO,DIABLO_Ser126Leu
DIABLO,DIABLO_Ile59Val,P12,B7A1R1_P1,B8A1R2_P1,DIABLO,DIABLO_Ile59Val
DIABLO,DIABLO_Gly224Arg,B14,B7A1R1_P1,B8A1R2_P1,DIABLO,DIABLO_Gly224Arg
DIABLO,DIABLO_Ala3Gly,D14,B7A1R1_P1,B8A1R2_P1,DIABLO,DIABLO_Ala3Gly
DMC1,DMC1,F14,B7A1R1_P1,B8A1R2_P1,DMC1,DMC1
DOLK,DOLK,H14,B7A1R1_P1,B8A1R2_P1,DOLK,DOLK
DOLK,DOLK_Tyr441Ser,J14,B7A1R1_P1,B8A1R2_P1,DOLK,DOLK_Tyr441Ser
MAPK9,MAPK9,L14,B7A1R1_P1,B8A1R2_P1,MAPK9,MAPK9
DUSP23,DUSP23,N14,B7A1R1_P1,B8A1R2_P1,DUSP23,DUSP23
EFEMP1,EFEMP1,P14,B7A1R1_P1,B8A1R2_P1,EFEMP1,EFEMP1
EFHC1,EFHC1,B16,B7A1R1_P1,B8A1R2_P1,EFHC1,EFHC1
EFHC1,EFHC1_Phe229Leu,D16,B7A1R1_P1,B8A1R2_P1,EFHC1,EFHC1_Phe229Leu
EFHC1,EFHC1_Asp210Asn,F16,B7A1R1_P1,B8A1R2_P1,EFHC1,EFHC1_Asp210Asn
EFHC1,EFHC1_Ile174Val,H16,B7A1R1_P1,B8A1R2_P1,EFHC1,EFHC1_Ile174Val
RHEB,RHEB,J16,B7A1R1_P1,B8A1R2_P1,RHEB,RHEB
EFHC1,EFHC1_Asp253Tyr,L16,B7A1R1_P1,B8A1R2_P1,EFHC1,EFHC1_Asp253Tyr
EFHC1,EFHC1_Cys259Tyr,N16,B7A1R1_P1,B8A1R2_P1,EFHC1,EFHC1_Cys259Tyr
EFHC1,EFHC1_Met448Thr,P16,B7A1R1_P1,B8A1R2_P1,EFHC1,EFHC1_Met448Thr
EFHC1,EFHC1_Arg159Trp,B18,B7A1R1_P1,B8A1R2_P1,EFHC1,EFHC1_Arg159Trp
EIF2B1,EIF2B1,D18,B7A1R1_P1,B8A1R2_P1,EIF2B1,EIF2B1
EIF2B4,EIF2B4,F18,B7A1R1_P1,B8A1R2_P1,EIF2B4,EIF2B4
SLIRP,SLIRP,H18,B7A1R1_P1,B8A1R2_P1,SLIRP,SLIRP
EIF2B4,EIF2B4_Arg306Gly,J18,B7A1R1_P1,B8A1R2_P1,EIF2B4,EIF2B4_Arg306Gly
EIF2B4,EIF2B4_Ala228Val,L18,B7A1R1_P1,B8A1R2_P1,EIF2B4,EIF2B4_Ala228Val
EIF2B4,EIF2B4_Ala391Asp,N18,B7A1R1_P1,B8A1R2_P1,EIF2B4,EIF2B4_Ala391Asp
EMD,EMD,P18,B7A1R1_P1,B8A1R2_P1,EMD,EMD
EMD,EMD_Met1Val,B20,B7A1R1_P1,B8A1R2_P1,EMD,EMD_Met1Val
EMD,EMD_Ala56Thr,D20,B7A1R1_P1,B8A1R2_P1,EMD,EMD_Ala56Thr
PRKACB,PRKACB,F20,B7A1R1_P1,B8A1R2_P1,PRKACB,PRKACB
EMD,EMD_Ser54Phe,H20,B7A1R1_P1,B8A1R2_P1,EMD,EMD_Ser54Phe
EMD,EMD_Pro183Thr,J20,B7A1R1_P1,B8A1R2_P1,EMD,EMD_Pro183Thr
EMD,EMD_Pro183His,L20,B7A1R1_P1,B8A1R2_P1,EMD,EMD_Pro183His
EMD,EMD_Asp72Val,N20,B7A1R1_P1,B8A1R2_P1,EMD,EMD_Asp72Val
ERCC3,ERCC3,P20,B7A1R1_P1,B8A1R2_P1,ERCC3,ERCC3
ESR2,ESR2,B22,B7A1R1_P1,B8A1R2_P1,ESR2,ESR2
EXOC8,EXOC8,D22,B7A1R1_P1,B8A1R2_P1,EXOC8,EXOC8
EZH2,EZH2,F22,B7A1R1_P1,B8A1R2_P1,EZH2,EZH2
F10,F10,H22,B7A1R1_P1,B8A1R2_P1,F10,F10
FA2H,FA2H,J22,B7A1R1_P1,B8A1R2_P1,FA2H,FA2H
FA2H,FA2H_Arg62Cys,L22,B7A1R1_P1,B8A1R2_P1,FA2H,FA2H_Arg62Cys
FA2H,FA2H_Arg143Cys,N22,B7A1R1_P1,B8A1R2_P1,FA2H,FA2H_Arg143Cys
FA2H,FA2H_Phe144Ser,P22,B7A1R1_P1,B8A1R2_P1,FA2H,FA2H_Phe144Ser
FADD,FADD,B24,B7A1R1_P1,B8A1R2_P1,FADD,FADD
FADD,FADD_Cys105Trp,D24,B7A1R1_P1,B8A1R2_P1,FADD,FADD_Cys105Trp
FAM161A,FAM161A,F24,B7A1R1_P1,B8A1R2_P1,FAM161A,FAM161A
FAM161A,FAM161A_Leu269Arg,H24,B7A1R1_P1,B8A1R2_P1,FAM161A,FAM161A_Leu269Arg
FAM187A,FAM187A,J24,B7A1R1_P1,B8A1R2_P1,FAM187A,FAM187A
FASLG,FASLG,L24,B7A1R1_P1,B8A1R2_P1,FASLG,FASLG
FBP1,FBP1,N24,B7A1R1_P1,B8A1R2_P1,FBP1,FBP1
FBP1,FBP1_Ala177Asp,P24,B7A1R1_P1,B8A1R2_P1,FBP1,FBP1_Ala177Asp
FBP1,FBP1,A01,B7A1R1_P2,B8A1R2_P2,FBP1,FBP1
FBP1,FBP1_Pro284Arg,C01,B7A1R1_P2,B8A1R2_P2,FBP1,FBP1_Pro284Arg
FBP1,FBP1_Met289Leu,E01,B7A1R1_P2,B8A1R2_P2,FBP1,FBP1_Met289Leu
FBP1,FBP1_Asn273Ser,G01,B7A1R1_P2,B8A1R2_P2,FBP1,FBP1_Asn273Ser
FBP1,FBP1_Arg218Lys,I01,B7A1R1_P2,B8A1R2_P2,FBP1,FBP1_Arg218Lys
FBP1,FBP1_Phe233Ile,K01,B7A1R1_P2,B8A1R2_P2,FBP1,FBP1_Phe233Ile
FBP1,FBP1_Gly164Ser,M01,B7A1R1_P2,B8A1R2_P2,FBP1,FBP1_Gly164Ser
FBP1,FBP1_Phe194Ser,O01,B7A1R1_P2,B8A1R2_P2,FBP1,FBP1_Phe194Ser
FBP1,FBP1_Asn213Lys,A03,B7A1R1_P2,B8A1R2_P2,FBP1,FBP1_Asn213Lys
FBP1,FBP1_Gly260Arg,C03,B7A1R1_P2,B8A1R2_P2,FBP1,FBP1_Gly260Arg
FGD4,FGD4,E03,B7A1R1_P2,B8A1R2_P2,FGD4,FGD4
FGD4,FGD4_Arg194His,G03,B7A1R1_P2,B8A1R2_P2,FGD4,FGD4_Arg194His
FGF17,FGF17,I03,B7A1R1_P2,B8A1R2_P2,FGF17,FGF17
FKBP6,FKBP6_Arg202His,K03,B7A1R1_P2,B8A1R2_P2,FKBP6,FKBP6_Arg202His
FKBP6,FKBP6_Phe72Leu,M03,B7A1R1_P2,B8A1R2_P2,FKBP6,FKBP6_Phe72Leu
FOXD4,FOXD4,O03,B7A1R1_P2,B8A1R2_P2,FOXD4,FOXD4
FOXI1,FOXI1,A05,B7A1R1_P2,B8A1R2_P2,FOXI1,FOXI1
FOXP3,FOXP3_Gly52Val,C05,B7A1R1_P2,B8A1R2_P2,FOXP3,FOXP3_Gly52Val
,EGFP,E05,B7A1R1_P2,B8A1R2_P2,EGFP,EGFP
FOXP3,FOXP3_Ile363Val,G05,B7A1R1_P2,B8A1R2_P2,FOXP3,FOXP3_Ile363Val
FOXP3,FOXP3_Gln70His,I05,B7A1R1_P2,B8A1R2_P2,FOXP3,FOXP3_Gln70His
FOXP3,FOXP3_Pro187Leu,K05,B7A1R1_P2,B8A1R2_P2,FOXP3,FOXP3_Pro187Leu
FOXP3,FOXP3_Leu242Pro,M05,B7A1R1_P2,B8A1R2_P2,FOXP3,FOXP3_Leu242Pro
FTH1,FTH1,O05,B7A1R1_P2,B8A1R2_P2,FTH1,FTH1
FTH1,FTH1_Lys54Arg,A07,B7A1R1_P2,B8A1R2_P2,FTH1,FTH1_Lys54Arg
FUCA1,FUCA1,C07,B7A1R1_P2,B8A1R2_P2,FUCA1,FUCA1
FUZ,FUZ,E07,B7A1R1_P2,B8A1R2_P2,FUZ,FUZ
ALK,ALK,G07,B7A1R1_P2,B8A1R2_P2,,
FXN,FXN,I07,B7A1R1_P2,B8A1R2_P2,FXN,FXN
FXN,FXN_Met1Ile,K07,B7A1R1_P2,B8A1R2_P2,FXN,FXN_Met1Ile
FXN,FXN_Gly130Val,M07,B7A1R1_P2,B8A1R2_P2,FXN,FXN_Gly130Val
FXN,FXN_Trp173Gly,O07,B7A1R1_P2,B8A1R2_P2,FXN,FXN_Trp173Gly
GABRD,GABRD,A09,B7A1R1_P2,B8A1R2_P2,GABRD,GABRD
GAD1,GAD1,C09,B7A1R1_P2,B8A1R2_P2,GAD1,GAD1
GALE,GALE,E09,B7A1R1_P2,B8A1R2_P2,GALE,GALE
GALE,GALE_Arg169Trp,G09,B7A1R1_P2,B8A1R2_P2,GALE,GALE_Arg169Trp
ALK,ALK_Arg1275Gln,I09,B7A1R1_P2,B8A1R2_P2,ALK,ALK_Arg1275Gln
GALE,GALE_Asp103Gly,K09,B7A1R1_P2,B8A1R2_P2,GALE,GALE_Asp103Gly
GALE,GALE_Val94Met,M09,B7A1R1_P2,B8A1R2_P2,GALE,GALE_Val94Met
GALE,GALE_Lys257Arg,O09,B7A1R1_P2,B8A1R2_P2,GALE,GALE_Lys257Arg
GALE,GALE_Leu313Met,A11,B7A1R1_P2,B8A1R2_P2,GALE,GALE_Leu313Met
GALE,GALE_Arg239Trp,C11,B7A1R1_P2,B8A1R2_P2,GALE,GALE_Arg239Trp
GAMT,GAMT,E11,B7A1R1_P2,B8A1R2_P2,GAMT,GAMT
GAMT,GAMT_Ala196Val,G11,B7A1R1_P2,B8A1R2_P2,GAMT,GAMT_Ala196Val
GAMT,GAMT_Arg105Gln,I11,B7A1R1_P2,B8A1R2_P2,GAMT,GAMT_Arg105Gln
PTK2B,PTK2B,K11,B7A1R1_P2,B8A1R2_P2,,
GAMT,GAMT_Asp219Asn,M11,B7A1R1_P2,B8A1R2_P2,GAMT,GAMT_Asp219Asn
GATA2,GATA2,O11,B7A1R1_P2,B8A1R2_P2,GATA2,GATA2
GATA2,GATA2_Cys373Arg,A13,B7A1R1_P2,B8A1R2_P2,GATA2,GATA2_Cys373Arg
GATA2,GATA2_Pro41Ala,C13,B7A1R1_P2,B8A1R2_P2,GATA2,GATA2_Pro41Ala
GCK,GCK,E13,B7A1R1_P2,B8A1R2_P2,GCK,GCK
GCK,GCK_Met251Thr,G13,B7A1R1_P2,B8A1R2_P2,GCK,GCK_Met251Thr
GCK,GCK_Gly299Arg,I13,B7A1R1_P2,B8A1R2_P2,GCK,GCK_Gly299Arg
MAPK9,MAPK9,K13,B7A1R1_P2,B8A1R2_P2,MAPK9,MAPK9
GCK,GCK_Met381Arg,M13,B7A1R1_P2,B8A1R2_P2,GCK,GCK_Met381Arg
GCK,GCK_Gly44Asp,O13,B7A1R1_P2,B8A1R2_P2,GCK,GCK_Gly44Asp
GCK,GCK_Ala456Val,A15,B7A1R1_P2,B8A1R2_P2,GCK,GCK_Ala456Val
GCK,GCK_Arg303Trp,C15,B7A1R1_P2,B8A1R2_P2,GCK,GCK_Arg303Trp
GCK,GCK_Arg377His,E15,B7A1R1_P2,B8A1R2_P2,GCK,GCK_Arg377His
GCK,GCK_Gly385Arg,G15,B7A1R1_P2,B8A1R2_P2,GCK,GCK_Gly385Arg
RHEB,RHEB,I15,B7A1R1_P2,B8A1R2_P2,RHEB,RHEB
GCK,GCK_Ala387Glu,K15,B7A1R1_P2,B8A1R2_P2,GCK,GCK_Ala387Glu
GCK,GCK_Ala378Val,M15,B7A1R1_P2,B8A1R2_P2,GCK,GCK_Ala378Val
GCK,GCK_Val253Ala,O15,B7A1R1_P2,B8A1R2_P2,GCK,GCK_Val253Ala
GCK,GCK_Glu236Lys,A17,B7A1R1_P2,B8A1R2_P2,GCK,GCK_Glu236Lys
GCK,GCK_Glu221Lys,C17,B7A1R1_P2,B8A1R2_P2,GCK,GCK_Glu221Lys
GCK,GCK_Gly175Arg,E17,B7A1R1_P2,B8A1R2_P2,GCK,GCK_Gly175Arg
SLIRP,SLIRP,G17,B7A1R1_P2,B8A1R2_P2,SLIRP,SLIRP
GCM2,GCM2,I17,B7A1R1_P2,B8A1R2_P2,GCM2,GCM2
GCM2,GCM2_Gly63Ser,K17,B7A1R1_P2,B8A1R2_P2,GCM2,GCM2_Gly63Ser
GCM2,GCM2_Gly203Ser,M17,B7A1R1_P2,B8A1R2_P2,GCM2,GCM2_Gly203Ser
GCM2,GCM2_Arg47Leu,O17,B7A1R1_P2,B8A1R2_P2,GCM2,GCM2_Arg47Leu
GFAP,GFAP_Asn386Ile,A19,B7A1R1_P2,B8A1R2_P2,GFAP,GFAP_Asn386Ile
GFAP,GFAP_Met73Arg,C19,B7A1R1_P2,B8A1R2_P2,GFAP,GFAP_Met73Arg
PRKACB,PRKACB,E19,B7A1R1_P2,B8A1R2_P2,PRKACB,PRKACB
GFAP,GFAP_Met74Thr,G19,B7A1R1_P2,B8A1R2_P2,GFAP,GFAP_Met74Thr
GFAP,GFAP_Arg88Cys,I19,B7A1R1_P2,B8A1R2_P2,GFAP,GFAP_Arg88Cys
GFAP,GFAP_Leu235Pro,K19,B7A1R1_P2,B8A1R2_P2,GFAP,GFAP_Leu235Pro
GFAP,GFAP_Glu371Gly,M19,B7A1R1_P2,B8A1R2_P2,GFAP,GFAP_Glu371Gly
GFAP,GFAP_Arg79Ser,O19,B7A1R1_P2,B8A1R2_P2,GFAP,GFAP_Arg79Ser
GFAP,GFAP_Arg239Pro,A21,B7A1R1_P2,B8A1R2_P2,GFAP,GFAP_Arg239Pro
GFAP,GFAP_Arg79Cys,C21,B7A1R1_P2,B8A1R2_P2,GFAP,GFAP_Arg79Cys
GFAP,GFAP_Glu207Lys,E21,B7A1R1_P2,B8A1R2_P2,GFAP,GFAP_Glu207Lys
GFAP,GFAP_Asn77Ser,G21,B7A1R1_P2,B8A1R2_P2,GFAP,GFAP_Asn77Ser
GFAP,GFAP_Leu90Pro,I21,B7A1R1_P2,B8A1R2_P2,GFAP,GFAP_Leu90Pro
GFAP,GFAP_Lys279Glu,K21,B7A1R1_P2,B8A1R2_P2,GFAP,GFAP_Lys279Glu
GFAP,GFAP_Arg376Trp,M21,B7A1R1_P2,B8A1R2_P2,GFAP,GFAP_Arg376Trp
GFAP,GFAP_Lys236Thr,O21,B7A1R1_P2,B8A1R2_P2,GFAP,GFAP_Lys236Thr
GFAP,GFAP_Arg239Leu,A23,B7A1R1_P2,B8A1R2_P2,GFAP,GFAP_Arg239Leu
GFAP,GFAP_Tyr366Cys,C23,B7A1R1_P2,B8A1R2_P2,GFAP,GFAP_Tyr366Cys
GFAP,GFAP_Asp417Ala,E23,B7A1R1_P2,B8A1R2_P2,GFAP,GFAP_Asp417Ala
GFAP,GFAP_Glu371Val,G23,B7A1R1_P2,B8A1R2_P2,GFAP,GFAP_Glu371Val
GFAP,GFAP_Leu357Pro,I23,B7A1R1_P2,B8A1R2_P2,GFAP,GFAP_Leu357Pro
GFAP,GFAP_Ala364Pro,K23,B7A1R1_P2,B8A1R2_P2,GFAP,GFAP_Ala364Pro
GFAP,GFAP_Leu352Pro,M23,B7A1R1_P2,B8A1R2_P2,GFAP,GFAP_Leu352Pro
GFAP,GFAP_Glu210Lys,O23,B7A1R1_P2,B8A1R2_P2,GFAP,GFAP_Glu210Lys
GFAP,GFAP_Glu205Lys,A02,B7A1R1_P2,B8A1R2_P2,GFAP,GFAP_Glu205Lys
GFAP,GFAP_Asp295Asn,C02,B7A1R1_P2,B8A1R2_P2,GFAP,GFAP_Asp295Asn
GFAP,GFAP_Pro47Leu,E02,B7A1R1_P2,B8A1R2_P2,GFAP,GFAP_Pro47Leu
GLYCTK,GLYCTK,G02,B7A1R1_P2,B8A1R2_P2,GLYCTK,GLYCTK
GLYCTK,GLYCTK_Phe493Cys,I02,B7A1R1_P2,B8A1R2_P2,GLYCTK,GLYCTK_Phe493Cys
GLYCTK,GLYCTK_Thr394Ile,K02,B7A1R1_P2,B8A1R2_P2,GLYCTK,GLYCTK_Thr394Ile
GLYCTK,GLYCTK_His490Tyr,M02,B7A1R1_P2,B8A1R2_P2,GLYCTK,GLYCTK_His490Tyr
GMPPB,GMPPB,O02,B7A1R1_P2,B8A1R2_P2,GMPPB,GMPPB
GMPPB,GMPPB_Asp27His,A04,B7A1R1_P2,B8A1R2_P2,GMPPB,GMPPB_Asp27His
GMPPB,GMPPB_Pro22Ser,C04,B7A1R1_P2,B8A1R2_P2,GMPPB,GMPPB_Pro22Ser
GMPPB,GMPPB_Pro32Leu,E04,B7A1R1_P2,B8A1R2_P2,GMPPB,GMPPB_Pro32Leu
GNAI3,GNAI3,G04,B7A1R1_P2,B8A1R2_P2,GNAI3,GNAI3
GNE,GNE,I04,B7A1R1_P2,B8A1R2_P2,GNE,GNE
GOSR2,GOSR2,K04,B7A1R1_P2,B8A1R2_P2,GOSR2,GOSR2
GOSR2,GOSR2_Gly144Trp,M04,B7A1R1_P2,B8A1R2_P2,GOSR2,GOSR2_Gly144Trp
GRN,GRN,O04,B7A1R1_P2,B8A1R2_P2,GRN,GRN
GRN,GRN,A06,B7A1R1_P2,B8A1R2_P2,GRN,GRN
GRN,GRN_Cys105Arg,C06,B7A1R1_P2,B8A1R2_P2,GRN,GRN_Cys105Arg
,EGFP,E06,B7A1R1_P2,B8A1R2_P2,EGFP,EGFP
GRN,GRN_Thr182Met,G06,B7A1R1_P2,B8A1R2_P2,GRN,GRN_Thr182Met
GRN,GRN_Ser120Tyr,I06,B7A1R1_P2,B8A1R2_P2,GRN,GRN_Ser120Tyr
GRN,GRN_Ala324Thr,K06,B7A1R1_P2,B8A1R2_P2,GRN,GRN_Ala324Thr
GSS,GSS,M06,B7A1R1_P2,B8A1R2_P2,GSS,GSS
GSS,GSS_Pro314Leu,O06,B7A1R1_P2,B8A1R2_P2,GSS,GSS_Pro314Leu
GSS,GSS_Arg125Cys,A08,B7A1R1_P2,B8A1R2_P2,GSS,GSS_Arg125Cys
GSS,GSS_Arg283Cys,C08,B7A1R1_P2,B8A1R2_P2,GSS,GSS_Arg283Cys
GSTA2,GSTA2,E08,B7A1R1_P2,B8A1R2_P2,GSTA2,GSTA2
ALK,ALK,G08,B7A1R1_P2,B8A1R2_P2,,
GSTZ1,GSTZ1,I08,B7A1R1_P2,B8A1R2_P2,GSTZ1,GSTZ1
GYG1,GYG1,K08,B7A1R1_P2,B8A1R2_P2,GYG1,GYG1
GYG1,GYG1_Arg33Lys,M08,B7A1R1_P2,B8A1R2_P2,GYG1,GYG1_Arg33Lys
GYG1,GYG1_Ala16Thr,O08,B7A1R1_P2,B8A1R2_P2,GYG1,GYG1_Ala16Thr
GYPA,GYPA,A10,B7A1R1_P2,B8A1R2_P2,GYPA,GYPA
GYPA,GYPA_Arg50Trp,C10,B7A1R1_P2,B8A1R2_P2,GYPA,GYPA_Arg50Trp
GYPA,GYPA_Glu24Gly,E10,B7A1R1_P2,B8A1R2_P2,GYPA,GYPA_Glu24Gly
HBD,HBD,G10,B7A1R1_P2,B8A1R2_P2,HBD,HBD
ALK,ALK_Arg1275Gln,I10,B7A1R1_P2,B8A1R2_P2,ALK,ALK_Arg1275Gln
HBD,HBD_Leu76Val,K10,B7A1R1_P2,B8A1R2_P2,HBD,HBD_Leu76Val
HBD,HBD_Leu142Pro,M10,B7A1R1_P2,B8A1R2_P2,HBD,HBD_Leu142Pro
HBD,HBD_Asp100Asn,O10,B7A1R1_P2,B8A1R2_P2,HBD,HBD_Asp100Asn
HBD,HBD_Val99Met,A12,B7A1R1_P2,B8A1R2_P2,HBD,HBD_Val99Met
HBD,HBD_Gly26Asp,C12,B7A1R1_P2,B8A1R2_P2,HBD,HBD_Gly26Asp
HBD,HBD_Arg117Cys,E12,B7A1R1_P2,B8A1R2_P2,HBD,HBD_Arg117Cys
HBD,HBD_Glu44Gly,G12,B7A1R1_P2,B8A1R2_P2,HBD,HBD_Glu44Gly
HBD,HBD_Arg117His,I12,B7A1R1_P2,B8A1R2_P2,HBD,HBD_Arg117His
PTK2B,PTK2B,K12,B7A1R1_P2,B8A1R2_P2,,
HBD,HBD_His147Arg,M12,B7A1R1_P2,B8A1R2_P2,HBD,HBD_His147Arg
HBD,HBD_Arg105Ser,O12,B7A1R1_P2,B8A1R2_P2,HBD,HBD_Arg105Ser
HBD,HBD_Asn13Lys,A14,B7A1R1_P2,B8A1R2_P2,HBD,HBD_Asn13Lys
HBD,HBD_Asn58Lys,C14,B7A1R1_P2,B8A1R2_P2,HBD,HBD_Asn58Lys
HBD,HBD_Pro37His,E14,B7A1R1_P2,B8A1R2_P2,HBD,HBD_Pro37His
HBD,HBD_Leu89Val,G14,B7A1R1_P2,B8A1R2_P2,HBD,HBD_Leu89Val
HBD,HBD_Glu27Asp,I14,B7A1R1_P2,B8A1R2_P2,HBD,HBD_Glu27Asp
MAPK9,MAPK9,K14,B7A1R1_P2,B8A1R2_P2,MAPK9,MAPK9
HCFC1,HCFC1,M14,B7A1R1_P2,B8A1R2_P2,HCFC1,HCFC1
HGD,HGD_Ala48Ser,O14,B7A1R1_P2,B8A1R2_P2,HGD,HGD_Ala48Ser
HMBS,HMBS,A16,B7A1R1_P2,B8A1R2_P2,HMBS,HMBS
HPRT1,HPRT1,C16,B7A1R1_P2,B8A1R2_P2,HPRT1,HPRT1
HPRT1,HPRT1_Gly140Asp,E16,B7A1R1_P2,B8A1R2_P2,HPRT1,HPRT1_Gly140Asp
HPRT1,HPRT1_Leu41Pro,G16,B7A1R1_P2,B8A1R2_P2,HPRT1,HPRT1_Leu41Pro
RHEB,RHEB,I16,B7A1R1_P2,B8A1R2_P2,RHEB,RHEB
HPRT1,HPRT1_Asp194Glu,K16,B7A1R1_P2,B8A1R2_P2,HPRT1,HPRT1_Asp194Glu
HPRT1,HPRT1_Ala161Ser,M16,B7A1R1_P2,B8A1R2_P2,HPRT1,HPRT1_Ala161Ser
HPRT1,HPRT1_Phe199Val,O16,B7A1R1_P2,B8A1R2_P2,HPRT1,HPRT1_Phe199Val
HPRT1,HPRT1_His204Asp,A18,B7A1R1_P2,B8A1R2_P2,HPRT1,HPRT1_His204Asp
HPRT1,HPRT1_Gly70Glu,C18,B7A1R1_P2,B8A1R2_P2,HPRT1,HPRT1_Gly70Glu
HPRT1,HPRT1_Ile132Met,E18,B7A1R1_P2,B8A1R2_P2,HPRT1,HPRT1_Ile132Met
SLIRP,SLIRP,G18,B7A1R1_P2,B8A1R2_P2,SLIRP,SLIRP
HPRT1,HPRT1_Gly16Ser,I18,B7A1R1_P2,B8A1R2_P2,HPRT1,HPRT1_Gly16Ser
HPRT1,HPRT1_Ser104Arg,K18,B7A1R1_P2,B8A1R2_P2,HPRT1,HPRT1_Ser104Arg
HPRT1,HPRT1_Met143Lys,M18,B7A1R1_P2,B8A1R2_P2,HPRT1,HPRT1_Met143Lys
HPRT1,HPRT1_Asp201Gly,O18,B7A1R1_P2,B8A1R2_P2,HPRT1,HPRT1_Asp201Gly
HPRT1,HPRT1_Arg45Lys,A20,B7A1R1_P2,B8A1R2_P2,HPRT1,HPRT1_Arg45Lys
HPRT1,HPRT1_Gly71Arg,C20,B7A1R1_P2,B8A1R2_P2,HPRT1,HPRT1_Gly71Arg
PRKACB,PRKACB,E20,B7A1R1_P2,B8A1R2_P2,PRKACB,PRKACB
HPRT1,HPRT1_Phe74Leu,G20,B7A1R1_P2,B8A1R2_P2,HPRT1,HPRT1_Phe74Leu
HPRT1,HPRT1_Thr168Ile,I20,B7A1R1_P2,B8A1R2_P2,HPRT1,HPRT1_Thr168Ile
HPRT1,HPRT1_Pro176Leu,K20,B7A1R1_P2,B8A1R2_P2,HPRT1,HPRT1_Pro176Leu
HPRT1,HPRT1_Asp194Asn,M20,B7A1R1_P2,B8A1R2_P2,HPRT1,HPRT1_Asp194Asn
HPRT1,HPRT1_Asp177Tyr,O20,B7A1R1_P2,B8A1R2_P2,HPRT1,HPRT1_Asp177Tyr
HPRT1,HPRT1_Gly58Arg,A22,B7A1R1_P2,B8A1R2_P2,HPRT1,HPRT1_Gly58Arg
HPRT1,HPRT1_Asp80Val,C22,B7A1R1_P2,B8A1R2_P2,HPRT1,HPRT1_Asp80Val
HSPD1,HSPD1,E22,B7A1R1_P2,B8A1R2_P2,HSPD1,HSPD1
HTR1B,HTR1B,G22,B7A1R1_P2,B8A1R2_P2,HTR1B,HTR1B
ICAM1,ICAM1,I22,B7A1R1_P2,B8A1R2_P2,ICAM1,ICAM1
IER3IP1,IER3IP1,K22,B7A1R1_P2,B8A1R2_P2,IER3IP1,IER3IP1
IER3IP1,IER3IP1_Val21Gly,M22,B7A1R1_P2,B8A1R2_P2,IER3IP1,IER3IP1_Val21Gly
IER3IP1,IER3IP1_Leu78Pro,O22,B7A1R1_P2,B8A1R2_P2,IER3IP1,IER3IP1_Leu78Pro
IL10,IL10_Phe129Tyr,A24,B7A1R1_P2,B8A1R2_P2,IL10,IL10_Phe129Tyr
IL10,IL10_Gly15Arg,C24,B7A1R1_P2,B8A1R2_P2,IL10,IL10_Gly15Arg
IL2RG,IL2RG,E24,B7A1R1_P2,B8A1R2_P2,IL2RG,IL2RG
IL2RG,IL2RG_Tyr89Cys,G24,B7A1R1_P2,B8A1R2_P2,IL2RG,IL2RG_Tyr89Cys
IL2RG,IL2RG_Ser108Pro,I24,B7A1R1_P2,B8A1R2_P2,IL2RG,IL2RG_Ser108Pro
IL2RG,IL2RG_Trp237Arg,K24,B7A1R1_P2,B8A1R2_P2,IL2RG,IL2RG_Trp237Arg
IL2RG,IL2RG_Arg285Gln,M24,B7A1R1_P2,B8A1R2_P2,IL2RG,IL2RG_Arg285Gln
IL36RN,IL36RN_Leu27Pro,O24,B7A1R1_P2,B8A1R2_P2,IL36RN,IL36RN_Leu27Pro
IL36RN,IL36RN_Lys35Arg,B01,B7A1R1_P2,B8A1R2_P2,IL36RN,IL36RN_Lys35Arg
IL36RN,IL36RN_Ser113Leu,D01,B7A1R1_P2,B8A1R2_P2,IL36RN,IL36RN_Ser113Leu
IL36RN,IL36RN_Arg102Trp,F01,B7A1R1_P2,B8A1R2_P2,IL36RN,IL36RN_Arg102Trp
IL36RN,IL36RN_Thr123Arg,H01,B7A1R1_P2,B8A1R2_P2,IL36RN,IL36RN_Thr123Arg
ILK,ILK,J01,B7A1R1_P2,B8A1R2_P2,ILK,ILK
IMPDH1,IMPDH1_Asp275Asn,L01,B7A1R1_P2,B8A1R2_P2,IMPDH1,IMPDH1_Asp275Asn
IMPDH1,IMPDH1_Val317Ile,N01,B7A1R1_P2,B8A1R2_P2,IMPDH1,IMPDH1_Val317Ile
IMPDH1,IMPDH1_Arg154Trp,P01,B7A1R1_P2,B8A1R2_P2,IMPDH1,IMPDH1_Arg154Trp
IMPDH1,IMPDH1_Arg273Pro,B03,B7A1R1_P2,B8A1R2_P2,IMPDH1,IMPDH1_Arg273Pro
IMPDH2,IMPDH2,D03,B7A1R1_P2,B8A1R2_P2,IMPDH2,IMPDH2
INS,INS,F03,B7A1R1_P2,B8A1R2_P2,INS,INS
IRAK4,IRAK4,H03,B7A1R1_P2,B8A1R2_P2,IRAK4,IRAK4
IRAK4,IRAK4_Ala428Thr,J03,B7A1R1_P2,B8A1R2_P2,IRAK4,IRAK4_Ala428Thr
ITGB2,ITGB2,L03,B7A1R1_P2,B8A1R2_P2,ITGB2,ITGB2
ITGB2,ITGB2_Gly273Arg,N03,B7A1R1_P2,B8A1R2_P2,ITGB2,ITGB2_Gly273Arg
ITGB2,ITGB2_Cys590Arg,P03,B7A1R1_P2,B8A1R2_P2,ITGB2,ITGB2_Cys590Arg
KCNJ2,KCNJ2_Asp71Asn,B05,B7A1R1_P2,B8A1R2_P2,KCNJ2,KCNJ2_Asp71Asn
KCNJ2,KCNJ2_Val93Ile,D05,B7A1R1_P2,B8A1R2_P2,KCNJ2,KCNJ2_Val93Ile
,EGFP,F05,B7A1R1_P2,B8A1R2_P2,EGFP,EGFP
KCNJ2,KCNJ2_Met301Leu,H05,B7A1R1_P2,B8A1R2_P2,KCNJ2,KCNJ2_Met301Leu
KCNJ2,KCNJ2_Glu349Lys,J05,B7A1R1_P2,B8A1R2_P2,KCNJ2,KCNJ2_Glu349Lys
KCNJ2,KCNJ2_Asp71His,L05,B7A1R1_P2,B8A1R2_P2,KCNJ2,KCNJ2_Asp71His
KCNJ2,KCNJ2_His110Tyr,N05,B7A1R1_P2,B8A1R2_P2,KCNJ2,KCNJ2_His110Tyr
KCNJ2,KCNJ2_Gly215Asp,P05,B7A1R1_P2,B8A1R2_P2,KCNJ2,KCNJ2_Gly215Asp
KCNJ2,KCNJ2_Met301Val,B07,B7A1R1_P2,B8A1R2_P2,KCNJ2,KCNJ2_Met301Val
KCNJ2,KCNJ2_Lys364Arg,D07,B7A1R1_P2,B8A1R2_P2,KCNJ2,KCNJ2_Lys364Arg
KCNJ2,KCNJ2_Arg40Gln,F07,B7A1R1_P2,B8A1R2_P2,KCNJ2,KCNJ2_Arg40Gln
ALK,ALK,H07,B7A1R1_P2,B8A1R2_P2,,
KCNJ2,KCNJ2_Thr75Arg,J07,B7A1R1_P2,B8A1R2_P2,KCNJ2,KCNJ2_Thr75Arg
KCNJ2,KCNJ2_Ala115Val,L07,B7A1R1_P2,B8A1R2_P2,KCNJ2,KCNJ2_Ala115Val
KCNJ2,KCNJ2_Ile258Thr,N07,B7A1R1_P2,B8A1R2_P2,KCNJ2,KCNJ2_Ile258Thr
KCNJ2,KCNJ2_Val302Met,P07,B7A1R1_P2,B8A1R2_P2,KCNJ2,KCNJ2_Val302Met
KCNJ2,KCNJ2_Thr400Met,B09,B7A1R1_P2,B8A1R2_P2,KCNJ2,KCNJ2_Thr400Met
KCNJ2,KCNJ2_Arg40Pro,D09,B7A1R1_P2,B8A1R2_P2,KCNJ2,KCNJ2_Arg40Pro
KCNJ2,KCNJ2_Thr75Met,F09,B7A1R1_P2,B8A1R2_P2,KCNJ2,KCNJ2_Thr75Met
KCNJ2,KCNJ2_Thr139Ile,H09,B7A1R1_P2,B8A1R2_P2,KCNJ2,KCNJ2_Thr139Ile
ALK,ALK_Arg1275Gln,J09,B7A1R1_P2,B8A1R2_P2,ALK,ALK_Arg1275Gln
KCNJ2,KCNJ2_Arg260Pro,L09,B7A1R1_P2,B8A1R2_P2,KCNJ2,KCNJ2_Arg260Pro
KCNJ2,KCNJ2_Arg312His,N09,B7A1R1_P2,B8A1R2_P2,KCNJ2,KCNJ2_Arg312His
KCNJ2,KCNJ2_Asn410Ser,P09,B7A1R1_P2,B8A1R2_P2,KCNJ2,KCNJ2_Asn410Ser
KCNJ2,KCNJ2_Arg67Trp,B11,B7A1R1_P2,B8A1R2_P2,KCNJ2,KCNJ2_Arg67Trp
KCNJ2,KCNJ2_Cys76Gly,D11,B7A1R1_P2,B8A1R2_P2,KCNJ2,KCNJ2_Cys76Gly
KCNJ2,KCNJ2_Asp172Asn,F11,B7A1R1_P2,B8A1R2_P2,KCNJ2,KCNJ2_Asp172Asn
KCNJ2,KCNJ2_Ile269Lys,H11,B7A1R1_P2,B8A1R2_P2,KCNJ2,KCNJ2_Ile269Lys
KCNJ2,KCNJ2_Asn318Ser,J11,B7A1R1_P2,B8A1R2_P2,KCNJ2,KCNJ2_Asn318Ser
PTK2B,PTK2B,L11,B7A1R1_P2,B8A1R2_P2,,
KCNJ2,KCNJ2_Pro415Leu,N11,B7A1R1_P2,B8A1R2_P2,KCNJ2,KCNJ2_Pro415Leu
KCNJ2,KCNJ2_Arg67Gln,P11,B7A1R1_P2,B8A1R2_P2,KCNJ2,KCNJ2_Arg67Gln
KCNJ2,KCNJ2_Asp78Gly,B13,B7A1R1_P2,B8A1R2_P2,KCNJ2,KCNJ2_Asp78Gly
KCNJ2,KCNJ2_Pro186Leu,D13,B7A1R1_P2,B8A1R2_P2,KCNJ2,KCNJ2_Pro186Leu
KCNJ2,KCNJ2_Asp274Val,F13,B7A1R1_P2,B8A1R2_P2,KCNJ2,KCNJ2_Asp274Val
KCNJ2,KCNJ2_Trp322Cys,H13,B7A1R1_P2,B8A1R2_P2,KCNJ2,KCNJ2_Trp322Cys
KCNJ2,KCNJ2_Ala70Thr,J13,B7A1R1_P2,B8A1R2_P2,KCNJ2,KCNJ2_Ala70Thr
MAPK9,MAPK9,L13,B7A1R1_P2,B8A1R2_P2,MAPK9,MAPK9
KCNJ2,KCNJ2_Arg82Gln,N13,B7A1R1_P2,B8A1R2_P2,KCNJ2,KCNJ2_Arg82Gln
KCNJ2,KCNJ2_Arg189Lys,P13,B7A1R1_P2,B8A1R2_P2,KCNJ2,KCNJ2_Arg189Lys
KCNJ2,KCNJ2_Val295Ala,B15,B7A1R1_P2,B8A1R2_P2,KCNJ2,KCNJ2_Val295Ala
KCNJ2,KCNJ2_Arg325Cys,D15,B7A1R1_P2,B8A1R2_P2,KCNJ2,KCNJ2_Arg325Cys
KCNJ2,KCNJ2_Ala70Ser,F15,B7A1R1_P2,B8A1R2_P2,KCNJ2,KCNJ2_Ala70Ser
KCNJ2,KCNJ2_Val86Phe,H15,B7A1R1_P2,B8A1R2_P2,KCNJ2,KCNJ2_Val86Phe
RHEB,RHEB,J15,B7A1R1_P2,B8A1R2_P2,RHEB,RHEB
KCNJ2,KCNJ2_Arg189Ile,L15,B7A1R1_P2,B8A1R2_P2,KCNJ2,KCNJ2_Arg189Ile
KCNJ2,KCNJ2_Gly300Asp,N15,B7A1R1_P2,B8A1R2_P2,KCNJ2,KCNJ2_Gly300Asp
KCNJ2,KCNJ2_Tyr326Asn,P15,B7A1R1_P2,B8A1R2_P2,KCNJ2,KCNJ2_Tyr326Asn
KCNV2,KCNV2,B17,B7A1R1_P2,B8A1R2_P2,KCNV2,KCNV2
KCTD1,KCTD1,D17,B7A1R1_P2,B8A1R2_P2,KCTD1,KCTD1
KCTD1,KCTD1_His74Pro,F17,B7A1R1_P2,B8A1R2_P2,KCTD1,KCTD1_His74Pro
SLIRP,SLIRP,H17,B7A1R1_P2,B8A1R2_P2,SLIRP,SLIRP
KCTD1,KCTD1_His33Pro,J17,B7A1R1_P2,B8A1R2_P2,KCTD1,KCTD1_His33Pro
KCTD1,KCTD1_His33Gln,L17,B7A1R1_P2,B8A1R2_P2,KCTD1,KCTD1_His33Gln
KCTD1,KCTD1_Gly62Asp,N17,B7A1R1_P2,B8A1R2_P2,KCTD1,KCTD1_Gly62Asp
KCTD1,KCTD1_Ala30Glu,P17,B7A1R1_P2,B8A1R2_P2,KCTD1,KCTD1_Ala30Glu
KCTD1,KCTD1_Val248Ile,B19,B7A1R1_P2,B8A1R2_P2,KCTD1,KCTD1_Val248Ile
KCTD7,KCTD7,D19,B7A1R1_P2,B8A1R2_P2,KCTD7,KCTD7
PRKACB,PRKACB,F19,B7A1R1_P2,B8A1R2_P2,PRKACB,PRKACB
KCTD7,KCTD7_Asn273Ile,H19,B7A1R1_P2,B8A1R2_P2,KCTD7,KCTD7_Asn273Ile
KCTD7,KCTD7_Arg94Trp,J19,B7A1R1_P2,B8A1R2_P2,KCTD7,KCTD7_Arg94Trp
KCTD7,KCTD7_Leu108Met,L19,B7A1R1_P2,B8A1R2_P2,KCTD7,KCTD7_Leu108Met
KCTD7,KCTD7_Asp115Tyr,N19,B7A1R1_P2,B8A1R2_P2,KCTD7,KCTD7_Asp115Tyr
KCTD7,KCTD7_Arg184Cys,P19,B7A1R1_P2,B8A1R2_P2,KCTD7,KCTD7_Arg184Cys
KEL,KEL,B21,B7A1R1_P2,B8A1R2_P2,KEL,KEL
KHK,KHK,D21,B7A1R1_P2,B8A1R2_P2,KHK,KHK
KLHL10,KLHL10,F21,B7A1R1_P2,B8A1R2_P2,KLHL10,KLHL10
KLHL3,KLHL3,H21,B7A1R1_P2,B8A1R2_P2,KLHL3,KLHL3
KLHL3,KLHL3_Ala77Glu,J21,B7A1R1_P2,B8A1R2_P2,KLHL3,KLHL3_Ala77Glu
KLHL3,KLHL3_Met78Val,L21,B7A1R1_P2,B8A1R2_P2,KLHL3,KLHL3_Met78Val
KLHL3,KLHL3_Glu85Ala,N21,B7A1R1_P2,B8A1R2_P2,KLHL3,KLHL3_Glu85Ala
KLHL3,KLHL3_Cys164Phe,P21,B7A1R1_P2,B8A1R2_P2,KLHL3,KLHL3_Cys164Phe
KRT1,KRT1,B23,B7A1R1_P2,B8A1R2_P2,KRT1,KRT1
KRT2,KRT2,D23,B7A1R1_P2,B8A1R2_P2,KRT2,KRT2
KRT2,KRT2_Asn186Tyr,F23,B7A1R1_P2,B8A1R2_P2,KRT2,KRT2_Asn186Tyr
KRT2,KRT2_Glu476Val,H23,B7A1R1_P2,B8A1R2_P2,KRT2,KRT2_Glu476Val
KRT2,KRT2_Glu488Lys,J23,B7A1R1_P2,B8A1R2_P2,KRT2,KRT2_Glu488Lys
KRT2,KRT2_Thr479Pro,L23,B7A1R1_P2,B8A1R2_P2,KRT2,KRT2_Thr479Pro
KRT2,KRT2_Gly219Asp,N23,B7A1R1_P2,B8A1R2_P2,KRT2,KRT2_Gly219Asp
KRT4,KRT4,P23,B7A1R1_P2,B8A1R2_P2,KRT4,KRT4
KRT4,KRT4_Glu449Lys,B02,B7A1R1_P2,B8A1R2_P2,KRT4,KRT4_Glu449Lys
KRT5,KRT5,D02,B7A1R1_P2,B8A1R2_P2,KRT5,KRT5
KRT5,KRT5_Arg331His,F02,B7A1R1_P2,B8A1R2_P2,KRT5,KRT5_Arg331His
KRT5,KRT5_Lys404Glu,H02,B7A1R1_P2,B8A1R2_P2,KRT5,KRT5_Lys404Glu
KRT5,KRT5_Gly476Asp,J02,B7A1R1_P2,B8A1R2_P2,KRT5,KRT5_Gly476Asp
KRT6A,KRT6A,L02,B7A1R1_P2,B8A1R2_P2,KRT6A,KRT6A
KRT6A,KRT6A_Asn171Thr,N02,B7A1R1_P2,B8A1R2_P2,KRT6A,KRT6A_Asn171Thr
KRT6A,KRT6A_Glu163Lys,P02,B7A1R1_P2,B8A1R2_P2,KRT6A,KRT6A_Glu163Lys
KRT6A,KRT6A_Asn171Ser,B04,B7A1R1_P2,B8A1R2_P2,KRT6A,KRT6A_Asn171Ser
KRT6A,KRT6A_Ser176Pro,D04,B7A1R1_P2,B8A1R2_P2,KRT6A,KRT6A_Ser176Pro
KRT6A,KRT6A_Leu468Pro,F04,B7A1R1_P2,B8A1R2_P2,KRT6A,KRT6A_Leu468Pro
KRT6A,KRT6A_Glu472Lys,H04,B7A1R1_P2,B8A1R2_P2,KRT6A,KRT6A_Glu472Lys
KRT6A,KRT6A_Ile178Asn,J04,B7A1R1_P2,B8A1R2_P2,KRT6A,KRT6A_Ile178Asn
KRT6A,KRT6A_Glu461Lys,L04,B7A1R1_P2,B8A1R2_P2,KRT6A,KRT6A_Glu461Lys
KRT6A,KRT6A_Ile462Asn,N04,B7A1R1_P2,B8A1R2_P2,KRT6A,KRT6A_Ile462Asn
KRT6A,KRT6A_Gln166Pro,P04,B7A1R1_P2,B8A1R2_P2,KRT6A,KRT6A_Gln166Pro
KRT6A,KRT6A_Leu170Phe,B06,B7A1R1_P2,B8A1R2_P2,KRT6A,KRT6A_Leu170Phe
KRT6A,KRT6A,D06,B7A1R1_P2,B8A1R2_P2,KRT6A,KRT6A_Arg164Pro
,EGFP,F06,B7A1R1_P2,B8A1R2_P2,EGFP,EGFP
KRT6A,KRT6A_Arg164Pro,H06,B7A1R1_P2,B8A1R2_P2,KRT6A,KRT6A_Asn171Asp
KRT6A,KRT6A_Asn171Asp,J06,B7A1R1_P2,B8A1R2_P2,,
KRT6A,KRT6A_Glu472Asp,L06,B7A1R1_P2,B8A1R2_P2,,
KRT6A,KRT6A_Ile167Ser,N06,B7A1R1_P2,B8A1R2_P2,KRT6A,KRT6A_Leu468Gln
KRT6A,KRT6A_Leu468Gln,P06,B7A1R1_P2,B8A1R2_P2,KRT6A,KRT6A_Asn21Ser
KRT6A,KRT6A_Asn21Ser,B08,B7A1R1_P2,B8A1R2_P2,KRT6A,KRT6A_Thr552Ser
KRT6A,KRT6A_Phe249Leu,D08,B7A1R1_P2,B8A1R2_P2,KRT6A,KRT6A_Thr552Ser
KRT6A,KRT6A_Thr552Ser,F08,B7A1R1_P2,B8A1R2_P2,KRT6A,KRT6A_Val523Phe
ALK,ALK,H08,B7A1R1_P2,B8A1R2_P2,,
KRT6A,KRT6A_Val523Phe,J08,B7A1R1_P2,B8A1R2_P2,KRT8,KRT8
KRT8,KRT8,L08,B7A1R1_P2,B8A1R2_P2,KRT8,KRT8
KRT8,KRT8,N08,B7A1R1_P2,B8A1R2_P2,KRT8,KRT8_Gly62Cys
KRT8,KRT8_Gly62Cys,P08,B7A1R1_P2,B8A1R2_P2,KRT8,KRT8_Gly434Ser
KRT8,KRT8_Gly434Ser,B10,B7A1R1_P2,B8A1R2_P2,KRT8,KRT8_Ile63Val
KRT8,KRT8_Ile63Val,D10,B7A1R1_P2,B8A1R2_P2,KRT8,KRT8_Gly53Val
KRT8,KRT8_Gly53Val,F10,B7A1R1_P2,B8A1R2_P2,KRT8,KRT8_Gly55Ala
KRT8,KRT8_Gly55Ala,H10,B7A1R1_P2,B8A1R2_P2,KRT8,KRT8_Arg454Cys
ALK,ALK_Arg1275Gln,J10,B7A1R1_P2,B8A1R2_P2,ALK,ALK_Arg1275Gln
KRT8,KRT8_Arg454Cys,L10,B7A1R1_P2,B8A1R2_P2,KRT8,KRT8_Tyr54His
KRT8,KRT8_Tyr54His,N10,B7A1R1_P2,B8A1R2_P2,KRT83,KRT83_Glu407Lys
KRT83,KRT83,P10,B7A1R1_P2,B8A1R2_P2,KRT83,KRT83_Glu407Lys
KRT83,KRT83_Glu407Lys,B12,B7A1R1_P2,B8A1R2_P2,KRT86,KRT86
KRT86,KRT86,D12,B7A1R1_P2,B8A1R2_P2,KRT86,KRT86_Asn114Asp
KRT86,KRT86_Asn114Asp,F12,B7A1R1_P2,B8A1R2_P2,KRT86,KRT86_Ala118Glu
KRT86,KRT86_Ala118Glu,H12,B7A1R1_P2,B8A1R2_P2,,
KRT86,KRT86_Glu402Gln,J12,B7A1R1_P2,B8A1R2_P2,KRT86,KRT86_Glu413Lys
PTK2B,PTK2B,L12,B7A1R1_P2,B8A1R2_P2,,
KRT86,KRT86_Glu413Lys,N12,B7A1R1_P2,B8A1R2_P2,KRT86,KRT86_Asn114His
KRT86,KRT86_Asn114His,P12,B7A1R1_P2,B8A1R2_P2,LDHB,LDHB
LDHB,LDHB,B14,B7A1R1_P2,B8A1R2_P2,LDHB,LDHB_Lys7Glu
LDHB,LDHB_Lys7Glu,D14,B7A1R1_P2,B8A1R2_P2,LDHB,LDHB_Arg158Cys
LDHB,LDHB_Arg158Cys,F14,B7A1R1_P2,B8A1R2_P2,LDHB,LDHB_Arg172His
LDHB,LDHB_Arg172His,H14,B7A1R1_P2,B8A1R2_P2,LDHB,LDHB_Trp325Arg
LDHB,LDHB_Trp325Arg,J14,B7A1R1_P2,B8A1R2_P2,LDLRAP1,LDLRAP1
MAPK9,MAPK9,L14,B7A1R1_P2,B8A1R2_P2,MAPK9,MAPK9
LDLRAP1,LDLRAP1,N14,B7A1R1_P2,B8A1R2_P2,LHFPL5,LHFPL5
LHFPL5,LHFPL5,P14,B7A1R1_P2,B8A1R2_P2,LIG4,LIG4
LIG4,LIG4,B16,B7A1R1_P2,B8A1R2_P2,LIG4,LIG4_Ala857Thr
LIG4,LIG4_Ala857Thr,D16,B7A1R1_P2,B8A1R2_P2,LIG4,LIG4_Thr9Ile
LIG4,LIG4_Thr9Ile,F16,B7A1R1_P2,B8A1R2_P2,,
LITAF,LITAF,H16,B7A1R1_P2,B8A1R2_P2,LITAF,LITAF_Pro135Arg
RHEB,RHEB,J16,B7A1R1_P2,B8A1R2_P2,,
LITAF,LITAF_Pro135Arg,L16,B7A1R1_P2,B8A1R2_P2,,
LITAF,LITAF_Thr115Asn,N16,B7A1R1_P2,B8A1R2_P2,LITAF,LITAF_Pro39Ser
LITAF,LITAF_Pro39Ser,P16,B7A1R1_P2,B8A1R2_P2,LITAF,LITAF_Pro135Ser
LITAF,LITAF_Pro135Ser,B18,B7A1R1_P2,B8A1R2_P2,LITAF,LITAF_Gly112Ser
LITAF,LITAF_Gly112Ser,D18,B7A1R1_P2,B8A1R2_P2,LITAF,LITAF_Pro34Thr
LITAF,LITAF_Pro34Thr,F18,B7A1R1_P2,B8A1R2_P2,LITAF,LITAF_Pro135Thr
SLIRP,SLIRP,H18,B7A1R1_P2,B8A1R2_P2,,
LITAF,LITAF_Pro135Thr,J18,B7A1R1_P2,B8A1R2_P2,LITAF,LITAF_Ala111Gly
LITAF,LITAF_Ala111Gly,L18,B7A1R1_P2,B8A1R2_P2,LITAF,LITAF_Asn30Tyr
LITAF,LITAF_Asn30Tyr,N18,B7A1R1_P2,B8A1R2_P2,LITAF,LITAF_Gly130Ser
LITAF,LITAF_Gly130Ser,P18,B7A1R1_P2,B8A1R2_P2,LITAF,LITAF_Pro84Leu
LITAF,LITAF_Pro84Leu,B20,B7A1R1_P2,B8A1R2_P2,LITAF,LITAF_Ser15Leu
LITAF,LITAF_Ser15Leu,D20,B7A1R1_P2,B8A1R2_P2,LITAF,LITAF_Ala129Val
PRKACB,PRKACB,F20,B7A1R1_P2,B8A1R2_P2,PRKACB,PRKACB
LITAF,LITAF_Ala129Val,H20,B7A1R1_P2,B8A1R2_P2,LITAF,LITAF_Val81Met
LITAF,LITAF_Val81Met,J20,B7A1R1_P2,B8A1R2_P2,LITAF,LITAF_Arg160His
LITAF,LITAF_Arg160His,L20,B7A1R1_P2,B8A1R2_P2,LITAF,LITAF_Leu122Val
LITAF,LITAF_Leu122Val,N20,B7A1R1_P2,B8A1R2_P2,LITAF,LITAF_Gly53Ala
LITAF,LITAF_Gly53Ala,P20,B7A1R1_P2,B8A1R2_P2,LITAF,LITAF_Val144Met
LITAF,LITAF_Val144Met,B22,B7A1R1_P2,B8A1R2_P2,LITAF,LITAF_Ser118Pro
LITAF,LITAF_Ser118Pro,D22,B7A1R1_P2,B8A1R2_P2,,
LITAF,LITAF_Phe136Leu,F22,B7A1R1_P2,B8A1R2_P2,,
LITAF,LITAF_Trp116Gly,H22,B7A1R1_P2,B8A1R2_P2,LITAF,LITAF_Thr49Met
LITAF,LITAF_Thr49Met,J22,B7A1R1_P2,B8A1R2_P2,LITAF,LITAF_Thr115Asn
LITAF,LITAF_Thr115Asn,L22,B7A1R1_P2,B8A1R2_P2,LITAF,LITAF_Leu122Val
LITAF,LITAF_Leu122Val,N22,B7A1R1_P2,B8A1R2_P2,LITAF,LITAF_Ile92Val
LITAF,LITAF_Ile92Val,P22,B7A1R1_P2,B8A1R2_P2,LRRC6,LRRC6
LRRC6,LRRC6,B24,B7A1R1_P2,B8A1R2_P2,LRRC6,LRRC6_Ala74Pro
LRRC6,LRRC6_Ala74Pro,D24,B7A1R1_P2,B8A1R2_P2,LRRC6,LRRC6_Asp146His
LRRC6,LRRC6_Asp146His,F24,B7A1R1_P2,B8A1R2_P2,MAP2K1,MAP2K1
MAP2K1,MAP2K1,H24,B7A1R1_P2,B8A1R2_P2,MAP2K2,MAP2K2
MAP2K2,MAP2K2,J24,B7A1R1_P2,B8A1R2_P2,MAP2K2,MAP2K2_Thr17Ala
MAP2K2,MAP2K2_Thr17Ala,L24,B7A1R1_P2,B8A1R2_P2,MAX,MAX
MAX,MAX,N24,B7A1R1_P2,B8A1R2_P2,MCEE,MCEE
MCEE,MCEE,P24,B7A1R1_P2,B8A1R2_P2,NAA10,NAA10_Arg195Cys
MCEE,MCEE,A01,B7A1R1_P3,B8A1R2_P3,MCEE,MCEE
MCEE,MCEE_Ala76Val,C01,B7A1R1_P3,B8A1R2_P3,MCEE,MCEE_Ala76Val
MCEE,MCEE_Arg143Cys,E01,B7A1R1_P3,B8A1R2_P3,MCEE,MCEE_Arg143Cys
MCEE,MCEE_Arg143His,G01,B7A1R1_P3,B8A1R2_P3,MCEE,MCEE_Arg143His
MCOLN1,MCOLN1,I01,B7A1R1_P3,B8A1R2_P3,MCOLN1,MCOLN1
MID1,MID1,K01,B7A1R1_P3,B8A1R2_P3,MID1,MID1
MID1,MID1_Leu295Pro,M01,B7A1R1_P3,B8A1R2_P3,MID1,MID1_Leu295Pro
MINPP1,MINPP1,O01,B7A1R1_P3,B8A1R2_P3,MINPP1,MINPP1
MIP,MIP,A03,B7A1R1_P3,B8A1R2_P3,MIP,MIP
MIP,MIP_Val67Ile,C03,B7A1R1_P3,B8A1R2_P3,MIP,MIP_Val67Ile
MIP,MIP_Val107Ile,E03,B7A1R1_P3,B8A1R2_P3,MIP,MIP_Val107Ile
MLH1,MLH1,G03,B7A1R1_P3,B8A1R2_P3,MLH1,MLH1
MLH1,MLH1_Ile36Asn,I03,B7A1R1_P3,B8A1R2_P3,MLH1,MLH1_Ile36Asn
MLH1,MLH1_Ile36Met,K03,B7A1R1_P3,B8A1R2_P3,MLH1,MLH1_Ile36Met
MLH1,MLH1_Asn38His,M03,B7A1R1_P3,B8A1R2_P3,MLH1,MLH1_Asn38His
MLH1,MLH1_Asn38Lys,O03,B7A1R1_P3,B8A1R2_P3,MLH1,MLH1_Asn38Lys
MLH1,MLH1_Cys39Tyr,A05,B7A1R1_P3,B8A1R2_P3,MLH1,MLH1_Cys39Tyr
MLH1,MLH1_Pro28Leu,C05,B7A1R1_P3,B8A1R2_P3,MLH1,MLH1_Pro28Leu
,EGFP,E05,B7A1R1_P3,B8A1R2_P3,EGFP,EGFP
MLH1,MLH1_Ala29Gly,G05,B7A1R1_P3,B8A1R2_P3,MLH1,MLH1_Ala29Gly
MLH1,MLH1_Cys39Phe,I05,B7A1R1_P3,B8A1R2_P3,MLH1,MLH1_Cys39Phe
MLH1,MLH1_Leu653Pro,K05,B7A1R1_P3,B8A1R2_P3,MLH1,MLH1_Leu653Pro
MLH1,MLH1_Val716Met,M05,B7A1R1_P3,B8A1R2_P3,MLH1,MLH1_Val716Met
MLH1,MLH1_Pro747Ser,O05,B7A1R1_P3,B8A1R2_P3,MLH1,MLH1_Pro747Ser
MLH1,MLH1_His318Gln,A07,B7A1R1_P3,B8A1R2_P3,MLH1,MLH1_His318Gln
MLH1,MLH1_Ser508Arg,C07,B7A1R1_P3,B8A1R2_P3,MLH1,MLH1_Ser508Arg
MLH1,MLH1_Lys670Arg,E07,B7A1R1_P3,B8A1R2_P3,MLH1,MLH1_Lys670Arg
ALK,ALK,G07,B7A1R1_P3,B8A1R2_P3,,
MLH1,MLH1_Cys680Arg,I07,B7A1R1_P3,B8A1R2_P3,MLH1,MLH1_Cys680Arg
MLH1,MLH1_Leu582Val,K07,B7A1R1_P3,B8A1R2_P3,MLH1,MLH1_Leu582Val
MLH1,MLH1_Ala681Thr,M07,B7A1R1_P3,B8A1R2_P3,MLH1,MLH1_Ala681Thr
MLH1,MLH1_Lys618Arg,O07,B7A1R1_P3,B8A1R2_P3,MLH1,MLH1_Lys618Arg
MLH1,MLH1_Ala681Val,A09,B7A1R1_P3,B8A1R2_P3,MLH1,MLH1_Ala681Val
MLH1,MLH1_Gln701His,C09,B7A1R1_P3,B8A1R2_P3,MLH1,MLH1_Gln701His
MLH1,MLH1_Leu73Arg,E09,B7A1R1_P3,B8A1R2_P3,MLH1,MLH1_Leu73Arg
MLH1,MLH1_Ile36Asn,G09,B7A1R1_P3,B8A1R2_P3,MLH1,MLH1_Ile36Asn
ALK,ALK_Arg1275Gln,I09,B7A1R1_P3,B8A1R2_P3,ALK,ALK_Arg1275Gln
MLH1,MLH1_Pro640Ser,K09,B7A1R1_P3,B8A1R2_P3,MLH1,MLH1_Pro640Ser
MLH1,MLH1_Ala160Val,M09,B7A1R1_P3,B8A1R2_P3,MLH1,MLH1_Ala160Val
MLH1,MLH1_Val185Gly,O09,B7A1R1_P3,B8A1R2_P3,MLH1,MLH1_Val185Gly
MLH1,MLH1_Asp41His,A11,B7A1R1_P3,B8A1R2_P3,MLH1,MLH1_Asp41His
MLH1,MLH1_Ser295Thr,C11,B7A1R1_P3,B8A1R2_P3,MLH1,MLH1_Ser295Thr
MLH1,MLH1_Asp304Gly,E11,B7A1R1_P3,B8A1R2_P3,MLH1,MLH1_Asp304Gly
MLH1,MLH1_Asp485Glu,G11,B7A1R1_P3,B8A1R2_P3,MLH1,MLH1_Asp485Glu
MLH1,MLH1_Lys751Arg,I11,B7A1R1_P3,B8A1R2_P3,MLH1,MLH1_Lys751Arg
PTK2B,PTK2B,K11,B7A1R1_P3,B8A1R2_P3,,
MLH1,MLH1_Gly147Arg,M11,B7A1R1_P3,B8A1R2_P3,MLH1,MLH1_Gly147Arg
MLH1,MLH1_Ser44Phe,O11,B7A1R1_P3,B8A1R2_P3,MLH1,MLH1_Ser44Phe
MLH1,MLH1_Gly244Asp,A13,B7A1R1_P3,B8A1R2_P3,MLH1,MLH1_Gly244Asp
MLH1,MLH1_Ala586Asp,C13,B7A1R1_P3,B8A1R2_P3,MLH1,MLH1_Ala586Asp
MMP14,MMP14,E13,B7A1R1_P3,B8A1R2_P3,MMP14,MMP14
MPG,MPG,G13,B7A1R1_P3,B8A1R2_P3,MPG,MPG
MSH2,MSH2,I13,B7A1R1_P3,B8A1R2_P3,MSH2,MSH2
MAPK9,MAPK9,K13,B7A1R1_P3,B8A1R2_P3,MAPK9,MAPK9
MSH2,MSH2_Arg96His,M13,B7A1R1_P3,B8A1R2_P3,MSH2,MSH2_Arg96His
MSRB3,MSRB3_Cys82Gly,O13,B7A1R1_P3,B8A1R2_P3,MSRB3,MSRB3_Cys82Gly
MTNR1A,MTNR1A,A15,B7A1R1_P3,B8A1R2_P3,MTNR1A,MTNR1A
MVK,MVK,C15,B7A1R1_P3,B8A1R2_P3,MVK,MVK
MVK,MVK_Ser52Asn,E15,B7A1R1_P3,B8A1R2_P3,MVK,MVK_Ser52Asn
MVK,MVK_Pro200Ser,G15,B7A1R1_P3,B8A1R2_P3,MVK,MVK_Pro200Ser
RHEB,RHEB,I15,B7A1R1_P3,B8A1R2_P3,RHEB,RHEB
MVK,MVK_Asp386Asn,K15,B7A1R1_P3,B8A1R2_P3,MVK,MVK_Asp386Asn
MVK,MVK_Val80Ile,M15,B7A1R1_P3,B8A1R2_P3,MVK,MVK_Val80Ile
MVK,MVK_Leu255Pro,O15,B7A1R1_P3,B8A1R2_P3,MVK,MVK_Leu255Pro
MVK,MVK_Arg388Gln,A17,B7A1R1_P3,B8A1R2_P3,MVK,MVK_Arg388Gln
MVK,MVK_Cys101Tyr,C17,B7A1R1_P3,B8A1R2_P3,MVK,MVK_Cys101Tyr
MVK,MVK_Ile268Val,E17,B7A1R1_P3,B8A1R2_P3,MVK,MVK_Ile268Val
SLIRP,SLIRP,G17,B7A1R1_P3,B8A1R2_P3,SLIRP,SLIRP
MVK,MVK_Arg106His,I17,B7A1R1_P3,B8A1R2_P3,MVK,MVK_Arg106His
MVK,MVK_Tyr116His,K17,B7A1R1_P3,B8A1R2_P3,MVK,MVK_Tyr116His
MVK,MVK_Val278Met,M17,B7A1R1_P3,B8A1R2_P3,MVK,MVK_Val278Met
MVK,MVK_Val5Ala,O17,B7A1R1_P3,B8A1R2_P3,MVK,MVK_Val5Ala
MVK,MVK_Ala148Thr,A19,B7A1R1_P3,B8A1R2_P3,MVK,MVK_Ala148Thr
MVK,MVK_Pro286Leu,C19,B7A1R1_P3,B8A1R2_P3,MVK,MVK_Pro286Leu
PRKACB,PRKACB,E19,B7A1R1_P3,B8A1R2_P3,PRKACB,PRKACB
MVK,MVK_His20Pro,G19,B7A1R1_P3,B8A1R2_P3,MVK,MVK_His20Pro
MVK,MVK_Pro165Leu,I19,B7A1R1_P3,B8A1R2_P3,MVK,MVK_Pro165Leu
MVK,MVK_Leu41Pro,K19,B7A1R1_P3,B8A1R2_P3,MVK,MVK_Leu41Pro
MVK,MVK_Pro167Leu,M19,B7A1R1_P3,B8A1R2_P3,MVK,MVK_Pro167Leu
MVK,MVK_Val377Ile,O19,B7A1R1_P3,B8A1R2_P3,MVK,MVK_Val377Ile
MVK,MVK_Ser329Asn,A21,B7A1R1_P3,B8A1R2_P3,MVK,MVK_Ser329Asn
MVK,MVK_Ile119Met,C21,B7A1R1_P3,B8A1R2_P3,MVK,MVK_Ile119Met
MVK,MVK_Thr209Ala,E21,B7A1R1_P3,B8A1R2_P3,MVK,MVK_Thr209Ala
MVK,MVK_Val293Met,G21,B7A1R1_P3,B8A1R2_P3,MVK,MVK_Val293Met
MVK,MVK_Pro288Leu,I21,B7A1R1_P3,B8A1R2_P3,MVK,MVK_Pro288Leu
MVK,MVK_Val250Ile,K21,B7A1R1_P3,B8A1R2_P3,MVK,MVK_Val250Ile
MVK,MVK_Leu265Pro,M21,B7A1R1_P3,B8A1R2_P3,MVK,MVK_Leu265Pro
MVK,MVK_His20Gln,O21,B7A1R1_P3,B8A1R2_P3,MVK,MVK_His20Gln
MVK,MVK_Asn205Asp,A23,B7A1R1_P3,B8A1R2_P3,MVK,MVK_Asn205Asp
MYD88,MYD88,C23,B7A1R1_P3,B8A1R2_P3,MYD88,MYD88
MYOZ2,MYOZ2,E23,B7A1R1_P3,B8A1R2_P3,MYOZ2,MYOZ2
MYOZ2,MYOZ2_Gln10Pro,G23,B7A1R1_P3,B8A1R2_P3,MYOZ2,MYOZ2_Gln10Pro
MYOZ2,MYOZ2_Ser48Pro,I23,B7A1R1_P3,B8A1R2_P3,MYOZ2,MYOZ2_Ser48Pro
MYOZ2,MYOZ2_Ile246Met,K23,B7A1R1_P3,B8A1R2_P3,MYOZ2,MYOZ2_Ile246Met
NAA10,NAA10,M23,B7A1R1_P3,B8A1R2_P3,NAA10,NAA10
NAA10,NAA10_Arg116Trp,O23,B7A1R1_P3,B8A1R2_P3,NAA10,NAA10_Arg116Trp
NAA10,NAA10_Arg195Cys,A02,B7A1R1_P3,B8A1R2_P3,NAA10,NAA10_Arg195Cys
NCF1,NCF1,C02,B7A1R1_P3,B8A1R2_P3,NCF1,NCF1
NCF2,NCF2,E02,B7A1R1_P3,B8A1R2_P3,NCF2,NCF2
NCF2,NCF2_Ala140Asp,G02,B7A1R1_P3,B8A1R2_P3,NCF2,NCF2_Ala140Asp
NCF2,NCF2_Gly44Arg,I02,B7A1R1_P3,B8A1R2_P3,NCF2,NCF2_Gly44Arg
NCF2,NCF2_Asp108Val,K02,B7A1R1_P3,B8A1R2_P3,NCF2,NCF2_Asp108Val
NCF2,NCF2_Arg184Pro,M02,B7A1R1_P3,B8A1R2_P3,NCF2,NCF2_Arg184Pro
NCF2,NCF2_Asp93Glu,O02,B7A1R1_P3,B8A1R2_P3,NCF2,NCF2_Asp93Glu
NCF2,NCF2_Arg188Lys,A04,B7A1R1_P3,B8A1R2_P3,NCF2,NCF2_Arg188Lys
NCF2,NCF2_Asn448Asp,C04,B7A1R1_P3,B8A1R2_P3,NCF2,NCF2_Asn448Asp
NCF2,NCF2_Val297Ala,E04,B7A1R1_P3,B8A1R2_P3,NCF2,NCF2_Val297Ala
NCF2,NCF2_Asn419Ile,G04,B7A1R1_P3,B8A1R2_P3,NCF2,NCF2_Asn419Ile
NEK8,NEK8,I04,B7A1R1_P3,B8A1R2_P3,NEK8,NEK8
NELL1,NELL1,K04,B7A1R1_P3,B8A1R2_P3,NELL1,NELL1
NEUROD1,NEUROD1,M04,B7A1R1_P3,B8A1R2_P3,NEUROD1,NEUROD1
NEUROG3,NEUROG3,O04,B7A1R1_P3,B8A1R2_P3,NEUROG3,NEUROG3
NEUROG3,NEUROG3_Arg107Ser,A06,B7A1R1_P3,B8A1R2_P3,NEUROG3,NEUROG3_Arg107Ser
NEUROG3,NEUROG3_Gly167Arg,C06,B7A1R1_P3,B8A1R2_P3,NEUROG3,NEUROG3_Gly167Arg
,EGFP,E06,B7A1R1_P3,B8A1R2_P3,EGFP,EGFP
NEUROG3,NEUROG3_Arg93Leu,G06,B7A1R1_P3,B8A1R2_P3,NEUROG3,NEUROG3_Arg93Leu
NEUROG3,NEUROG3_Phe199Ser,I06,B7A1R1_P3,B8A1R2_P3,NEUROG3,NEUROG3_Phe199Ser
NEXN,NEXN,K06,B7A1R1_P3,B8A1R2_P3,NEXN,NEXN
NEXN,NEXN_Arg171Cys,M06,B7A1R1_P3,B8A1R2_P3,NEXN,NEXN_Arg171Cys
NEXN,NEXN_Tyr544Cys,O06,B7A1R1_P3,B8A1R2_P3,NEXN,NEXN_Tyr544Cys
NF2,NF2,A08,B7A1R1_P3,B8A1R2_P3,NF2,NF2
NFU1,NFU1,C08,B7A1R1_P3,B8A1R2_P3,NFU1,NFU1
NFU1,NFU1_Gly208Cys,E08,B7A1R1_P3,B8A1R2_P3,NFU1,NFU1_Gly208Cys
ALK,ALK,G08,B7A1R1_P3,B8A1R2_P3,,
NME1,NME1,I08,B7A1R1_P3,B8A1R2_P3,NME1,NME1
NMNAT1,NMNAT1,K08,B7A1R1_P3,B8A1R2_P3,NMNAT1,NMNAT1
NMNAT1,NMNAT1_Leu153Val,M08,B7A1R1_P3,B8A1R2_P3,NMNAT1,NMNAT1_Leu153Val
NMNAT1,NMNAT1_Glu257Lys,O08,B7A1R1_P3,B8A1R2_P3,NMNAT1,NMNAT1_Glu257Lys
NMNAT1,NMNAT1_Arg207Trp,A10,B7A1R1_P3,B8A1R2_P3,NMNAT1,NMNAT1_Arg207Trp
NMNAT1,NMNAT1_Arg237Leu,C10,B7A1R1_P3,B8A1R2_P3,NMNAT1,NMNAT1_Arg237Leu
NMNAT1,NMNAT1_Asn273Asp,E10,B7A1R1_P3,B8A1R2_P3,NMNAT1,NMNAT1_Asn273Asp
NMNAT1,NMNAT1_Ser255Asn,G10,B7A1R1_P3,B8A1R2_P3,NMNAT1,NMNAT1_Ser255Asn
ALK,ALK_Arg1275Gln,I10,B7A1R1_P3,B8A1R2_P3,,
NPPA,NPPA,K10,B7A1R1_P3,B8A1R2_P3,NR0B1,NR0B1_Lys382Asn
NR0B1,NR0B1_Asn440Ile,M10,B7A1R1_P3,B8A1R2_P3,NR0B1,NR0B1_Lys382Asn
NR0B1,NR0B1_Lys382Asn,O10,B7A1R1_P3,B8A1R2_P3,NR0B1,NR0B1_Arg425Ile
NR0B1,NR0B1_Arg425Ile,A12,B7A1R1_P3,B8A1R2_P3,NR0B1,NR0B1_Tyr380Asp
NR0B1,NR0B1_Tyr380Asp,C12,B7A1R1_P3,B8A1R2_P3,NR0B1,NR0B1_Val126Met
NR0B1,NR0B1_Val126Met,E12,B7A1R1_P3,B8A1R2_P3,NR0B1,NR0B1_Arg267Pro
NR0B1,NR0B1_Arg267Pro,G12,B7A1R1_P3,B8A1R2_P3,NR1H3,NR1H3
NR1H3,NR1H3,I12,B7A1R1_P3,B8A1R2_P3,,
PTK2B,PTK2B,K12,B7A1R1_P3,B8A1R2_P3,,
NT5C3A,NT5C3A,M12,B7A1R1_P3,B8A1R2_P3,NT5C3A,NT5C3A_Phe31Leu
NT5C3A,NT5C3A_Phe31Leu,O12,B7A1R1_P3,B8A1R2_P3,NT5C3A,NT5C3A_Cys108Arg
NT5C3A,NT5C3A_Cys108Arg,A14,B7A1R1_P3,B8A1R2_P3,NT5C3A,NT5C3A_Asp132Val
NT5C3A,NT5C3A_Asp132Val,C14,B7A1R1_P3,B8A1R2_P3,NT5C3A,NT5C3A_Gly202Arg
NT5C3A,NT5C3A_Gly202Arg,E14,B7A1R1_P3,B8A1R2_P3,NT5C3A,NT5C3A_Gly275Arg
NT5C3A,NT5C3A_Gly275Arg,G14,B7A1R1_P3,B8A1R2_P3,NTF4,NTF4
NTF4,NTF4,I14,B7A1R1_P3,B8A1R2_P3,OAS1,OAS1
MAPK9,MAPK9,K14,B7A1R1_P3,B8A1R2_P3,MAPK9,MAPK9
OAS1,OAS1,M14,B7A1R1_P3,B8A1R2_P3,OAS1,OAS1_Arg242Gln
OAS1,OAS1_Arg242Gln,O14,B7A1R1_P3,B8A1R2_P3,OAS1,OAS1_Ser162Gly
OAS1,OAS1_Ser162Gly,A16,B7A1R1_P3,B8A1R2_P3,OLFM2,OLFM2
OLFM2,OLFM2,C16,B7A1R1_P3,B8A1R2_P3,OPTN,OPTN
OPTN,OPTN,E16,B7A1R1_P3,B8A1R2_P3,ORC6,ORC6
ORC6,ORC6,G16,B7A1R1_P3,B8A1R2_P3,ORC6,ORC6_Tyr232Ser
RHEB,RHEB,I16,B7A1R1_P3,B8A1R2_P3,RHEB,RHEB
ORC6,ORC6_Tyr232Ser,K16,B7A1R1_P3,B8A1R2_P3,PAPSS2,PAPSS2
PAPSS2,PAPSS2,M16,B7A1R1_P3,B8A1R2_P3,PCBD1,PCBD1
PCBD1,PCBD1,O16,B7A1R1_P3,B8A1R2_P3,PCCA,PCCA
PCCA,PCCA,A18,B7A1R1_P3,B8A1R2_P3,PCCB,PCCB
PCCB,PCCB,C18,B7A1R1_P3,B8A1R2_P3,PDGFRB,PDGFRB
PDGFRB,PDGFRB,E18,B7A1R1_P3,B8A1R2_P3,PDGFRB,PDGFRB_Leu658Pro
SLIRP,SLIRP,G18,B7A1R1_P3,B8A1R2_P3,SLIRP,SLIRP
PDGFRB,PDGFRB_Leu658Pro,I18,B7A1R1_P3,B8A1R2_P3,PDGFRB,PDGFRB_Pro660Thr
PDGFRB,PDGFRB_Pro660Thr,K18,B7A1R1_P3,B8A1R2_P3,PGBD1,PGBD1
PGBD1,PGBD1,M18,B7A1R1_P3,B8A1R2_P3,PGBD1,PGBD1_Ile678Val
PGBD1,PGBD1_Ile678Val,O18,B7A1R1_P3,B8A1R2_P3,PGBD1,PGBD1_His806Asp
PGBD1,PGBD1_His806Asp,A20,B7A1R1_P3,B8A1R2_P3,PGBD1,PGBD1_Gln248Glu
PGBD1,PGBD1_Gln248Glu,C20,B7A1R1_P3,B8A1R2_P3,PGBD1,PGBD1_Pro256Leu
PRKACB,PRKACB,E20,B7A1R1_P3,B8A1R2_P3,PRKACB,PRKACB
PGBD1,PGBD1_Pro256Leu,G20,B7A1R1_P3,B8A1R2_P3,PHKG2,PHKG2
PHKG2,PHKG2,I20,B7A1R1_P3,B8A1R2_P3,PHYH,PHYH_Gln176Lys
PHYH,PHYH_Gln176Lys,K20,B7A1R1_P3,B8A1R2_P3,PHYH,PHYH_Arg275Trp
PHYH,PHYH_Arg275Trp,M20,B7A1R1_P3,B8A1R2_P3,PHYH,PHYH_Arg275Gln
PHYH,PHYH_Arg275Gln,O20,B7A1R1_P3,B8A1R2_P3,PHYH,PHYH_Gly204Ser
PHYH,PHYH_Gly204Ser,A22,B7A1R1_P3,B8A1R2_P3,PHYKPL,PHYKPL
PHYKPL,PHYKPL,C22,B7A1R1_P3,B8A1R2_P3,PIK3CD,PIK3CD
PIK3CD,PIK3CD,E22,B7A1R1_P3,B8A1R2_P3,PIK3CD,PIK3CD_Asn334Lys
PIK3CD,PIK3CD_Asn334Lys,G22,B7A1R1_P3,B8A1R2_P3,PITX1,PITX1
PITX1,PITX1,I22,B7A1R1_P3,B8A1R2_P3,PITX1,PITX1_Gly299Ala
PITX1,PITX1_Gly299Ala,K22,B7A1R1_P3,B8A1R2_P3,PITX1,PITX1_Glu130Lys
PITX1,PITX1_Glu130Lys,M22,B7A1R1_P3,B8A1R2_P3,PITX2,PITX2
PITX2,PITX2,O22,B7A1R1_P3,B8A1R2_P3,PITX2,PITX2_Thr121Pro
PITX2,PITX2_Thr121Pro,A24,B7A1R1_P3,B8A1R2_P3,PITX2,PITX2_Arg115His
PITX2,PITX2_Arg115His,C24,B7A1R1_P3,B8A1R2_P3,PITX2,PITX2_Lys141Glu
PITX2,PITX2_Lys141Glu,E24,B7A1R1_P3,B8A1R2_P3,PITX2,PITX2_Arg122His
PITX2,PITX2_Arg122His,G24,B7A1R1_P3,B8A1R2_P3,PITX2,PITX2_Arg144Pro
PITX2,PITX2_Arg144Pro,I24,B7A1R1_P3,B8A1R2_P3,PITX2,PITX2_Arg137Trp
PITX2,PITX2_Arg137Trp,K24,B7A1R1_P3,B8A1R2_P3,PKP2,PKP2
PKP2,PKP2,M24,B7A1R1_P3,B8A1R2_P3,PKP2,PKP2_Arg651His
PKP2,PKP2_Arg651His,O24,B7A1R1_P3,B8A1R2_P3,TPK1,TPK1
PKP2,PKP2_Ile487Ser,B01,B7A1R1_P3,B8A1R2_P3,PKP2,PKP2_Ile487Ser
PKP2,PKP2_Leu394His,D01,B7A1R1_P3,B8A1R2_P3,PKP2,PKP2_Leu394His
PKP2,PKP2_Ala264Val,F01,B7A1R1_P3,B8A1R2_P3,PKP2,PKP2_Ala264Val
PKP2,PKP2_Ala65Ser,H01,B7A1R1_P3,B8A1R2_P3,PKP2,PKP2_Ala65Ser
PKP2,PKP2_Asn598Lys,J01,B7A1R1_P3,B8A1R2_P3,PKP2,PKP2_Asn598Lys
PKP2,PKP2_Thr482Met,L01,B7A1R1_P3,B8A1R2_P3,PKP2,PKP2_Thr482Met
PKP2,PKP2_Glu380Lys,N01,B7A1R1_P3,B8A1R2_P3,PKP2,PKP2_Glu380Lys
PKP2,PKP2_Thr242Met,P01,B7A1R1_P3,B8A1R2_P3,PKP2,PKP2_Thr242Met
PKP2,PKP2_Gln62Lys,B03,B7A1R1_P3,B8A1R2_P3,PKP2,PKP2_Gln62Lys
PKP2,PKP2_Tyr582Asn,D03,B7A1R1_P3,B8A1R2_P3,PKP2,PKP2_Tyr582Asn
PKP2,PKP2_Thr482Ala,F03,B7A1R1_P3,B8A1R2_P3,PKP2,PKP2_Thr482Ala
PKP2,PKP2_Ile377Thr,H03,B7A1R1_P3,B8A1R2_P3,PKP2,PKP2_Ile377Thr
PKP2,PKP2_Ser227Arg,J03,B7A1R1_P3,B8A1R2_P3,PKP2,PKP2_Ser227Arg
PKP2,PKP2_Gln59Leu,L03,B7A1R1_P3,B8A1R2_P3,PKP2,PKP2_Gln59Leu
PKP2,PKP2_His810Tyr,N03,B7A1R1_P3,B8A1R2_P3,PKP2,PKP2_His810Tyr
PKP2,PKP2_Ser571Thr,P03,B7A1R1_P3,B8A1R2_P3,PKP2,PKP2_Ser571Thr
PKP2,PKP2_Leu481Arg,B05,B7A1R1_P3,B8A1R2_P3,PKP2,PKP2_Leu481Arg
PKP2,PKP2_Ala372Pro,D05,B7A1R1_P3,B8A1R2_P3,PKP2,PKP2_Ala372Pro
,EGFP,F05,B7A1R1_P3,B8A1R2_P3,EGFP,EGFP
PKP2,PKP2_Arg204His,H05,B7A1R1_P3,B8A1R2_P3,PKP2,PKP2_Arg204His
PKP2,PKP2_Asp26Asn,J05,B7A1R1_P3,B8A1R2_P3,PKP2,PKP2_Asp26Asn
PKP2,PKP2_Val798Ile,L05,B7A1R1_P3,B8A1R2_P3,PKP2,PKP2_Val798Ile
PKP2,PKP2_Val543Ile,N05,B7A1R1_P3,B8A1R2_P3,PKP2,PKP2_Val543Ile
PKP2,PKP2_Lys472Arg,P05,B7A1R1_P3,B8A1R2_P3,PKP2,PKP2_Lys472Arg
PKP2,PKP2_Leu366Pro,B07,B7A1R1_P3,B8A1R2_P3,PKP2,PKP2_Leu366Pro
PKP2,PKP2_Ser140Phe,D07,B7A1R1_P3,B8A1R2_P3,PKP2,PKP2_Ser140Phe
PKP2,PKP2_Gly5Asp,F07,B7A1R1_P3,B8A1R2_P3,PKP2,PKP2_Gly5Asp
ALK,ALK,H07,B7A1R1_P3,B8A1R2_P3,,
PKP2,PKP2_Cys752Arg,J07,B7A1R1_P3,B8A1R2_P3,PKP2,PKP2_Cys752Arg
PKP2,PKP2_Ala526Thr,L07,B7A1R1_P3,B8A1R2_P3,PKP2,PKP2_Ala526Thr
PKP2,PKP2_Ile458Val,N07,B7A1R1_P3,B8A1R2_P3,PKP2,PKP2_Ile458Val
PKP2,PKP2_Met365Ile,P07,B7A1R1_P3,B8A1R2_P3,PKP2,PKP2_Met365Ile
PKP2,PKP2_Val136Met,B09,B7A1R1_P3,B8A1R2_P3,PKP2,PKP2_Val136Met
PKP2,PKP2_Ala749Asp,D09,B7A1R1_P3,B8A1R2_P3,PKP2,PKP2_Ala749Asp
PKP2,PKP2_Asn513Asp,F09,B7A1R1_P3,B8A1R2_P3,PKP2,PKP2_Asn513Asp
PKP2,PKP2_Phe424Ser,H09,B7A1R1_P3,B8A1R2_P3,PKP2,PKP2_Phe424Ser
ALK,ALK_Arg1275Gln,J09,B7A1R1_P3,B8A1R2_P3,ALK,ALK_Arg1275Gln
PKP2,PKP2_Met365Val,L09,B7A1R1_P3,B8A1R2_P3,PKP2,PKP2_Met365Val
PKP2,PKP2_Arg101His,N09,B7A1R1_P3,B8A1R2_P3,PKP2,PKP2_Arg101His
PKP2,PKP2_Lys724Thr,P09,B7A1R1_P3,B8A1R2_P3,PKP2,PKP2_Lys724Thr
PKP2,PKP2_Pro495Ala,B11,B7A1R1_P3,B8A1R2_P3,PKP2,PKP2_Pro495Ala
PKP2,PKP2_Arg413Gln,D11,B7A1R1_P3,B8A1R2_P3,PKP2,PKP2_Arg413Gln
PKP2,PKP2_Leu360Pro,F11,B7A1R1_P3,B8A1R2_P3,PKP2,PKP2_Leu360Pro
PKP2,PKP2_Gly68Ser,H11,B7A1R1_P3,B8A1R2_P3,PKP2,PKP2_Gly68Ser
PKP2,PKP2_Ala372Pro,J11,B7A1R1_P3,B8A1R2_P3,PKP2,PKP2_Ala372Pro
PTK2B,PTK2B,L11,B7A1R1_P3,B8A1R2_P3,,
PKP2,PKP2_Phe424Ser,N11,B7A1R1_P3,B8A1R2_P3,PKP2,PKP2_Phe424Ser
PKP2,PKP2_Thr482Met,P11,B7A1R1_P3,B8A1R2_P3,PKP2,PKP2_Thr482Met
PKP2,PKP2_Ser644Pro,B13,B7A1R1_P3,B8A1R2_P3,PKP2,PKP2_Ser644Pro
PLA2G6,PLA2G6,D13,B7A1R1_P3,B8A1R2_P3,PLA2G6,PLA2G6
PLA2G6,PLA2G6_Glu567Lys,F13,B7A1R1_P3,B8A1R2_P3,PLA2G6,PLA2G6_Glu567Lys
PLA2G6,PLA2G6_Arg538Cys,H13,B7A1R1_P3,B8A1R2_P3,PLA2G6,PLA2G6_Arg538Cys
PLA2G6,PLA2G6_Arg600Gln,J13,B7A1R1_P3,B8A1R2_P3,PLA2G6,PLA2G6_Arg600Gln
MAPK9,MAPK9,L13,B7A1R1_P3,B8A1R2_P3,MAPK9,MAPK9
PLA2G6,PLA2G6_Thr585Ile,N13,B7A1R1_P3,B8A1R2_P3,PLA2G6,PLA2G6_Thr585Ile
PLA2G6,PLA2G6_Leu481Gln,P13,B7A1R1_P3,B8A1R2_P3,PLA2G6,PLA2G6_Leu481Gln
PLA2G6,PLA2G6_Val310Glu,B15,B7A1R1_P3,B8A1R2_P3,PLA2G6,PLA2G6_Val310Glu
PLEKHG5,PLEKHG5,D15,B7A1R1_P3,B8A1R2_P3,PLEKHG5,PLEKHG5
PLN,PLN,F15,B7A1R1_P3,B8A1R2_P3,PLN,PLN
PLP1,PLP1,H15,B7A1R1_P3,B8A1R2_P3,PLP1,PLP1
RHEB,RHEB,J15,B7A1R1_P3,B8A1R2_P3,RHEB,RHEB
PLP1,PLP1_Cys193Tyr,L15,B7A1R1_P3,B8A1R2_P3,PLP1,PLP1_Cys193Tyr
PLP1,PLP1_Val184Phe,N15,B7A1R1_P3,B8A1R2_P3,PLP1,PLP1_Val184Phe
PLP1,PLP1_Thr121Ile,P15,B7A1R1_P3,B8A1R2_P3,PLP1,PLP1_Thr121Ile
PLP1,PLP1_Gly186Cys,B17,B7A1R1_P3,B8A1R2_P3,PLP1,PLP1_Gly186Cys
PLP1,PLP1_Ile152Thr,D17,B7A1R1_P3,B8A1R2_P3,PLP1,PLP1_Ile152Thr
PLP1,PLP1_Thr43Ile,F17,B7A1R1_P3,B8A1R2_P3,PLP1,PLP1_Thr43Ile
SLIRP,SLIRP,H17,B7A1R1_P3,B8A1R2_P3,SLIRP,SLIRP
PLP1,PLP1_Thr147Pro,J17,B7A1R1_P3,B8A1R2_P3,PLP1,PLP1_Thr147Pro
PLP1,PLP1_Asp168His,L17,B7A1R1_P3,B8A1R2_P3,PLP1,PLP1_Asp168His
PLP1,PLP1_Leu189Pro,N17,B7A1R1_P3,B8A1R2_P3,PLP1,PLP1_Leu189Pro
PLP1,PLP1_Gly74Arg,P17,B7A1R1_P3,B8A1R2_P3,PLP1,PLP1_Gly74Arg
PLP1,PLP1_Trp128Arg,B19,B7A1R1_P3,B8A1R2_P3,PLP1,PLP1_Trp128Arg
PLP1,PLP1_Ser135Phe,D19,B7A1R1_P3,B8A1R2_P3,PLP1,PLP1_Ser135Phe
PRKACB,PRKACB,F19,B7A1R1_P3,B8A1R2_P3,PRKACB,PRKACB
PLP1,PLP1_Pro181Ser,H19,B7A1R1_P3,B8A1R2_P3,PLP1,PLP1_Pro181Ser
PMM2,PMM2,J19,B7A1R1_P3,B8A1R2_P3,PMM2,PMM2
PMP22,PMP22,L19,B7A1R1_P3,B8A1R2_P3,PMP22,PMP22
PMP22,PMP22_Asp37Val,N19,B7A1R1_P3,B8A1R2_P3,PMP22,PMP22_Asp37Val
PMP22,PMP22_Gly150Cys,P19,B7A1R1_P3,B8A1R2_P3,PMP22,PMP22_Gly150Cys
PMP22,PMP22_Arg157Trp,B21,B7A1R1_P3,B8A1R2_P3,PMP22,PMP22_Arg157Trp
PMP22,PMP22_His51Arg,D21,B7A1R1_P3,B8A1R2_P3,PMP22,PMP22_His51Arg
PMP22,PMP22_Ala135Thr,F21,B7A1R1_P3,B8A1R2_P3,PMP22,PMP22_Ala135Thr
PMP22,PMP22_Leu16Pro,H21,B7A1R1_P3,B8A1R2_P3,PMP22,PMP22_Leu16Pro
PMP22,PMP22_Leu80Pro,J21,B7A1R1_P3,B8A1R2_P3,PMP22,PMP22_Leu80Pro
PMP22,PMP22_Cys109Arg,L21,B7A1R1_P3,B8A1R2_P3,PMP22,PMP22_Cys109Arg
PMP22,PMP22_Arg157Gly,N21,B7A1R1_P3,B8A1R2_P3,PMP22,PMP22_Arg157Gly
PNKP,PNKP_Glu326Lys,P21,B7A1R1_P3,B8A1R2_P3,PNKP,PNKP_Glu326Lys
PNKP,PNKP_Pro20Ser,B23,B7A1R1_P3,B8A1R2_P3,PNKP,PNKP_Pro20Ser
PNPO,PNPO,D23,B7A1R1_P3,B8A1R2_P3,PNPO,PNPO
PNPO,PNPO_Arg116Gln,F23,B7A1R1_P3,B8A1R2_P3,PNPO,PNPO_Arg116Gln
PNPO,PNPO_Arg95Cys,H23,B7A1R1_P3,B8A1R2_P3,PNPO,PNPO_Arg95Cys
PNPO,PNPO_Arg95His,J23,B7A1R1_P3,B8A1R2_P3,PNPO,PNPO_Arg95His
PNPO,PNPO_Arg229Trp,L23,B7A1R1_P3,B8A1R2_P3,PNPO,PNPO_Arg229Trp
POLR1C,POLR1C,N23,B7A1R1_P3,B8A1R2_P3,POLR1C,POLR1C
POLR1C,POLR1C_Arg279Trp,P23,B7A1R1_P3,B8A1R2_P3,POLR1C,POLR1C_Arg279Trp
POLR1C,POLR1C_Arg279Gln,B02,B7A1R1_P3,B8A1R2_P3,POLR1C,POLR1C_Arg279Gln
POMC,POMC,D02,B7A1R1_P3,B8A1R2_P3,POMC,POMC
POMT1,POMT1,F02,B7A1R1_P3,B8A1R2_P3,POMT1,POMT1
POMT1,POMT1_Thr392Met,H02,B7A1R1_P3,B8A1R2_P3,POMT1,POMT1_Thr392Met
POMT1,POMT1_Trp560Cys,J02,B7A1R1_P3,B8A1R2_P3,POMT1,POMT1_Trp560Cys
POMT1,POMT1_Gln568His,L02,B7A1R1_P3,B8A1R2_P3,POMT1,POMT1_Gln568His
POMT1,POMT1_Ala200Pro,N02,B7A1R1_P3,B8A1R2_P3,POMT1,POMT1_Ala200Pro
POMT1,POMT1_Asn144Asp,P02,B7A1R1_P3,B8A1R2_P3,POMT1,POMT1_Asn144Asp
POMT1,POMT1_Ala647Thr,B04,B7A1R1_P3,B8A1R2_P3,POMT1,POMT1_Ala647Thr
POMT1,POMT1_Ser515Arg,D04,B7A1R1_P3,B8A1R2_P3,POMT1,POMT1_Ser515Arg
POU4F3,POU4F3,F04,B7A1R1_P3,B8A1R2_P3,POU4F3,POU4F3
PRF1,PRF1,H04,B7A1R1_P3,B8A1R2_P3,PRF1,PRF1
PRKAR1A,PRKAR1A,J04,B7A1R1_P3,B8A1R2_P3,PRKAR1A,PRKAR1A
PRKAR1A,PRKAR1A_Arg335Pro,L04,B7A1R1_P3,B8A1R2_P3,PRKAR1A,PRKAR1A_Arg335Pro
PRKAR1A,PRKAR1A_Tyr373His,N04,B7A1R1_P3,B8A1R2_P3,PRKAR1A,PRKAR1A_Tyr373His
PRKAR1A,PRKAR1A_Met1Val,P04,B7A1R1_P3,B8A1R2_P3,PRKAR1A,PRKAR1A_Met1Val
PRKAR1A,PRKAR1A_Ile327Thr,B06,B7A1R1_P3,B8A1R2_P3,PRKAR1A,PRKAR1A_Ile327Thr
PRKAR1A,PRKAR1A_Arg74His,D06,B7A1R1_P3,B8A1R2_P3,PRKAR1A,PRKAR1A_Arg74His
,EGFP,F06,B7A1R1_P3,B8A1R2_P3,EGFP,EGFP
PRKRA,PRKRA,H06,B7A1R1_P3,B8A1R2_P3,PRKRA,PRKRA
PRPF3,PRPF3,J06,B7A1R1_P3,B8A1R2_P3,PRPF3,PRPF3
PRPF31,PRPF31,L06,B7A1R1_P3,B8A1R2_P3,PRPF31,PRPF31
PRPF31,PRPF31_Ala194Glu,N06,B7A1R1_P3,B8A1R2_P3,PRPF31,PRPF31_Ala194Glu
PRPS1,PRPS1_His193Gln,P06,B7A1R1_P3,B8A1R2_P3,PRPS1,PRPS1_His193Gln
PRPS1,PRPS1_Leu129Ile,B08,B7A1R1_P3,B8A1R2_P3,PRPS1,PRPS1_Leu129Ile
PSAP,PSAP,D08,B7A1R1_P3,B8A1R2_P3,PSAP,PSAP
PSAP,PSAP_Met76Lys,F08,B7A1R1_P3,B8A1R2_P3,PSAP,PSAP_Met76Lys
ALK,ALK,H08,B7A1R1_P3,B8A1R2_P3,,
PTCH1,PTCH1,J08,B7A1R1_P3,B8A1R2_P3,PTCH1,PTCH1
PTS,PTS,L08,B7A1R1_P3,B8A1R2_P3,PTS,PTS
PTS,PTS,N08,B7A1R1_P3,B8A1R2_P3,PTS,PTS
PUF60,PUF60,P08,B7A1R1_P3,B8A1R2_P3,PUF60,PUF60
PUF60,PUF60_His152Tyr,B10,B7A1R1_P3,B8A1R2_P3,PUF60,PUF60_His152Tyr
PYGL,PYGL,D10,B7A1R1_P3,B8A1R2_P3,PYGL,PYGL
PYGL,PYGL_Leu739Met,F10,B7A1R1_P3,B8A1R2_P3,PYGL,PYGL_Leu739Met
PYGL,PYGL_Ser675Thr,H10,B7A1R1_P3,B8A1R2_P3,PYGL,PYGL_Ser675Thr
ALK,ALK_Arg1275Gln,J10,B7A1R1_P3,B8A1R2_P3,ALK,ALK_Arg1275Gln
PYGL,PYGL_Glu673Lys,L10,B7A1R1_P3,B8A1R2_P3,PYGL,PYGL_Glu673Lys
PYGL,PYGL_Asp629Tyr,N10,B7A1R1_P3,B8A1R2_P3,PYGL,PYGL_Asp629Tyr
PYGL,PYGL_Thr586Met,P10,B7A1R1_P3,B8A1R2_P3,PYGL,PYGL_Thr586Met
PYGL,PYGL_Val456Met,B12,B7A1R1_P3,B8A1R2_P3,PYGL,PYGL_Val456Met
PYGL,PYGL_Pro382Leu,D12,B7A1R1_P3,B8A1R2_P3,PYGL,PYGL_Pro382Leu
PYGL,PYGL_Thr59Met,F12,B7A1R1_P3,B8A1R2_P3,PYGL,PYGL_Thr59Met
PYGL,PYGL_Asn632Ile,H12,B7A1R1_P3,B8A1R2_P3,PYGL,PYGL_Asn632Ile
PYGL,PYGL_Glu673Lys,J12,B7A1R1_P3,B8A1R2_P3,PYGL,PYGL_Glu673Lys
PTK2B,PTK2B,L12,B7A1R1_P3,B8A1R2_P3,,
PYGL,PYGL_Lys681Thr,N12,B7A1R1_P3,B8A1R2_P3,PYGL,PYGL_Lys681Thr
PYGL,PYGL_Asp634His,P12,B7A1R1_P3,B8A1R2_P3,PYGL,PYGL_Asp634His
PYGL,PYGL_Tyr821His,B14,B7A1R1_P3,B8A1R2_P3,PYGL,PYGL_Tyr821His
PYGL,PYGL_Asn339Ser,D14,B7A1R1_P3,B8A1R2_P3,PYGL,PYGL_Asn339Ser
RAB33B,RAB33B,F14,B7A1R1_P3,B8A1R2_P3,RAB33B,RAB33B
RAB33B,RAB33B_Lys46Gln,H14,B7A1R1_P3,B8A1R2_P3,RAB33B,RAB33B_Lys46Gln
RAD51D,RAD51D,J14,B7A1R1_P3,B8A1R2_P3,RAD51D,RAD51D
MAPK9,MAPK9,L14,B7A1R1_P3,B8A1R2_P3,MAPK9,MAPK9
RAD51D,RAD51D_Arg165Gln,N14,B7A1R1_P3,B8A1R2_P3,RAD51D,RAD51D_Arg165Gln
RAD51D,RAD51D_Glu233Gly,P14,B7A1R1_P3,B8A1R2_P3,RAD51D,RAD51D_Glu233Gly
RASA1,RASA1,B16,B7A1R1_P3,B8A1R2_P3,RASA1,RASA1
RASA1,RASA1_Glu70Gly,D16,B7A1R1_P3,B8A1R2_P3,RASA1,RASA1_Glu70Gly
RASA1,RASA1_Tyr426Cys,F16,B7A1R1_P3,B8A1R2_P3,RASA1,RASA1_Tyr426Cys
RNF135,RNF135,H16,B7A1R1_P3,B8A1R2_P3,RNF135,RNF135
RHEB,RHEB,J16,B7A1R1_P3,B8A1R2_P3,RHEB,RHEB
RNF135,RNF135_Arg286His,L16,B7A1R1_P3,B8A1R2_P3,RNF135,RNF135_Arg286His
RP2,RP2,N16,B7A1R1_P3,B8A1R2_P3,RP2,RP2
RP2,RP2_Arg118Leu,P16,B7A1R1_P3,B8A1R2_P3,RP2,RP2_Arg118Leu
RP2,RP2_Cys86Tyr,B18,B7A1R1_P3,B8A1R2_P3,RP2,RP2_Cys86Tyr
RP2,RP2_Arg118His,D18,B7A1R1_P3,B8A1R2_P3,RP2,RP2_Arg118His
RP2,RP2_Leu253Arg,F18,B7A1R1_P3,B8A1R2_P3,RP2,RP2_Leu253Arg
SLIRP,SLIRP,H18,B7A1R1_P3,B8A1R2_P3,SLIRP,SLIRP
RP2,RP2_Arg282Trp,J18,B7A1R1_P3,B8A1R2_P3,RP2,RP2_Arg282Trp
RPIA,RPIA,L18,B7A1R1_P3,B8A1R2_P3,RPIA,RPIA
RXRG,RXRG,N18,B7A1R1_P3,B8A1R2_P3,RXRG,RXRG
SDC3,SDC3,P18,B7A1R1_P3,B8A1R2_P3,SDC3,SDC3
SDC3,SDC3_Asp231Asn,B20,B7A1R1_P3,B8A1R2_P3,SDC3,SDC3_Asp231Asn
SDC3,SDC3_Val136Ile,D20,B7A1R1_P3,B8A1R2_P3,SDC3,SDC3_Val136Ile
PRKACB,PRKACB,F20,B7A1R1_P3,B8A1R2_P3,PRKACB,PRKACB
SDHAF1,SDHAF1,H20,B7A1R1_P3,B8A1R2_P3,SDHAF1,SDHAF1
SERPINE1,SERPINE1,J20,B7A1R1_P3,B8A1R2_P3,SERPINE1,SERPINE1
SERPINF1,SERPINF1,L20,B7A1R1_P3,B8A1R2_P3,SERPINF1,SERPINF1
SERPINF1,SERPINF1_Thr72Met,N20,B7A1R1_P3,B8A1R2_P3,SERPINF1,SERPINF1_Thr72Met
SERPINI2,SERPINI2,P20,B7A1R1_P3,B8A1R2_P3,SERPINI2,SERPINI2
SFTPA2,SFTPA2_Gln223Lys,B22,B7A1R1_P3,B8A1R2_P3,SFTPA2,SFTPA2_Gln223Lys
SFTPA2,SFTPA2_Gly231Val,D22,B7A1R1_P3,B8A1R2_P3,SFTPA2,SFTPA2_Gly231Val
SFTPA2,SFTPA2_Ala91Pro,F22,B7A1R1_P3,B8A1R2_P3,SFTPA2,SFTPA2_Ala91Pro
SFTPA2,SFTPA2_Phe198Ser,H22,B7A1R1_P3,B8A1R2_P3,SFTPA2,SFTPA2_Phe198Ser
SFTPB,SFTPB,J22,B7A1R1_P3,B8A1R2_P3,SFTPB,SFTPB
SFTPB,SFTPB_Ala280Thr,L22,B7A1R1_P3,B8A1R2_P3,SFTPB,SFTPB_Ala280Thr
SFTPC,SFTPC,N22,B7A1R1_P3,B8A1R2_P3,SFTPC,SFTPC
SFTPC,SFTPC_Glu66Lys,P22,B7A1R1_P3,B8A1R2_P3,SFTPC,SFTPC_Glu66Lys
SFTPC,SFTPC_Ile73Thr,B24,B7A1R1_P3,B8A1R2_P3,SFTPC,SFTPC_Ile73Thr
SFTPC,SFTPC_Ala116Asp,D24,B7A1R1_P3,B8A1R2_P3,SFTPC,SFTPC_Ala116Asp
SFTPC,SFTPC_Arg167Gln,F24,B7A1R1_P3,B8A1R2_P3,SFTPC,SFTPC_Arg167Gln
SFTPC,SFTPC_Leu194Pro,H24,B7A1R1_P3,B8A1R2_P3,SFTPC,SFTPC_Leu194Pro
SFTPC,SFTPC_Leu188Gln,J24,B7A1R1_P3,B8A1R2_P3,SFTPC,SFTPC_Leu188Gln
SFTPC,SFTPC_Val48Met,L24,B7A1R1_P3,B8A1R2_P3,SFTPC,SFTPC_Val48Met
SFTPC,SFTPC_Val39Leu,N24,B7A1R1_P3,B8A1R2_P3,SFTPC,SFTPC_Val39Leu
SFTPC,SFTPC_His59Arg,P24,B7A1R1_P3,B8A1R2_P3,SFTPC,SFTPC_His59Arg
SGCA,SGCA,A01,B7A1R1_P0,B8A1R2_P0,SGCA,SGCA
SH2D1A,SH2D1A,C01,B7A1R1_P0,B8A1R2_P0,SH2D1A,SH2D1A
SH3BP2,SH3BP2,E01,B7A1R1_P0,B8A1R2_P0,SH3BP2,SH3BP2
SH3BP2,SH3BP2_Pro418Leu,G01,B7A1R1_P0,B8A1R2_P0,SH3BP2,SH3BP2_Pro418Leu
SH3BP2,SH3BP2_Arg415Gln,I01,B7A1R1_P0,B8A1R2_P0,SH3BP2,SH3BP2_Arg415Gln
SH3BP2,SH3BP2_Pro418Arg,K01,B7A1R1_P0,B8A1R2_P0,SH3BP2,SH3BP2_Pro418Arg
SH3BP2,SH3BP2_Pro418His,M01,B7A1R1_P0,B8A1R2_P0,SH3BP2,SH3BP2_Pro418His
SH3BP2,SH3BP2_Gly420Arg,O01,B7A1R1_P0,B8A1R2_P0,SH3BP2,SH3BP2_Gly420Arg
SH3BP2,SH3BP2_Gly420Glu,A03,B7A1R1_P0,B8A1R2_P0,SH3BP2,SH3BP2_Gly420Glu
SHMT1,SHMT1,C03,B7A1R1_P0,B8A1R2_P0,SHMT1,SHMT1
SIX1,SIX1,E03,B7A1R1_P0,B8A1R2_P0,SIX1,SIX1
SIX1,SIX1_Tyr129Cys,G03,B7A1R1_P0,B8A1R2_P0,SIX1,SIX1_Tyr129Cys
SIX1,SIX1_Val106Gly,I03,B7A1R1_P0,B8A1R2_P0,SIX1,SIX1_Val106Gly
SLC22A5,SLC22A5,K03,B7A1R1_P0,B8A1R2_P0,SLC22A5,SLC22A5
SLC6A20,SLC6A20,M03,B7A1R1_P0,B8A1R2_P0,SLC6A20,SLC6A20
SLC9A3R1,SLC9A3R1,O03,B7A1R1_P0,B8A1R2_P0,SLC9A3R1,SLC9A3R1
SMAD1,SMAD1,A05,B7A1R1_P0,B8A1R2_P0,SMAD1,SMAD1
SMAD1,SMAD1_Val3Ala,C05,B7A1R1_P0,B8A1R2_P0,SMAD1,SMAD1_Val3Ala
,EGFP,E05,B7A1R1_P0,B8A1R2_P0,EGFP,EGFP
SMAD3,SMAD3_Cys109Tyr,G05,B7A1R1_P0,B8A1R2_P0,SMAD3,SMAD3_Cys109Tyr
SMAD3,SMAD3_Asp258His,I05,B7A1R1_P0,B8A1R2_P0,SMAD3,SMAD3_Asp258His
SMAD3,SMAD3_Arg279Lys,K05,B7A1R1_P0,B8A1R2_P0,SMAD3,SMAD3_Arg279Lys
SMAD3,SMAD3_Pro124Leu,M05,B7A1R1_P0,B8A1R2_P0,SMAD3,SMAD3_Pro124Leu
SMAD3,SMAD3_Thr261Ile,O05,B7A1R1_P0,B8A1R2_P0,SMAD3,SMAD3_Thr261Ile
SMAD3,SMAD3_Glu284Gln,A07,B7A1R1_P0,B8A1R2_P0,SMAD3,SMAD3_Glu284Gln
SMAD3,SMAD3_Ile170Val,C07,B7A1R1_P0,B8A1R2_P0,SMAD3,SMAD3_Ile170Val
SMAD3,SMAD3_Pro263Ala,E07,B7A1R1_P0,B8A1R2_P0,SMAD3,SMAD3_Pro263Ala
ALK,ALK,G07,B7A1R1_P0,B8A1R2_P0,,
SMAD3,SMAD3_Arg287Trp,I07,B7A1R1_P0,B8A1R2_P0,SMAD3,SMAD3_Arg287Trp
SMAD3,SMAD3_Met212Ile,K07,B7A1R1_P0,B8A1R2_P0,SMAD3,SMAD3_Met212Ile
SMAD3,SMAD3_Pro263Leu,M07,B7A1R1_P0,B8A1R2_P0,SMAD3,SMAD3_Pro263Leu
SMAD3,SMAD3_Arg287Gln,O07,B7A1R1_P0,B8A1R2_P0,SMAD3,SMAD3_Arg287Gln
SMAD3,SMAD3_Leu219Phe,A09,B7A1R1_P0,B8A1R2_P0,SMAD3,SMAD3_Leu219Phe
SMAD3,SMAD3_Arg268Cys,C09,B7A1R1_P0,B8A1R2_P0,SMAD3,SMAD3_Arg268Cys
SMAD3,SMAD3_Val294Met,E09,B7A1R1_P0,B8A1R2_P0,SMAD3,SMAD3_Val294Met
SMAD3,SMAD3_Asn59Asp,G09,B7A1R1_P0,B8A1R2_P0,SMAD3,SMAD3_Asn59Asp
ALK,ALK_Arg1275Gln,I09,B7A1R1_P0,B8A1R2_P0,ALK,ALK_Arg1275Gln
SMAD3,SMAD3_Trp232Cys,K09,B7A1R1_P0,B8A1R2_P0,SMAD3,SMAD3_Trp232Cys
SMAD3,SMAD3_Leu308Phe,M09,B7A1R1_P0,B8A1R2_P0,SMAD3,SMAD3_Leu308Phe
SMAD3,SMAD3_Glu239Lys,O09,B7A1R1_P0,B8A1R2_P0,SMAD3,SMAD3_Glu239Lys
SMAD3,SMAD3_Gly272Arg,A11,B7A1R1_P0,B8A1R2_P0,SMAD3,SMAD3_Gly272Arg
SMAD3,SMAD3_Trp94Leu,C11,B7A1R1_P0,B8A1R2_P0,SMAD3,SMAD3_Trp94Leu
SMAD3,SMAD3_Met255Arg,E11,B7A1R1_P0,B8A1R2_P0,SMAD3,SMAD3_Met255Arg
SMAD3,SMAD3_Leu274Pro,G11,B7A1R1_P0,B8A1R2_P0,SMAD3,SMAD3_Leu274Pro
SMAD3,SMAD3_Gln316Pro,I11,B7A1R1_P0,B8A1R2_P0,SMAD3,SMAD3_Gln316Pro
PTK2B,PTK2B,K11,B7A1R1_P0,B8A1R2_P0,,
SMAD3,SMAD3_Val410Phe,M11,B7A1R1_P0,B8A1R2_P0,SMAD3,SMAD3_Val410Phe
SMAD3,SMAD3_Arg323His,O11,B7A1R1_P0,B8A1R2_P0,SMAD3,SMAD3_Arg323His
SMAD3,SMAD3_Ser423Arg,A13,B7A1R1_P0,B8A1R2_P0,SMAD3,SMAD3_Ser423Arg
SMAD3,SMAD3_Ser355Leu,C13,B7A1R1_P0,B8A1R2_P0,SMAD3,SMAD3_Ser355Leu
SMAD3,SMAD3_Tyr364Cys,E13,B7A1R1_P0,B8A1R2_P0,SMAD3,SMAD3_Tyr364Cys
SMAD3,SMAD3_Arg373Cys,G13,B7A1R1_P0,B8A1R2_P0,SMAD3,SMAD3_Arg373Cys
SMAD3,SMAD3_Arg385Gly,I13,B7A1R1_P0,B8A1R2_P0,SMAD3,SMAD3_Arg385Gly
MAPK9,MAPK9,K13,B7A1R1_P0,B8A1R2_P0,MAPK9,MAPK9
SMAD3,SMAD3_Arg385Thr,M13,B7A1R1_P0,B8A1R2_P0,SMAD3,SMAD3_Arg385Thr
SMAD3,SMAD3_Asp408His,O13,B7A1R1_P0,B8A1R2_P0,SMAD3,SMAD3_Asp408His
SMAD3,SMAD3_Glu239Lys,A15,B7A1R1_P0,B8A1R2_P0,SMAD3,SMAD3_Glu239Lys
SMAD3,SMAD3_Pro263Leu,C15,B7A1R1_P0,B8A1R2_P0,SMAD3,SMAD3_Pro263Leu
SMAD3,SMAD3_Arg287Trp,E15,B7A1R1_P0,B8A1R2_P0,SMAD3,SMAD3_Arg287Trp
SMAD3,SMAD3_Arg279Lys,G15,B7A1R1_P0,B8A1R2_P0,SMAD3,SMAD3_Arg279Lys
RHEB,RHEB,I15,B7A1R1_P0,B8A1R2_P0,RHEB,RHEB
SMAD3,SMAD3_Thr261Ile,K15,B7A1R1_P0,B8A1R2_P0,SMAD3,SMAD3_Thr261Ile
SMAD3,SMAD3_Asn197Ile,M15,B7A1R1_P0,B8A1R2_P0,SMAD3,SMAD3_Asn197Ile
SMARCB1,SMARCB1_Arg37His,O15,B7A1R1_P0,B8A1R2_P0,SMARCB1,SMARCB1_Arg37His
SMARCB1,SMARCB1_Pro48Leu,A17,B7A1R1_P0,B8A1R2_P0,SMARCB1,SMARCB1_Pro48Leu
SMN2,SMN2,C17,B7A1R1_P0,B8A1R2_P0,SMN2,SMN2
SMN2,SMN2_Gly287Arg,E17,B7A1R1_P0,B8A1R2_P0,SMN2,SMN2_Gly287Arg
SLIRP,SLIRP,G17,B7A1R1_P0,B8A1R2_P0,SLIRP,SLIRP
SNIP1,SNIP1,I17,B7A1R1_P0,B8A1R2_P0,SNIP1,SNIP1
SNIP1,SNIP1_Glu366Gly,K17,B7A1R1_P0,B8A1R2_P0,SNIP1,SNIP1_Glu366Gly
SNIP1,SNIP1_Ala174Val,M17,B7A1R1_P0,B8A1R2_P0,SNIP1,SNIP1_Ala174Val
SNIP1,SNIP1_Arg116Gln,O17,B7A1R1_P0,B8A1R2_P0,SNIP1,SNIP1_Arg116Gln
SOX10,SOX10,A19,B7A1R1_P0,B8A1R2_P0,SOX10,SOX10
SPG7,SPG7,C19,B7A1R1_P0,B8A1R2_P0,SPG7,SPG7
PRKACB,PRKACB,E19,B7A1R1_P0,B8A1R2_P0,PRKACB,PRKACB
SQSTM1,SQSTM1,G19,B7A1R1_P0,B8A1R2_P0,SQSTM1,SQSTM1
SS18L1,SS18L1,I19,B7A1R1_P0,B8A1R2_P0,SS18L1,SS18L1
STAC3,STAC3,K19,B7A1R1_P0,B8A1R2_P0,STAC3,STAC3
STAC3,STAC3_Trp245Ser,M19,B7A1R1_P0,B8A1R2_P0,STAC3,STAC3_Trp245Ser
STAR,STAR,O19,B7A1R1_P0,B8A1R2_P0,STAR,STAR
STAR,STAR_Arg182His,A21,B7A1R1_P0,B8A1R2_P0,STAR,STAR_Arg182His
STAR,STAR_Val187Met,C21,B7A1R1_P0,B8A1R2_P0,STAR,STAR_Val187Met
STAR,STAR_Arg188Cys,E21,B7A1R1_P0,B8A1R2_P0,STAR,STAR_Arg188Cys
STAR,STAR_Arg182Leu,G21,B7A1R1_P0,B8A1R2_P0,STAR,STAR_Arg182Leu
STRA6,STRA6,I21,B7A1R1_P0,B8A1R2_P0,STRA6,STRA6
STXBP1,STXBP1,K21,B7A1R1_P0,B8A1R2_P0,STXBP1,STXBP1
STXBP1,STXBP1_Arg190Trp,M21,B7A1R1_P0,B8A1R2_P0,STXBP1,STXBP1_Arg190Trp
STXBP1,STXBP1_Leu256Pro,O21,B7A1R1_P0,B8A1R2_P0,STXBP1,STXBP1_Leu256Pro
STXBP1,STXBP1_Leu365Phe,A23,B7A1R1_P0,B8A1R2_P0,STXBP1,STXBP1_Leu365Phe
STXBP1,STXBP1_Leu426Pro,C23,B7A1R1_P0,B8A1R2_P0,STXBP1,STXBP1_Leu426Pro
STXBP1,STXBP1_Arg190Gln,E23,B7A1R1_P0,B8A1R2_P0,STXBP1,STXBP1_Arg190Gln
STXBP1,STXBP1_Met443Arg,G23,B7A1R1_P0,B8A1R2_P0,STXBP1,STXBP1_Met443Arg
STXBP1,STXBP1_Lys196Arg,I23,B7A1R1_P0,B8A1R2_P0,STXBP1,STXBP1_Lys196Arg
STXBP1,STXBP1_Leu291Pro,K23,B7A1R1_P0,B8A1R2_P0,STXBP1,STXBP1_Leu291Pro
STXBP1,STXBP1_Arg406Cys,M23,B7A1R1_P0,B8A1R2_P0,STXBP1,STXBP1_Arg406Cys
STXBP1,STXBP1_Val451Ile,O23,B7A1R1_P0,B8A1R2_P0,STXBP1,STXBP1_Val451Ile
STXBP1,STXBP1_Asp207Asn,A02,B7A1R1_P0,B8A1R2_P0,STXBP1,STXBP1_Asp207Asn
STXBP1,STXBP1_Arg292Cys,C02,B7A1R1_P0,B8A1R2_P0,STXBP1,STXBP1_Arg292Cys
STXBP1,STXBP1_Arg406His,E02,B7A1R1_P0,B8A1R2_P0,STXBP1,STXBP1_Arg406His
STXBP1,STXBP1_Pro462Leu,G02,B7A1R1_P0,B8A1R2_P0,STXBP1,STXBP1_Pro462Leu
STXBP1,STXBP1_Glu12Asp,I02,B7A1R1_P0,B8A1R2_P0,STXBP1,STXBP1_Glu12Asp
STXBP1,STXBP1_Arg235Gln,K02,B7A1R1_P0,B8A1R2_P0,STXBP1,STXBP1_Arg235Gln
STXBP1,STXBP1_Arg305Gln,M02,B7A1R1_P0,B8A1R2_P0,STXBP1,STXBP1_Arg305Gln
STXBP1,STXBP1_Arg406Leu,O02,B7A1R1_P0,B8A1R2_P0,STXBP1,STXBP1_Arg406Leu
STXBP1,STXBP1_Pro480Leu,A04,B7A1R1_P0,B8A1R2_P0,STXBP1,STXBP1_Pro480Leu
STXBP1,STXBP1_Pro94Leu,C04,B7A1R1_P0,B8A1R2_P0,STXBP1,STXBP1_Pro94Leu
STXBP1,STXBP1_Asp238Glu,E04,B7A1R1_P0,B8A1R2_P0,STXBP1,STXBP1_Asp238Glu
STXBP1,STXBP1_Lys333Glu,G04,B7A1R1_P0,B8A1R2_P0,STXBP1,STXBP1_Lys333Glu
STXBP1,STXBP1_Tyr411His,I04,B7A1R1_P0,B8A1R2_P0,STXBP1,STXBP1_Tyr411His
STXBP1,STXBP1_Arg505His,K04,B7A1R1_P0,B8A1R2_P0,STXBP1,STXBP1_Arg505His
STXBP1,STXBP1_Cys180Tyr,M04,B7A1R1_P0,B8A1R2_P0,STXBP1,STXBP1_Cys180Tyr
STXBP1,STXBP1_His245Arg,O04,B7A1R1_P0,B8A1R2_P0,STXBP1,STXBP1_His245Arg
STXBP1,STXBP1_Pro335Leu,A06,B7A1R1_P0,B8A1R2_P0,STXBP1,STXBP1_Pro335Leu
STXBP1,STXBP1_Gly417Asp,C06,B7A1R1_P0,B8A1R2_P0,STXBP1,STXBP1_Gly417Asp
,EGFP,E06,B7A1R1_P0,B8A1R2_P0,EGFP,EGFP
STXBP1,STXBP1_Asn548Asp,G06,B7A1R1_P0,B8A1R2_P0,STXBP1,STXBP1_Asn548Asp
STXBP1,STXBP1_Leu183Pro,I06,B7A1R1_P0,B8A1R2_P0,STXBP1,STXBP1_Leu183Pro
STXBP1,STXBP1_Cys354Arg,K06,B7A1R1_P0,B8A1R2_P0,STXBP1,STXBP1_Cys354Arg
STXBP1,STXBP1_Thr419Met,M06,B7A1R1_P0,B8A1R2_P0,STXBP1,STXBP1_Thr419Met
STXBP1,STXBP1_Arg551Leu,O06,B7A1R1_P0,B8A1R2_P0,STXBP1,STXBP1_Arg551Leu
STXBP1,STXBP1_Gly544Asp,A08,B7A1R1_P0,B8A1R2_P0,STXBP1,STXBP1_Gly544Asp
SUCLA2,SUCLA2,C08,B7A1R1_P0,B8A1R2_P0,SUCLA2,SUCLA2
SUCLA2,SUCLA2_Pro230Ser,E08,B7A1R1_P0,B8A1R2_P0,SUCLA2,SUCLA2_Pro230Ser
ALK,ALK,G08,B7A1R1_P0,B8A1R2_P0,,
SUFU,SUFU,I08,B7A1R1_P0,B8A1R2_P0,SUFU,SUFU
SUOX,SUOX,K08,B7A1R1_P0,B8A1R2_P0,SUOX,SUOX
SUOX,SUOX_Ala265Asp,M08,B7A1R1_P0,B8A1R2_P0,SUOX,SUOX_Ala265Asp
SUOX,SUOX_Gly530Asp,O08,B7A1R1_P0,B8A1R2_P0,SUOX,SUOX_Gly530Asp
TACSTD2,TACSTD2,A10,B7A1R1_P0,B8A1R2_P0,TACSTD2,TACSTD2
TAT,TAT,C10,B7A1R1_P0,B8A1R2_P0,TAT,TAT
TAT,TAT_Arg119Trp,E10,B7A1R1_P0,B8A1R2_P0,TAT,TAT_Arg119Trp
TAT,TAT_Leu273Pro,G10,B7A1R1_P0,B8A1R2_P0,TAT,TAT_Leu273Pro
ALK,ALK_Arg1275Gln,I10,B7A1R1_P0,B8A1R2_P0,ALK,ALK_Arg1275Gln
TAT,TAT_Arg433Trp,K10,B7A1R1_P0,B8A1R2_P0,TAT,TAT_Arg433Trp
TAT,TAT_Pro220Ser,M10,B7A1R1_P0,B8A1R2_P0,TAT,TAT_Pro220Ser
TCAP,TCAP,O10,B7A1R1_P0,B8A1R2_P0,TCAP,TCAP
TEAD1,TEAD1,A12,B7A1R1_P0,B8A1R2_P0,TEAD1,TEAD1
TFG,TFG,C12,B7A1R1_P0,B8A1R2_P0,TFG,TFG
TGFB1,TGFB1,E12,B7A1R1_P0,B8A1R2_P0,TGFB1,TGFB1
TGFBI,TGFBI,G12,B7A1R1_P0,B8A1R2_P0,TGFBI,TGFBI
TH,TH,I12,B7A1R1_P0,B8A1R2_P0,TH,TH
PTK2B,PTK2B,K12,B7A1R1_P0,B8A1R2_P0,,
TH,TH_Gly357Arg,M12,B7A1R1_P0,B8A1R2_P0,TH,TH_Gly357Arg
TH,TH_Arg221Leu,O12,B7A1R1_P0,B8A1R2_P0,TH,TH_Arg221Leu
TH,TH_Cys328Phe,A14,B7A1R1_P0,B8A1R2_P0,TH,TH_Cys328Phe
TH,TH_Ile219Thr,C14,B7A1R1_P0,B8A1R2_P0,TH,TH_Ile219Thr
TH,TH_Arg306His,E14,B7A1R1_P0,B8A1R2_P0,TH,TH_Arg306His
TH,TH_Pro218Leu,G14,B7A1R1_P0,B8A1R2_P0,TH,TH_Pro218Leu
TH,TH_Thr283Met,I14,B7A1R1_P0,B8A1R2_P0,TH,TH_Thr283Met
MAPK9,MAPK9,K14,B7A1R1_P0,B8A1R2_P0,MAPK9,MAPK9
TH,TH_Ile209Met,M14,B7A1R1_P0,B8A1R2_P0,TH,TH_Ile209Met
TH,TH_Val468Met,O14,B7A1R1_P0,B8A1R2_P0,TH,TH_Val468Met
TH,TH_Asp267His,A16,B7A1R1_P0,B8A1R2_P0,TH,TH_Asp267His
TH,TH_Leu205Pro,C16,B7A1R1_P0,B8A1R2_P0,TH,TH_Leu205Pro
TH,TH_Glu250Gln,E16,B7A1R1_P0,B8A1R2_P0,TH,TH_Glu250Gln
TH,TH_Arg202His,G16,B7A1R1_P0,B8A1R2_P0,TH,TH_Arg202His
RHEB,RHEB,I16,B7A1R1_P0,B8A1R2_P0,RHEB,RHEB
TH,TH_Pro454His,K16,B7A1R1_P0,B8A1R2_P0,TH,TH_Pro454His
TH,TH_Thr245Pro,M16,B7A1R1_P0,B8A1R2_P0,TH,TH_Thr245Pro
TH,TH_Thr368Met,O16,B7A1R1_P0,B8A1R2_P0,TH,TH_Thr368Met
TH,TH_Ala226Thr,A18,B7A1R1_P0,B8A1R2_P0,TH,TH_Ala226Thr
TH,TH_Arg200His,C18,B7A1R1_P0,B8A1R2_P0,TH,TH_Arg200His
TH,TH_Arg15His,E18,B7A1R1_P0,B8A1R2_P0,TH,TH_Arg15His
SLIRP,SLIRP,G18,B7A1R1_P0,B8A1R2_P0,SLIRP,SLIRP
TH,TH_Val136Met,I18,B7A1R1_P0,B8A1R2_P0,TH,TH_Val136Met
TH,TH_Thr7Pro,K18,B7A1R1_P0,B8A1R2_P0,TH,TH_Thr7Pro
TH,TH_Arg133His,M18,B7A1R1_P0,B8A1R2_P0,TH,TH_Arg133His
TH,TH_Pro121Leu,O18,B7A1R1_P0,B8A1R2_P0,TH,TH_Pro121Leu
TH,TH_Pro2Leu,A20,B7A1R1_P0,B8A1R2_P0,TH,TH_Pro2Leu
TH,TH_Arg89Arg,C20,B7A1R1_P0,B8A1R2_P0,TH,TH_Arg89Arg
PRKACB,PRKACB,E20,B7A1R1_P0,B8A1R2_P0,PRKACB,PRKACB
TH,TH_Pro88Leu,G20,B7A1R1_P0,B8A1R2_P0,TH,TH_Pro88Leu
TH,TH_Gln39Glu,I20,B7A1R1_P0,B8A1R2_P0,TH,TH_Gln39Glu
TH,TH_Glu27Asp,K20,B7A1R1_P0,B8A1R2_P0,TH,TH_Glu27Asp
TH,TH_Gln381Lys,M20,B7A1R1_P0,B8A1R2_P0,TH,TH_Gln381Lys
THAP1,THAP1,O20,B7A1R1_P0,B8A1R2_P0,THAP1,THAP1
THAP1,THAP1_Lys24Glu,A22,B7A1R1_P0,B8A1R2_P0,THAP1,THAP1_Lys24Glu
THAP1,THAP1_His23Pro,C22,B7A1R1_P0,B8A1R2_P0,THAP1,THAP1_His23Pro
THAP1,THAP1_Gly9Cys,E22,B7A1R1_P0,B8A1R2_P0,THAP1,THAP1_Gly9Cys
THAP1,THAP1_Lys89Arg,G22,B7A1R1_P0,B8A1R2_P0,THAP1,THAP1_Lys89Arg
THAP1,THAP1_Val193Ile,I22,B7A1R1_P0,B8A1R2_P0,THAP1,THAP1_Val193Ile
TIMM8A,TIMM8A,K22,B7A1R1_P0,B8A1R2_P0,TIMM8A,TIMM8A
TMEM43,TMEM43_Thr277Ser,M22,B7A1R1_P0,B8A1R2_P0,TMEM43,TMEM43_Thr277Ser
TMEM43,TMEM43_Arg28Trp,O22,B7A1R1_P0,B8A1R2_P0,TMEM43,TMEM43_Arg28Trp
TMEM43,TMEM43_Tyr371His,A24,B7A1R1_P0,B8A1R2_P0,TMEM43,TMEM43_Tyr371His
TMEM43,TMEM43_Glu85Lys,C24,B7A1R1_P0,B8A1R2_P0,TMEM43,TMEM43_Glu85Lys
TMEM43,TMEM43_Arg312Trp,E24,B7A1R1_P0,B8A1R2_P0,TMEM43,TMEM43_Arg312Trp
TMEM43,TMEM43_Arg299Thr,G24,B7A1R1_P0,B8A1R2_P0,TMEM43,TMEM43_Arg299Thr
TMEM43,TMEM43_Arg220Cys,I24,B7A1R1_P0,B8A1R2_P0,TMEM43,TMEM43_Arg220Cys
TMEM43,TMEM43_Ala366Thr,K24,B7A1R1_P0,B8A1R2_P0,TMEM43,TMEM43_Ala366Thr
TNFAIP3,TNFAIP3,M24,B7A1R1_P0,B8A1R2_P0,TNFAIP3,TNFAIP3
TNFRSF13B,TNFRSF13B,O24,B7A1R1_P0,B8A1R2_P0,TNFRSF13B,TNFRSF13B
TPK1,TPK1,B01,B7A1R1_P0,B8A1R2_P0,TPK1,TPK1
TPK1,TPK1_Asn50His,D01,B7A1R1_P0,B8A1R2_P0,TPK1,TPK1_Asn50His
TPM1,TPM1_Ala166Thr,F01,B7A1R1_P0,B8A1R2_P0,TPM1,TPM1_Ala166Thr
TPM1,TPM1_Ala63Val,H01,B7A1R1_P0,B8A1R2_P0,TPM1,TPM1_Ala63Val
TPM1,TPM1_Lys37Glu,J01,B7A1R1_P0,B8A1R2_P0,TPM1,TPM1_Lys37Glu
TPM1,TPM1_Ala239Thr,L01,B7A1R1_P0,B8A1R2_P0,TPM1,TPM1_Ala239Thr
TPM1,TPM1_Asp230Asn,N01,B7A1R1_P0,B8A1R2_P0,TPM1,TPM1_Asp230Asn
TPM1,TPM1_Arg160His,P01,B7A1R1_P0,B8A1R2_P0,TPM1,TPM1_Arg160His
TPM1,TPM1_Met8Arg,B03,B7A1R1_P0,B8A1R2_P0,TPM1,TPM1_Met8Arg
TPM1,TPM1_Leu185Arg,D03,B7A1R1_P0,B8A1R2_P0,TPM1,TPM1_Leu185Arg
TPM1,TPM1_Asn279His,F03,B7A1R1_P0,B8A1R2_P0,TPM1,TPM1_Asn279His
TPM1,TPM1_Ile172Thr,H03,B7A1R1_P0,B8A1R2_P0,TPM1,TPM1_Ile172Thr
TPM1,TPM1_Ile92Thr,J03,B7A1R1_P0,B8A1R2_P0,TPM1,TPM1_Ile92Thr
TPM1,TPM1_Glu180Val,L03,B7A1R1_P0,B8A1R2_P0,TPM1,TPM1_Glu180Val
TPM1,TPM1_Ser215Leu,N03,B7A1R1_P0,B8A1R2_P0,TPM1,TPM1_Ser215Leu
TPM1,TPM1_Ala22Thr,P03,B7A1R1_P0,B8A1R2_P0,TPM1,TPM1_Ala22Thr
TPM1,TPM1_Lys15Asn,B05,B7A1R1_P0,B8A1R2_P0,TPM1,TPM1_Lys15Asn
TPM1,TPM1_Glu54Lys,D05,B7A1R1_P0,B8A1R2_P0,TPM1,TPM1_Glu54Lys
,EGFP,F05,B7A1R1_P0,B8A1R2_P0,EGFP,EGFP
TPM1,TPM1_Glu180Gly,H05,B7A1R1_P0,B8A1R2_P0,TPM1,TPM1_Glu180Gly
TPM1,TPM1_Lys248Glu,J05,B7A1R1_P0,B8A1R2_P0,TPM1,TPM1_Lys248Glu
TPM1,TPM1_Glu23Gln,L05,B7A1R1_P0,B8A1R2_P0,TPM1,TPM1_Glu23Gln
TPM1,TPM1_Met281Thr,N05,B7A1R1_P0,B8A1R2_P0,TPM1,TPM1_Met281Thr
TPM1,TPM1_Glu40Lys,P05,B7A1R1_P0,B8A1R2_P0,TPM1,TPM1_Glu40Lys
TPM1,TPM1_Val95Ala,B07,B7A1R1_P0,B8A1R2_P0,TPM1,TPM1_Val95Ala
TPM3,TPM3,D07,B7A1R1_P0,B8A1R2_P0,TPM3,TPM3
TPM3,TPM3_Ala4Val,F07,B7A1R1_P0,B8A1R2_P0,,
ALK,ALK,H07,B7A1R1_P0,B8A1R2_P0,,
TRAF3,TRAF3,J07,B7A1R1_P0,B8A1R2_P0,,
TRAF3,TRAF3_Arg118Trp,L07,B7A1R1_P0,B8A1R2_P0,TREX1,TREX1
TREX1,TREX1,N07,B7A1R1_P0,B8A1R2_P0,TRIB3,TRIB3
TRIB3,TRIB3,P07,B7A1R1_P0,B8A1R2_P0,TRIM2,TRIM2
TRIM2,TRIM2,B09,B7A1R1_P0,B8A1R2_P0,TRIM32,TRIM32
TRIM32,TRIM32,D09,B7A1R1_P0,B8A1R2_P0,TSFM,TSFM
TSFM,TSFM,F09,B7A1R1_P0,B8A1R2_P0,TTPA,TTPA
TTPA,TTPA,H09,B7A1R1_P0,B8A1R2_P0,TTPA,TTPA_Asp64Gly
ALK,ALK_Arg1275Gln,J09,B7A1R1_P0,B8A1R2_P0,,
TTPA,TTPA_Asp64Gly,L09,B7A1R1_P0,B8A1R2_P0,TTPA,TTPA_Ala120Thr
TTPA,TTPA_Ala120Thr,N09,B7A1R1_P0,B8A1R2_P0,TTPA,TTPA_Leu183Pro
TTPA,TTPA_Leu183Pro,P09,B7A1R1_P0,B8A1R2_P0,TTPA,TTPA_His101Gln
TTPA,TTPA_His101Gln,B11,B7A1R1_P0,B8A1R2_P0,TTPA,TTPA_Glu141Lys
TTPA,TTPA_Glu141Lys,D11,B7A1R1_P0,B8A1R2_P0,TTPA,TTPA_Arg192His
TTPA,TTPA_Arg192His,F11,B7A1R1_P0,B8A1R2_P0,TTPA,TTPA_Gly246Arg
TTPA,TTPA_Gly246Arg,H11,B7A1R1_P0,B8A1R2_P0,TTR,TTR
TTR,TTR,J11,B7A1R1_P0,B8A1R2_P0,TTR,TTR_Lys146Arg
PTK2B,PTK2B,L11,B7A1R1_P0,B8A1R2_P0,,
TTR,TTR_Lys146Arg,N11,B7A1R1_P0,B8A1R2_P0,TTR,TTR_Asp119Asn
TTR,TTR_Asp119Asn,P11,B7A1R1_P0,B8A1R2_P0,TTR,TTR_Gly26Ser
TTR,TTR_Gly26Ser,B13,B7A1R1_P0,B8A1R2_P0,TUFM,TUFM
TUFM,TUFM,D13,B7A1R1_P0,B8A1R2_P0,TUFM,TUFM_Gly149Ser
TUFM,TUFM_Gly149Ser,F13,B7A1R1_P0,B8A1R2_P0,TUFM,TUFM_Arg339Gln
TUFM,TUFM_Arg339Gln,H13,B7A1R1_P0,B8A1R2_P0,UBE3A,UBE3A
UBE3A,UBE3A,J13,B7A1R1_P0,B8A1R2_P0,UBQLN2,UBQLN2
MAPK9,MAPK9,L13,B7A1R1_P0,B8A1R2_P0,,
UBQLN2,UBQLN2,N13,B7A1R1_P0,B8A1R2_P0,UBQLN2,UBQLN2_Pro506Thr
UBQLN2,UBQLN2_Pro506Thr,P13,B7A1R1_P0,B8A1R2_P0,UBQLN2,UBQLN2_Pro497His
UBQLN2,UBQLN2_Pro497His,B15,B7A1R1_P0,B8A1R2_P0,UBQLN2,UBQLN2_Pro497Ser
UBQLN2,UBQLN2_Pro497Ser,D15,B7A1R1_P0,B8A1R2_P0,UBQLN2,UBQLN2_Pro509Ser
UBQLN2,UBQLN2_Pro509Ser,F15,B7A1R1_P0,B8A1R2_P0,UBQLN2,UBQLN2_Pro525Ser
UBQLN2,UBQLN2_Pro525Ser,H15,B7A1R1_P0,B8A1R2_P0,UNC119,UNC119
RHEB,RHEB,J15,B7A1R1_P0,B8A1R2_P0,RHEB,RHEB
UNC119,UNC119,L15,B7A1R1_P0,B8A1R2_P0,UNC119,UNC119_Gly22Val
UNC119,UNC119_Gly22Val,N15,B7A1R1_P0,B8A1R2_P0,UROD,UROD
UROD,UROD,P15,B7A1R1_P0,B8A1R2_P0,UROD,UROD_Gly318Arg
UROD,UROD_Gly318Arg,B17,B7A1R1_P0,B8A1R2_P0,VAPB,VAPB
VAPB,VAPB,D17,B7A1R1_P0,B8A1R2_P0,VPS33B,VPS33B
VPS33B,VPS33B,F17,B7A1R1_P0,B8A1R2_P0,WDR5,WDR5
SLIRP,SLIRP,H17,B7A1R1_P0,B8A1R2_P0,SLIRP,SLIRP
WDR5,WDR5,J17,B7A1R1_P0,B8A1R2_P0,WRAP53,WRAP53
WRAP53,WRAP53,L17,B7A1R1_P0,B8A1R2_P0,WRAP53,WRAP53_Arg398Trp
WRAP53,WRAP53_Arg398Trp,N17,B7A1R1_P0,B8A1R2_P0,WRAP53,WRAP53_Arg68Gly
WRAP53,WRAP53_Arg68Gly,P17,B7A1R1_P0,B8A1R2_P0,XPA,XPA
XPA,XPA,B19,B7A1R1_P0,B8A1R2_P0,XPA,XPA_Cys108Phe
XPA,XPA_Cys108Phe,D19,B7A1R1_P0,B8A1R2_P0,XRCC2,XRCC2
PRKACB,PRKACB,F19,B7A1R1_P0,B8A1R2_P0,PRKACB,PRKACB
XRCC2,XRCC2,H19,B7A1R1_P0,B8A1R2_P0,XRCC2,XRCC2_Phe270Val
XRCC2,XRCC2_Phe270Val,J19,B7A1R1_P0,B8A1R2_P0,ZCCHC12,ZCCHC12
ZCCHC12,ZCCHC12,L19,B7A1R1_P0,B8A1R2_P0,ZMYND10,ZMYND10
ZMYND10,ZMYND10,N19,B7A1R1_P0,B8A1R2_P0,ZMYND10,ZMYND10_Arg340Gln
ZMYND10,ZMYND10_Arg340Gln,P19,B7A1R1_P0,B8A1R2_P0,ZMYND10,ZMYND10_Arg243Cys
ZMYND10,ZMYND10_Arg243Cys,B21,B7A1R1_P0,B8A1R2_P0,ZNF24,ZNF24
ZNF24,ZNF24,D21,B7A1R1_P0,B8A1R2_P0,ZNF624,ZNF624
ZNF624,ZNF624,F21,B7A1R1_P0,B8A1R2_P0,,
,,H21,B7A1R1_P0,B8A1R2_P0,,
,,J21,B7A1R1_P0,B8A1R2_P0,,
,,L21,B7A1R1_P0,B8A1R2_P0,,
,,N21,B7A1R1_P0,B8A1R2_P0,,
,,P21,B7A1R1_P0,B8A1R2_P0,,
,,B23,B7A1R1_P0,B8A1R2_P0,,
,,D23,B7A1R1_P0,B8A1R2_P0,,
,,F23,B7A1R1_P0,B8A1R2_P0,,
,,H23,B7A1R1_P0,B8A1R2_P0,,
,,J23,B7A1R1_P0,B8A1R2_P0,,
,,L23,B7A1R1_P0,B8A1R2_P0,,
,,N23,B7A1R1_P0,B8A1R2_P0,,
,,P23,B7A1R1_P0,B8A1R2_P0,,
ABL1,ABL1,B02,B7A1R1_P0,B8A1R2_P0,ABL1,ABL1
ADA,ADA,D02,B7A1R1_P0,B8A1R2_P0,ADA,ADA
ALDH2,ALDH2,F02,B7A1R1_P0,B8A1R2_P0,ALDH2,ALDH2
BRD4,BRD4,H02,B7A1R1_P0,B8A1R2_P0,BRD4,BRD4
CHRM3,CHRM3,J02,B7A1R1_P0,B8A1R2_P0,CHRM3,CHRM3
CSK,CSK,L02,B7A1R1_P0,B8A1R2_P0,CSK,CSK
CYP2A6,CYP2A6,N02,B7A1R1_P0,B8A1R2_P0,CYP2A6,CYP2A6
GHSR,GHSR,P02,B7A1R1_P0,B8A1R2_P0,GHSR,GHSR
KCNQ2,KCNQ2,B04,B7A1R1_P0,B8A1R2_P0,KCNQ2,KCNQ2
KRAS,KRAS,D04,B7A1R1_P0,B8A1R2_P0,KRAS,KRAS
LPAR1,LPAR1,F04,B7A1R1_P0,B8A1R2_P0,LPAR1,LPAR1
LPAR1,LPAR1,H04,B7A1R1_P0,B8A1R2_P0,LPAR1,LPAR1
LYN,LYN,J04,B7A1R1_P0,B8A1R2_P0,LYN,LYN
OPRM1,OPRM1,L04,B7A1R1_P0,B8A1R2_P0,OPRM1,OPRM1
PAK1,PAK1,N04,B7A1R1_P0,B8A1R2_P0,PAK1,PAK1
PRKCE,PRKCE,P04,B7A1R1_P0,B8A1R2_P0,PRKCE,PRKCE
PTK2B,PTK2B,B06,B7A1R1_P0,B8A1R2_P0,,
TNF,TNF,D06,B7A1R1_P0,B8A1R2_P0,TNF,TNF
,EGFP,F06,B7A1R1_P0,B8A1R2_P0,EGFP,EGFP
Renilla,Renilla,H06,B7A1R1_P0,B8A1R2_P0,Renilla,Renilla
PMP22,WT PMP22,J06,B7A1R1_P0,B8A1R2_P0,WT PMP22,WT PMP22
PLP1,PLP1,L06,B7A1R1_P0,B8A1R2_P0,PLP1,PLP1
ALK,ALK T1151M,N06,B7A1R1_P0,B8A1R2_P0,ALK T1151M,ALK T1151M
,EGFP,P06,B7A1R1_P0,B8A1R2_P0,EGFP,EGFP
ACACB,ACACB,B08,B7A1R1_P0,B8A1R2_P0,ACACB,ACACB
ACACB,ACACB_Val958Met,D08,B7A1R1_P0,B8A1R2_P0,ACACB,ACACB_Val958Met
ACACB,ACACB_Val1611Met,F08,B7A1R1_P0,B8A1R2_P0,ACACB,ACACB_Val1611Met
ALK,ALK,H08,B7A1R1_P0,B8A1R2_P0,,
RB1,RB1,J08,B7A1R1_P0,B8A1R2_P0,RB1,RB1
PTPRS,PTPRS,L08,B7A1R1_P0,B8A1R2_P0,PTPRS,PTPRS
PTPRS,PTPRS_Pro548Leu,N08,B7A1R1_P0,B8A1R2_P0,PTPRS,PTPRS_Pro548Leu
TEAD2,TEAD2,P08,B7A1R1_P0,B8A1R2_P0,TEAD2,TEAD2
TEAD2,TEAD2_Pro213Ser,B10,B7A1R1_P0,B8A1R2_P0,TEAD2,TEAD2_Pro213Ser
TEAD2,TEAD2_Gly226Ala,D10,B7A1R1_P0,B8A1R2_P0,TEAD2,TEAD2_Gly226Ala
ALK,ALK_Arg1275Gln,J10,B7A1R1_P0,B8A1R2_P0,ALK,ALK_Arg1275Gln
PTK2B,PTK2B,L12,B7A1R1_P0,B8A1R2_P0,,
MAPK9,MAPK9,L14,B7A1R1_P0,B8A1R2_P0,MAPK9,MAPK9
RHEB,RHEB,J16,B7A1R1_P0,B8A1R2_P0,RHEB,RHEB
SLIRP,SLIRP,H18,B7A1R1_P0,B8A1R2_P0,SLIRP,SLIRP
PRKACB,PRKACB,F20,B7A1R1_P0,B8A1R2_P0,PRKACB,PRKACB
APOD,APOD,C01,B7A2R1_P1,B8A2R2_P1,CSNK1D,CSNK1D
TRAF3,TRAF3,E01,B7A2R1_P1,B8A2R2_P1,,
CRYBB1,CRYBB1,K01,B7A2R1_P1,B8A2R2_P1,,
FKBP6,FKBP6,M01,B7A2R1_P1,B8A2R2_P1,Z98749.3,Z98749.3
AP2S1,AP2S1,C03,B7A2R1_P1,B8A2R2_P1,,
PNKP,PNKP,I03,B7A2R1_P1,B8A2R2_P1,NMB,NMB
CTNNA3,CTNNA3,O03,B7A2R1_P1,B8A2R2_P1,IL36RN,IL36RN
CSNK1D,CSNK1D,C05,B7A2R1_P1,B8A2R2_P1,SMAD3,SMAD3
IL10,IL10,I05,B7A2R1_P1,B8A2R2_P1,PNKP,PNKP
CUL3,CUL3,O05,B7A2R1_P1,B8A2R2_P1,BLK,BLK
PLOD3,PLOD3,C07,B7A2R1_P1,B8A2R2_P1,CLDN19,CLDN19
CCBE1,CCBE1,E07,B7A2R1_P1,B8A2R2_P1,AGXT,AGXT_Glu371Lys
PHYH,PHYH,K07,B7A2R1_P1,B8A2R2_P1,,
PHYH,PHYH,E09,B7A2R1_P1,B8A2R2_P1,,
HS6ST1,HS6ST1,G09,B7A2R1_P1,B8A2R2_P1,,
BLK,BLK,K09,B7A2R1_P1,B8A2R2_P1,,
CACNB2,CACNB2,O09,B7A2R1_P1,B8A2R2_P1,CRYBB1,CRYBB1
NPPA,NPPA,A11,B7A2R1_P1,B8A2R2_P1,IL36RN,IL36RN
SMARCB1,SMARCB1,C11,B7A2R1_P1,B8A2R2_P1,IL2RG,IL2RG_Glu109Lys
IL36RN,IL36RN,I11,B7A2R1_P1,B8A2R2_P1,,
SYNGR1,SYNGR1,G13,B7A2R1_P1,B8A2R2_P1,PNKP,PNKP
MSRB3,MSRB3,I13,B7A2R1_P1,B8A2R2_P1,SMAD3_Ile87Thr,SMAD3_Ile87Thr
CTH,CTH,O13,B7A2R1_P1,B8A2R2_P1,,
HGD,HGD,G15,B7A2R1_P1,B8A2R2_P1,,
FOXP3,FOXP3,M15,B7A2R1_P1,B8A2R2_P1,RASA1,RASA1
GFAP,GFAP,K17,B7A2R1_P1,B8A2R2_P1,BLK,BLK
TPM2,TPM2,C02,B7A2R1_P1,B8A2R2_P1,CSNK1D,CSNK1D
SMAD3,SMAD3,E02,B7A2R1_P1,B8A2R2_P1,GFAP,GFAP
SMAD3,SMAD3_Ile87Thr,M06,B7A2R1_P1,B8A2R2_P1,ZMYND10,ZMYND10_Leu266Pro
DBH,DBH,O12,B7A2R1_P1,B8A2R2_P1,PYGL,PYGL_Arg491Cys
NR0B1,NR0B1,A14,B7A2R1_P1,B8A2R2_P1,CRYBB1,CRYBB1
NR0B1,NR0B1_Trp105Cys,A16,B7A2R1_P1,B8A2R2_P1,,
IMPDH1,IMPDH1,C16,B7A2R1_P1,B8A2R2_P1,KCNJ2,KCNJ2_Gly206Ser
CLDN19,CLDN19,O16,B7A2R1_P1,B8A2R2_P1,IL2RG,IL2RG_Glu109Lys
TPM1,TPM1,E18,B7A2R1_P1,B8A2R2_P1,CCBE1,CCBE1
TPM1,TPM1_Ala277Val,E22,B7A2R1_P1,B8A2R2_P1,APOA1,APOA1_Gly50Arg
TPM1,TPM1_Asp175Asn,G24,B7A2R1_P1,B8A2R2_P1,,
HINT1,HINT1,O24,B7A2R1_P1,B8A2R2_P1,AP2S1,AP2S1
KCNJ2,KCNJ2,B01,B7A2R1_P1,B8A2R2_P1,MSRB3,MSRB3
KCNJ2,KCNJ2_Gly206Ser,H01,B7A2R1_P1,B8A2R2_P1,BANF1,BANF1_Ala12Thr
KCNJ2,KCNJ2_Asp172Asn,F07,B7A2R1_P1,B8A2R2_P1,,
KCNJ2,KCNJ2_Pro420Leu,L09,B7A2R1_P1,B8A2R2_P1,APOA1,APOA1_Gly50Arg
PRPS1,PRPS1,D13,B7A2R1_P1,B8A2R2_P1,PNKP,PNKP
VHL,VHL,J13,B7A2R1_P1,B8A2R2_P1,SMAD3,SMAD3_Ile87Thr
PHKG2,PHKG2,N13,B7A2R1_P1,B8A2R2_P1,KCTD1,KCTD1_Pro31His
STOX1,STOX1,P13,B7A2R1_P1,B8A2R2_P1,,
SFTPA2,SFTPA2,B15,B7A2R1_P1,B8A2R2_P1,CSNK1D,CSNK1D
SFTPA2,SFTPA2_Ala91Pro,H15,B7A2R1_P1,B8A2R2_P1,LIG4,LIG4_Ala3Val
Z98749.3,Z98749.3,N15,B7A2R1_P1,B8A2R2_P1,TH,TH_Ala6Thr
NMB,NMB,P15,B7A2R1_P1,B8A2R2_P1,NR0B1,NR0B1
ASPA,ASPA,B17,B7A2R1_P1,B8A2R2_P1,HS6ST1,HS6ST1
IGFBP5,IGFBP5,D17,B7A2R1_P1,B8A2R2_P1,MVK,MVK_Asn301Thr
AGXT,AGXT_Arg289Cys,J17,B7A2R1_P1,B8A2R2_P1,VAPB,VAPB_Thr46Ile
AGXT,AGXT_Glu371Lys,L17,B7A2R1_P1,B8A2R2_P1,CACNB2,CACNB2
PYGL,PYGL_Asn632Ile,P17,B7A2R1_P1,B8A2R2_P1,,
PYGL,PYGL_Arg491Cys,B19,B7A2R1_P1,B8A2R2_P1,RASA1,RASA1
PYGL,PYGL_Gly233Asp,D19,B7A2R1_P1,B8A2R2_P1,,
PYGL,PYGL_Asn377Lys,H19,B7A2R1_P1,B8A2R2_P1,,
LITAF,LITAF_Pro51Ser,L19,B7A2R1_P1,B8A2R2_P1,AGXT,AGXT_Arg289Cys
ACSF3,ACSF3_Ala17Pro,P19,B7A2R1_P1,B8A2R2_P1,FKBP6,FKBP6
ACSF3,ACSF3_Lys195Arg,B21,B7A2R1_P1,B8A2R2_P1,PNKP,PNKP
MVK,MVK_Asn301Thr,F21,B7A2R1_P1,B8A2R2_P1,PHKG2,PHKG2
MVK,MVK_Gly211Ala,H21,B7A2R1_P1,B8A2R2_P1,CLDN19,CLDN19
MLH1,MLH1_Pro654Leu,L21,B7A2R1_P1,B8A2R2_P1,CSNK1D,CSNK1D
MLH1,MLH1_Glu663Asp,N21,B7A2R1_P1,B8A2R2_P1,IL10,IL10
MLH1,MLH1_Leu559Pro,P21,B7A2R1_P1,B8A2R2_P1,CRYBB1,CRYBB1
TH,TH_Ala6Thr,D23,B7A2R1_P1,B8A2R2_P1,IL10,IL10
TFG,TFG_Pro285Leu,H23,B7A2R1_P1,B8A2R2_P1,Z98749.3,Z98749.3
BANF1,BANF1_Ala12Thr,L23,B7A2R1_P1,B8A2R2_P1,PLOD3,PLOD3
IRAK4,IRAK4_Arg12Cys,P23,B7A2R1_P1,B8A2R2_P1,IGFBP5,IGFBP5
VAPB,VAPB_Thr46Ile,D02,B7A2R1_P1,B8A2R2_P1,MSRB3,MSRB3
ZMYND10,ZMYND10_Leu266Pro,H02,B7A2R1_P1,B8A2R2_P1,IL36RN,IL36RN
KCTD1,KCTD1_Pro31His,L02,B7A2R1_P1,B8A2R2_P1,ACSF3,ACSF3_Ala17Pro
KRT6A,KRT6A_Asn171Tyr,P02,B7A2R1_P1,B8A2R2_P1,SMAD3,SMAD3
EXOC8,EXOC8_Glu261Gly,D04,B7A2R1_P1,B8A2R2_P1,IL36RN,IL36RN
APOA1,APOA1_Gly50Arg,H04,B7A2R1_P1,B8A2R2_P1,,
IL2RG,IL2RG_Glu109Lys,L04,B7A2R1_P1,B8A2R2_P1,NPPA,NPPA
RASA1,RASA1_RASA1,P04,B7A2R1_P1,B8A2R2_P1,MVK,MVK_Asn301Thr
COQ8A,COQ8A_His85Gln,D06,B7A2R1_P1,B8A2R2_P1,,
LIG4,LIG4,H06,B7A2R1_P1,B8A2R2_P1,,
LIG4,LIG4_Ala3Val,J06,B7A2R1_P1,B8A2R2_P1,,
LIG4,LIG4_Gly469Glu,L06,B7A2R1_P1,B8A2R2_P1,,
PKP2,PKP2_Lys610Gln,P06,B7A2R1_P1,B8A2R2_P1,,