symbol,gene_allele,imaging_well,imaging_plate_R1,imaging_plate_R2,node_type,orf_id_wt,ccsb_mutation_id,nt_change_cdna,aa_change,allele_set,imaging_plate,batch1,batch2
ABCD1,ABCD1_,A01,B13A7A8P1_R1,B14A7A8P1_R2,disease_wt,100008637,,,,7,1,13,14
ABCD1,ABCD1_Arg518Trp,C01,B13A7A8P1_R1,B14A7A8P1_R2,allele,100008637,CCSBVarC007022,1552C>T,Arg518Trp,7,1,13,14
ABCD1,ABCD1_Arg389Gly,E01,B13A7A8P1_R1,B14A7A8P1_R2,allele,100008637,CCSBVarC007023,1165C>G,Arg389Gly,7,1,13,14
ABCD1,ABCD1_Arg518Gln,G01,B13A7A8P1_R1,B14A7A8P1_R2,allele,100008637,CCSBVarC007021,1553G>A,Arg518Gln,7,1,13,14
BAP1,BAP1_,I01,B13A7A8P1_R1,B14A7A8P1_R2,disease_wt,3760,,,,7,1,13,14
BAP1,BAP1_Ser596Gly,K01,B13A7A8P1_R1,B14A7A8P1_R2,allele,3760,CCSBVarC009473,1786A>G,Ser596Gly,7,1,13,14
BAP1,BAP1_Thr423Lys,M01,B13A7A8P1_R1,B14A7A8P1_R2,allele,3760,CCSBVarC009476,1268C>A,Thr423Lys,7,1,13,14
BAP1,BAP1_Asn290Ser,O01,B13A7A8P1_R1,B14A7A8P1_R2,allele,3760,CCSBVarC009478,869A>G,Asn290Ser,7,1,13,14
BAP1,BAP1_Cys91Gly,A03,B13A7A8P1_R1,B14A7A8P1_R2,allele,3760,CCSBVarC009482,271T>G,Cys91Gly,7,1,13,14
BAP1,BAP1_Cys91Ser,C03,B13A7A8P1_R1,B14A7A8P1_R2,allele,3760,CCSBVarC009484,272G>C,Cys91Ser,7,1,13,14
BAP1,BAP1_Arg718Gln,E03,B13A7A8P1_R1,B14A7A8P1_R2,allele,3760,CCSBVarC009488,2153G>A,Arg718Gln,7,1,13,14
BAP1,BAP1_Leu49Pro,G03,B13A7A8P1_R1,B14A7A8P1_R2,allele,3760,CCSBVarC009492,146T>C,Leu49Pro,7,1,13,14
BAP1,BAP1_Pro12Thr,I03,B13A7A8P1_R1,B14A7A8P1_R2,allele,3760,CCSBVarC009495,34C>A,Pro12Thr,7,1,13,14
BAP1,BAP1_Glu31Lys,K03,B13A7A8P1_R1,B14A7A8P1_R2,allele,3760,CCSBVarC009499,91G>A,Glu31Lys,7,1,13,14
BAP1,BAP1_Arg59Pro,M03,B13A7A8P1_R1,B14A7A8P1_R2,allele,3760,CCSBVarC009502,176G>C,Arg59Pro,7,1,13,14
BAP1,BAP1_Thr93Ala,O03,B13A7A8P1_R1,B14A7A8P1_R2,allele,3760,CCSBVarC009507,277A>G,Thr93Ala,7,1,13,14
BCL10,BCL10_,A05,B13A7A8P1_R1,B14A7A8P1_R2,disease_wt,11832,,,,7,1,13,14
BCL10,BCL10_Ala5Ser,C05,B13A7A8P1_R1,B14A7A8P1_R2,allele,11832,CCSBVarC001763,13G>T,Ala5Ser,7,1,13,14
BCL10,BCL10_Leu8Leu,G05,B13A7A8P1_R1,B14A7A8P1_R2,allele,11832,CCSBVarC001764,24C>G,Leu8Leu,7,1,13,14
BRAF,BRAF_,I05,B13A7A8P1_R1,B14A7A8P1_R2,disease_wt,71969,,,,7,1,13,14
BRAF,BRAF_Gly464Val,K05,B13A7A8P1_R1,B14A7A8P1_R2,allele,71969,CCSBVarC003158,1391G>T,Gly464Val,7,1,13,14
BRAF,BRAF_Phe468Ser,M05,B13A7A8P1_R1,B14A7A8P1_R2,allele,71969,CCSBVarC003159,1403T>C,Phe468Ser,7,1,13,14
BRAF,BRAF_Gly469Glu,O05,B13A7A8P1_R1,B14A7A8P1_R2,allele,71969,CCSBVarC003160,1406G>A,Gly469Glu,7,1,13,14
BRAF,BRAF_Val471Phe,A07,B13A7A8P1_R1,B14A7A8P1_R2,allele,71969,CCSBVarC003161,1411G>T,Val471Phe,7,1,13,14
BRAF,BRAF_Leu485Phe,C07,B13A7A8P1_R1,B14A7A8P1_R2,allele,71969,CCSBVarC003163,1455G>C,Leu485Phe,7,1,13,14
BRAF,BRAF_Val487Gly,E07,B13A7A8P1_R1,B14A7A8P1_R2,allele,71969,CCSBVarC003164,1460T>G,Val487Gly,7,1,13,14
BRAF,BRAF_Lys499Asn,I07,B13A7A8P1_R1,B14A7A8P1_R2,allele,71969,CCSBVarC003166,1497A>C,Lys499Asn,7,1,13,14
BRAF,BRAF_Glu501Lys,K07,B13A7A8P1_R1,B14A7A8P1_R2,allele,71969,CCSBVarC003167,1501G>A,Glu501Lys,7,1,13,14
BRAF,BRAF_Glu501Val,M07,B13A7A8P1_R1,B14A7A8P1_R2,allele,71969,CCSBVarC003169,1502A>T,Glu501Val,7,1,13,14
BRAF,BRAF_Asp565Glu,O07,B13A7A8P1_R1,B14A7A8P1_R2,allele,71969,CCSBVarC003170,1695T>G,Asp565Glu,7,1,13,14
BRAF,BRAF_Phe595Leu,A09,B13A7A8P1_R1,B14A7A8P1_R2,allele,71969,CCSBVarC002859,1785T>G,Phe595Leu,7,1,13,14
BRAF,BRAF_Gly596Val,C09,B13A7A8P1_R1,B14A7A8P1_R2,allele,71969,CCSBVarC003171,1787G>T,Gly596Val,7,1,13,14
BRAF,BRAF_Val600Gly,E09,B13A7A8P1_R1,B14A7A8P1_R2,allele,71969,CCSBVarC003172,1799T>G,Val600Gly,7,1,13,14
BRAF,BRAF_Thr241Arg,G09,B13A7A8P1_R1,B14A7A8P1_R2,allele,71969,CCSBVarC003154,722C>G,Thr241Arg,7,1,13,14
BRAF,BRAF_Leu245Phe,K09,B13A7A8P1_R1,B14A7A8P1_R2,allele,71969,CCSBVarC003155,735A>T,Leu245Phe,7,1,13,14
BRAF,BRAF_Gln257Arg,M09,B13A7A8P1_R1,B14A7A8P1_R2,allele,71969,CCSBVarC003156,770A>G,Gln257Arg,7,1,13,14
BRAF,BRAF_Gln262Lys,O09,B13A7A8P1_R1,B14A7A8P1_R2,allele,71969,CCSBVarC003157,784C>A,Gln262Lys,7,1,13,14
BRCA1,BRCA1_,A11,B13A7A8P1_R1,B14A7A8P1_R2,disease_wt,14613,,,,7,1,13,14
BRCA1,BRCA1_Tyr179Cys,C11,B13A7A8P1_R1,B14A7A8P1_R2,allele,14613,CCSBVarC002122,536A>G,Tyr179Cys,7,1,13,14
BRCA1,BRCA1_Arg391Met,E11,B13A7A8P1_R1,B14A7A8P1_R2,allele,14613,CCSBVarC002123,1172G>T,Arg391Met,7,1,13,14
BRCA1,BRCA1_Met1Thr,G11,B13A7A8P1_R1,B14A7A8P1_R2,allele,14613,CCSBVarC003294,2T>C,Met1Thr,7,1,13,14
BRCA1,BRCA1_Met1Ile,I11,B13A7A8P1_R1,B14A7A8P1_R2,allele,14613,CCSBVarC003295,3G>T,Met1Ile,7,1,13,14
BRCA1,BRCA1_Cys44Tyr,M11,B13A7A8P1_R1,B14A7A8P1_R2,allele,14613,CCSBVarC003296,131G>A,Cys44Tyr,7,1,13,14
BRCA1,BRCA1_Arg71Lys,O11,B13A7A8P1_R1,B14A7A8P1_R2,allele,14613,CCSBVarC003297,212G>A,Arg71Lys,7,1,13,14
BRCA1,BRCA1_Glu116Lys,A13,B13A7A8P1_R1,B14A7A8P1_R2,allele,14613,CCSBVarC003298,346G>A,Glu116Lys,7,1,13,14
BRCA1,BRCA1_Lys502Glu,C13,B13A7A8P1_R1,B14A7A8P1_R2,allele,14613,CCSBVarC003301,1504A>G,Lys502Glu,7,1,13,14
BRCA1,BRCA1_Thr581Ile,E13,B13A7A8P1_R1,B14A7A8P1_R2,allele,14613,CCSBVarC003303,1742C>T,Thr581Ile,7,1,13,14
BRCA1,BRCA1_Thr587Arg,G13,B13A7A8P1_R1,B14A7A8P1_R2,allele,14613,CCSBVarC003304,1760C>G,Thr587Arg,7,1,13,14
BRCA1,BRCA1_Phe591Leu,I13,B13A7A8P1_R1,B14A7A8P1_R2,allele,14613,CCSBVarC003305,1773T>A,Phe591Leu,7,1,13,14
BRCA1,BRCA1_Arg595Gln,M13,B13A7A8P1_R1,B14A7A8P1_R2,allele,14613,CCSBVarC003306,1784G>A,Arg595Gln,7,1,13,14
BRCA1,BRCA1_Glu631Lys,O13,B13A7A8P1_R1,B14A7A8P1_R2,allele,14613,CCSBVarC003307,1891G>A,Glu631Lys,7,1,13,14
BRCA1,BRCA1_Leu660Pro,A15,B13A7A8P1_R1,B14A7A8P1_R2,allele,14613,CCSBVarC003309,1979T>C,Leu660Pro,7,1,13,14
BRCA1,BRCA1_Ser408Ile,C15,B13A7A8P1_R1,B14A7A8P1_R2,allele,14613,CCSBVarC011797,1223G>T,Ser408Ile,7,1,13,14
BRCA1,BRCA1_His299Tyr,E15,B13A7A8P1_R1,B14A7A8P1_R2,allele,14613,CCSBVarC011806,895C>T,His299Tyr,7,1,13,14
BRCA1,BRCA1_Gly666Val,G15,B13A7A8P1_R1,B14A7A8P1_R2,allele,14613,CCSBVarC011818,1997G>T,Gly666Val,7,1,13,14
BRCA1,BRCA1_Ser611Arg,K15,B13A7A8P1_R1,B14A7A8P1_R2,allele,14613,CCSBVarC011835,1833C>G,Ser611Arg,7,1,13,14
BRCA1,BRCA1_Thr37Lys,M15,B13A7A8P1_R1,B14A7A8P1_R2,allele,14613,CCSBVarC011837,110C>A,Thr37Lys,7,1,13,14
BRCA1,BRCA1_Cys64Tyr,O15,B13A7A8P1_R1,B14A7A8P1_R2,allele,14613,CCSBVarC011839,191G>A,Cys64Tyr,7,1,13,14
BRCA1,BRCA1_Cys64Ser,A17,B13A7A8P1_R1,B14A7A8P1_R2,allele,14613,CCSBVarC011841,191G>C,Cys64Ser,7,1,13,14
BRCA1,BRCA1_Thr581Ala,C17,B13A7A8P1_R1,B14A7A8P1_R2,allele,14613,CCSBVarC011843,1741A>G,Thr581Ala,7,1,13,14
BRCA1,BRCA1_Ser611Arg,E17,B13A7A8P1_R1,B14A7A8P1_R2,allele,14613,CCSBVarC011847,1831A>C,Ser611Arg,7,1,13,14
BRCA1,BRCA1_Val632Ala,I17,B13A7A8P1_R1,B14A7A8P1_R2,allele,14613,CCSBVarC011853,1895T>C,Val632Ala,7,1,13,14
BRCA1,BRCA1_Arg71Gly,K17,B13A7A8P1_R1,B14A7A8P1_R2,allele,14613,CCSBVarC011856,211A>G,Arg71Gly,7,1,13,14
BRCA1,BRCA1_Cys39Arg,M17,B13A7A8P1_R1,B14A7A8P1_R2,allele,14613,CCSBVarC011862,115T>C,Cys39Arg,7,1,13,14
BRCA1,BRCA1_His41Arg,O17,B13A7A8P1_R1,B14A7A8P1_R2,allele,14613,CCSBVarC011865,122A>G,His41Arg,7,1,13,14
BRCA1,BRCA1_Glu455Lys,A19,B13A7A8P1_R1,B14A7A8P1_R2,allele,14613,CCSBVarC011868,1363G>A,Glu455Lys,7,1,13,14
BRCA1,BRCA1_Met671Lys,C19,B13A7A8P1_R1,B14A7A8P1_R2,allele,14613,CCSBVarC011871,2012T>A,Met671Lys,7,1,13,14
BRCA1,BRCA1_Cys61Gly,G19,B13A7A8P1_R1,B14A7A8P1_R2,allele,14613,CCSBVarC011874,181T>G,Cys61Gly,7,1,13,14
BRCA1,BRCA1_Phe558Ser,I19,B13A7A8P1_R1,B14A7A8P1_R2,allele,14613,CCSBVarC013021,1673T>C,Phe558Ser,7,1,13,14
BRCA1,BRCA1_Pro533Leu,K19,B13A7A8P1_R1,B14A7A8P1_R2,allele,14613,CCSBVarC013043,1598C>T,Pro533Leu,7,1,13,14
BRCA1,BRCA1_Met548Ile,M19,B13A7A8P1_R1,B14A7A8P1_R2,allele,14613,CCSBVarC013069,1644G>A,Met548Ile,7,1,13,14
BRCA1,BRCA1_Val275Ile,O19,B13A7A8P1_R1,B14A7A8P1_R2,allele,14613,CCSBVarC013078,823G>A,Val275Ile,7,1,13,14
BRCA1,BRCA1_Ala102Gly,A21,B13A7A8P1_R1,B14A7A8P1_R2,allele,14613,CCSBVarC013080,305C>G,Ala102Gly,7,1,13,14
BRCA1,BRCA1_Asp67Tyr,C21,B13A7A8P1_R1,B14A7A8P1_R2,allele,14613,CCSBVarC013083,199G>T,Asp67Tyr,7,1,13,14
BRCA1,BRCA1_Ser186Tyr,E21,B13A7A8P1_R1,B14A7A8P1_R2,allele,14613,CCSBVarC013090,557C>A,Ser186Tyr,7,1,13,14
BRCA1,BRCA1_Asn132Lys,G21,B13A7A8P1_R1,B14A7A8P1_R2,allele,14613,CCSBVarC013093,396C>A,Asn132Lys,7,1,13,14
BRCA1,BRCA1_Gly602Ala,I21,B13A7A8P1_R1,B14A7A8P1_R2,allele,14613,CCSBVarC013096,1805G>C,Gly602Ala,7,1,13,14
BRCA1,BRCA1_Pro510Ser,K21,B13A7A8P1_R1,B14A7A8P1_R2,allele,14613,CCSBVarC013098,1528C>T,Pro510Ser,7,1,13,14
BRCA1,BRCA1_His239Arg,M21,B13A7A8P1_R1,B14A7A8P1_R2,allele,14613,CCSBVarC013119,716A>G,His239Arg,7,1,13,14
BRCA1,BRCA1_Leu460Pro,O21,B13A7A8P1_R1,B14A7A8P1_R2,allele,14613,CCSBVarC013122,1379T>C,Leu460Pro,7,1,13,14
BRCA1,BRCA1_Thr616Ala,A23,B13A7A8P1_R1,B14A7A8P1_R2,allele,14613,CCSBVarC013127,1846A>G,Thr616Ala,7,1,13,14
BRCA1,BRCA1_Glu143Lys,C23,B13A7A8P1_R1,B14A7A8P1_R2,allele,14613,CCSBVarC013134,427G>A,Glu143Lys,7,1,13,14
BRIP1,BRIP1_,E23,B13A7A8P1_R1,B14A7A8P1_R2,disease_wt,55128,,,,7,1,13,14
BRIP1,BRIP1_Ser520Thr,G23,B13A7A8P1_R1,B14A7A8P1_R2,allele,55128,CCSBVarC031368,1559G>C,Ser520Thr,7,1,13,14
BRIP1,BRIP1_His587Arg,I23,B13A7A8P1_R1,B14A7A8P1_R2,allele,55128,CCSBVarC031376,1760A>G,His587Arg,7,1,13,14
BRIP1,BRIP1_Val76Ile,K23,B13A7A8P1_R1,B14A7A8P1_R2,allele,55128,CCSBVarC031290,226G>A,Val76Ile,7,1,13,14
BRIP1,BRIP1_Arg848His,M23,B13A7A8P1_R1,B14A7A8P1_R2,allele,55128,CCSBVarC031388,2543G>A,Arg848His,7,1,13,14
BRIP1,BRIP1_Leu195Pro,O23,B13A7A8P1_R1,B14A7A8P1_R2,allele,55128,CCSBVarC002407,584T>C,Leu195Pro,7,1,13,14
BRIP1,BRIP1_,A02,B13A7A8P1_R1,B14A7A8P1_R2,disease_wt,55128,,,,7,1,13,14
BRIP1,BRIP1_Gln255His,C02,B13A7A8P1_R1,B14A7A8P1_R2,allele,55128,CCSBVarC031354,765G>T,Gln255His,7,1,13,14
BRIP1,BRIP1_Thr266Lys,E02,B13A7A8P1_R1,B14A7A8P1_R2,allele,55128,CCSBVarC031356,797C>A,Thr266Lys,7,1,13,14
BRIP1,BRIP1_,G02,B13A7A8P1_R1,B14A7A8P1_R2,disease_wt,55128,,,,7,1,13,14
CTCF,CTCF_,I02,B13A7A8P1_R1,B14A7A8P1_R2,disease_wt,6173,,,,7,1,13,14
CTCF,CTCF_Arg342Gly,K02,B13A7A8P1_R1,B14A7A8P1_R2,allele,6173,CCSBVarC010867,1024C>G,Arg342Gly,7,1,13,14
CTCF,CTCF_Arg342Cys,M02,B13A7A8P1_R1,B14A7A8P1_R2,allele,6173,CCSBVarC010851,1024C>T,Arg342Cys,7,1,13,14
CTCF,CTCF_Tyr407Cys,O02,B13A7A8P1_R1,B14A7A8P1_R2,allele,6173,CCSBVarC010870,1220A>G,Tyr407Cys,7,1,13,14
CTCF,CTCF_His455Gln,A04,B13A7A8P1_R1,B14A7A8P1_R2,allele,6173,CCSBVarC010858,1365C>G,His455Gln,7,1,13,14
CTCF,CTCF_Asp46Asn,C04,B13A7A8P1_R1,B14A7A8P1_R2,allele,6173,CCSBVarC010823,136G>A,Asp46Asn,7,1,13,14
CTCF,CTCF_Arg567Trp,E04,B13A7A8P1_R1,B14A7A8P1_R2,allele,6173,CCSBVarC010838,1699C>T,Arg567Trp,7,1,13,14
CTCF,CTCF_Arg567Leu,G04,B13A7A8P1_R1,B14A7A8P1_R2,allele,6173,CCSBVarC010820,1700G>T,Arg567Leu,7,1,13,14
CTCF,CTCF_Pro643Ser,I04,B13A7A8P1_R1,B14A7A8P1_R2,allele,6173,CCSBVarC010816,1927C>T,Pro643Ser,7,1,13,14
CTCF,CTCF_Ala697Thr,K04,B13A7A8P1_R1,B14A7A8P1_R2,allele,6173,CCSBVarC010818,2089G>A,Ala697Thr,7,1,13,14
CTCF,CTCF_Tyr226Cys,M04,B13A7A8P1_R1,B14A7A8P1_R2,allele,6173,CCSBVarC010845,677A>G,Tyr226Cys,7,1,13,14
CTCF,CTCF_Arg283His,O04,B13A7A8P1_R1,B14A7A8P1_R2,allele,6173,CCSBVarC010089,848G>A,Arg283His,7,1,13,14
CTCF,CTCF_Glu590Gln,A06,B13A7A8P1_R1,B14A7A8P1_R2,allele,6173,CCSBVarC010827,1768G>C,Glu590Gln,7,1,13,14
CTCF,CTCF_Arg342His,C06,B13A7A8P1_R1,B14A7A8P1_R2,allele,6173,CCSBVarC010848,1025G>A,Arg342His,7,1,13,14
F9,F9_,G06,B13A7A8P1_R1,B14A7A8P1_R2,disease_wt,52861,,,,7,1,13,14
F9,F9_Cys335Tyr,I06,B13A7A8P1_R1,B14A7A8P1_R2,allele,52861,CCSBVarC030611,1004G>A,Cys335Tyr,7,1,13,14
F9,F9_Cys335Trp,K06,B13A7A8P1_R1,B14A7A8P1_R2,allele,52861,CCSBVarC030614,1005C>G,Cys335Trp,7,1,13,14
F9,F9_Gly357Arg,M06,B13A7A8P1_R1,B14A7A8P1_R2,allele,52861,CCSBVarC004386,1069G>A,Gly357Arg,7,1,13,14
F9,F9_Val374Phe,O06,B13A7A8P1_R1,B14A7A8P1_R2,allele,52861,CCSBVarC004387,1120G>T,Val374Phe,7,1,13,14
F9,F9_Arg379Gln,A08,B13A7A8P1_R1,B14A7A8P1_R2,allele,52861,CCSBVarC004388,1136G>A,Arg379Gln,7,1,13,14
F9,F9_Arg384Pro,C08,B13A7A8P1_R1,B14A7A8P1_R2,allele,52861,CCSBVarC004389,1151G>C,Arg384Pro,7,1,13,14
F9,F9_Arg384Leu,E08,B13A7A8P1_R1,B14A7A8P1_R2,allele,52861,CCSBVarC004390,1151G>T,Arg384Leu,7,1,13,14
F9,F9_Lys39Arg,I08,B13A7A8P1_R1,B14A7A8P1_R2,allele,52861,CCSBVarC030489,116A>G,Lys39Arg,7,1,13,14
F9,F9_Phe395Ile,K08,B13A7A8P1_R1,B14A7A8P1_R2,allele,52861,CCSBVarC030626,1183T>A,Phe395Ile,7,1,13,14
F9,F9_Cys396Ser,M08,B13A7A8P1_R1,B14A7A8P1_R2,allele,52861,CCSBVarC004391,1187G>C,Cys396Ser,7,1,13,14
F9,F9_Ala397Pro,O08,B13A7A8P1_R1,B14A7A8P1_R2,allele,52861,CCSBVarC004392,1189G>C,Ala397Pro,7,1,13,14
F9,F9_Ser406Leu,A10,B13A7A8P1_R1,B14A7A8P1_R2,allele,52861,CCSBVarC004393,1217C>T,Ser406Leu,7,1,13,14
F9,F9_Asp410His,C10,B13A7A8P1_R1,B14A7A8P1_R2,allele,52861,CCSBVarC004394,1228G>C,Asp410His,7,1,13,14
F9,F9_Ser411Ile,E10,B13A7A8P1_R1,B14A7A8P1_R2,allele,52861,CCSBVarC004395,1232G>T,Ser411Ile,7,1,13,14
F9,F9_Pro414Thr,G10,B13A7A8P1_R1,B14A7A8P1_R2,allele,52861,CCSBVarC004396,1240C>A,Pro414Thr,7,1,13,14
F9,F9_Gly442Arg,K10,B13A7A8P1_R1,B14A7A8P1_R2,allele,52861,CCSBVarC004397,1324G>A,Gly442Arg,7,1,13,14
F9,F9_Ile443Thr,M10,B13A7A8P1_R1,B14A7A8P1_R2,allele,52861,CCSBVarC030634,1328T>C,Ile443Thr,7,1,13,14
F9,F9_Trp453Arg,O10,B13A7A8P1_R1,B14A7A8P1_R2,allele,52861,CCSBVarC004398,1357T>C,Trp453Arg,7,1,13,14
F9,F9_Glu54Val,A12,B13A7A8P1_R1,B14A7A8P1_R2,allele,52861,CCSBVarC030495,161A>T,Glu54Val,7,1,13,14
F9,F9_Ile7Phe,C12,B13A7A8P1_R1,B14A7A8P1_R2,allele,52861,CCSBVarC030454,19A>T,Ile7Phe,7,1,13,14
F9,F9_Glu73Lys,E12,B13A7A8P1_R1,B14A7A8P1_R2,allele,52861,CCSBVarC002180,217G>A,Glu73Lys,7,1,13,14
F9,F9_Glu73Val,G12,B13A7A8P1_R1,B14A7A8P1_R2,allele,52861,CCSBVarC004374,218A>T,Glu73Val,7,1,13,14
F9,F9_Arg75Gln,I12,B13A7A8P1_R1,B14A7A8P1_R2,allele,52861,CCSBVarC030501,224G>A,Arg75Gln,7,1,13,14
F9,F9_Glu79Asp,M12,B13A7A8P1_R1,B14A7A8P1_R2,allele,52861,CCSBVarC004375,237A>C,Glu79Asp,7,1,13,14
F9,F9_Asp110Asn,O12,B13A7A8P1_R1,B14A7A8P1_R2,allele,52861,CCSBVarC004376,328G>A,Asp110Asn,7,1,13,14
F9,F9_Asp110Gly,A14,B13A7A8P1_R1,B14A7A8P1_R2,allele,52861,CCSBVarC004377,329A>G,Asp110Gly,7,1,13,14
F9,F9_Cys134Ser,C14,B13A7A8P1_R1,B14A7A8P1_R2,allele,52861,CCSBVarC030525,401G>C,Cys134Ser,7,1,13,14
F9,F9_Ile136Thr,E14,B13A7A8P1_R1,B14A7A8P1_R2,allele,52861,CCSBVarC030528,407T>C,Ile136Thr,7,1,13,14
F9,F9_Tyr161Cys,G14,B13A7A8P1_R1,B14A7A8P1_R2,allele,52861,CCSBVarC030535,482A>G,Tyr161Cys,7,1,13,14
F9,F9_Asn166Tyr,I14,B13A7A8P1_R1,B14A7A8P1_R2,allele,52861,CCSBVarC004378,496A>T,Asn166Tyr,7,1,13,14
F9,F9_Cys170Tyr,M14,B13A7A8P1_R1,B14A7A8P1_R2,allele,52861,CCSBVarC002181,509G>A,Cys170Tyr,7,1,13,14
F9,F9_Pro175Ser,O14,B13A7A8P1_R1,B14A7A8P1_R2,allele,52861,CCSBVarC030541,523C>T,Pro175Ser,7,1,13,14
F9,F9_Cys178Phe,A16,B13A7A8P1_R1,B14A7A8P1_R2,allele,52861,CCSBVarC030553,533G>T,Cys178Phe,7,1,13,14
F9,F9_Arg191Cys,C16,B13A7A8P1_R1,B14A7A8P1_R2,allele,52861,CCSBVarC030555,571C>T,Arg191Cys,7,1,13,14
F9,F9_Arg191His,E16,B13A7A8P1_R1,B14A7A8P1_R2,allele,52861,CCSBVarC004379,572G>A,Arg191His,7,1,13,14
F9,F9_Thr194Ala,G16,B13A7A8P1_R1,B14A7A8P1_R2,allele,52861,CCSBVarC030557,580A>G,Thr194Ala,7,1,13,14
F9,F9_Val195Gly,K16,B13A7A8P1_R1,B14A7A8P1_R2,allele,52861,CCSBVarC030560,584T>G,Val195Gly,7,1,13,14
F9,F9_Pro197Ser,M16,B13A7A8P1_R1,B14A7A8P1_R2,allele,52861,CCSBVarC030562,589C>T,Pro197Ser,7,1,13,14
F9,F9_Ser220Thr,O16,B13A7A8P1_R1,B14A7A8P1_R2,allele,52861,CCSBVarC030564,658T>A,Ser220Thr,7,1,13,14
F9,F9_Arg226Gln,A18,B13A7A8P1_R1,B14A7A8P1_R2,allele,52861,CCSBVarC004380,677G>A,Arg226Gln,7,1,13,14
F9,F9_Val227Ile,C18,B13A7A8P1_R1,B14A7A8P1_R2,allele,52861,CCSBVarC030567,679G>A,Val227Ile,7,1,13,14
F9,F9_Ala233Thr,E18,B13A7A8P1_R1,B14A7A8P1_R2,allele,52861,CCSBVarC030569,697G>A,Ala233Thr,7,1,13,14
F9,F9_Val257Ile,I18,B13A7A8P1_R1,B14A7A8P1_R2,allele,52861,CCSBVarC030575,769G>A,Val257Ile,7,1,13,14
F9,F9_Cys268Trp,K18,B13A7A8P1_R1,B14A7A8P1_R2,allele,52861,CCSBVarC004381,804T>G,Cys268Trp,7,1,13,14
F9,F9_Cys28Arg,M18,B13A7A8P1_R1,B14A7A8P1_R2,allele,52861,CCSBVarC004373,82T>C,Cys28Arg,7,1,13,14
F9,F9_His282Tyr,O18,B13A7A8P1_R1,B14A7A8P1_R2,allele,52861,CCSBVarC030577,844C>T,His282Tyr,7,1,13,14
F9,F9_His282Arg,A20,B13A7A8P1_R1,B14A7A8P1_R2,allele,52861,CCSBVarC030586,845A>G,His282Arg,7,1,13,14
F9,F9_Arg294Gln,C20,B13A7A8P1_R1,B14A7A8P1_R2,allele,52861,CCSBVarC004382,881G>A,Arg294Gln,7,1,13,14
F9,F9_Arg3His,G20,B13A7A8P1_R1,B14A7A8P1_R2,allele,52861,CCSBVarC030452,8G>A,Arg3His,7,1,13,14
F9,F9_His303Tyr,I20,B13A7A8P1_R1,B14A7A8P1_R2,allele,52861,CCSBVarC004383,907C>T,His303Tyr,7,1,13,14
F9,F9_Asn306Ser,K20,B13A7A8P1_R1,B14A7A8P1_R2,allele,52861,CCSBVarC004384,917A>G,Asn306Ser,7,1,13,14
F9,F9_Ile316Thr,M20,B13A7A8P1_R1,B14A7A8P1_R2,allele,52861,CCSBVarC030590,947T>C,Ile316Thr,7,1,13,14
F9,F9_Pro333Leu,O20,B13A7A8P1_R1,B14A7A8P1_R2,allele,52861,CCSBVarC004385,998C>T,Pro333Leu,7,1,13,14
F9,F9_Ile256Thr,A22,B13A7A8P1_R1,B14A7A8P1_R2,allele,52861,CCSBVarC002182,767T>C,Ile256Thr,7,1,13,14
F9,F9_Cys407Arg,C22,B13A7A8P1_R1,B14A7A8P1_R2,allele,52861,CCSBVarC002183,1219T>C,Cys407Arg,7,1,13,14
F9,F9_Cys124Tyr,E22,B13A7A8P1_R1,B14A7A8P1_R2,allele,52861,,509G>A,Cys124Tyr,7,1,13,14
F9,F9_Ile210Thr,G22,B13A7A8P1_R1,B14A7A8P1_R2,allele,52861,,767T>C,Ile210Thr,7,1,13,14
F9,F9_Glu27Lys,I22,B13A7A8P1_R1,B14A7A8P1_R2,allele,52861,,217G>A,Glu27Lys,7,1,13,14
FANCC,FANCC_,K22,B13A7A8P1_R1,B14A7A8P1_R2,disease_wt,7699,,,,7,1,13,14
FANCC,FANCC_Asp195Val,M22,B13A7A8P1_R1,B14A7A8P1_R2,allele,7699,CCSBVarC001229,584A>T,Asp195Val,7,1,13,14
FANCC,FANCC_Leu496Arg,O22,B13A7A8P1_R1,B14A7A8P1_R2,allele,7699,CCSBVarC001230,1487T>G,Leu496Arg,7,1,13,14
FANCC,FANCC_Leu554Pro,A24,B13A7A8P1_R1,B14A7A8P1_R2,allele,7699,CCSBVarC001231,1661T>C,Leu554Pro,7,1,13,14
FARS2,FARS2_,C24,B13A7A8P1_R1,B14A7A8P1_R2,disease_wt,12653,,,,7,1,13,14
FARS2,FARS2_Leu371Phe,E24,B13A7A8P1_R1,B14A7A8P1_R2,allele,12653,CCSBVarC011882,1113G>T,Leu371Phe,7,1,13,14
FARS2,FARS2_Ile388Ser,G24,B13A7A8P1_R1,B14A7A8P1_R2,allele,12653,CCSBVarC011922,1163T>G,Ile388Ser,7,1,13,14
FARS2,FARS2_Arg419Cys,I24,B13A7A8P1_R1,B14A7A8P1_R2,allele,12653,CCSBVarC011932,1255C>T,Arg419Cys,7,1,13,14
FARS2,FARS2_Ser57Cys,K24,B13A7A8P1_R1,B14A7A8P1_R2,allele,12653,CCSBVarC011870,170C>G,Ser57Cys,7,1,13,14
FARS2,FARS2_His84Pro,M24,B13A7A8P1_R1,B14A7A8P1_R2,allele,12653,CCSBVarC011910,251A>C,His84Pro,7,1,13,14
FARS2,FARS2_His135Asp,O24,B13A7A8P1_R1,B14A7A8P1_R2,allele,12653,CCSBVarC011938,403C>G,His135Asp,7,1,13,14
FARS2,FARS2_,B01,B13A7A8P1_R1,B14A7A8P1_R2,disease_wt,12653,,,,7,1,13,14
FARS2,FARS2_Asp142Tyr,D01,B13A7A8P1_R1,B14A7A8P1_R2,allele,12653,CCSBVarC011914,424G>T,Asp142Tyr,7,1,13,14
FARS2,FARS2_Tyr144Cys,F01,B13A7A8P1_R1,B14A7A8P1_R2,allele,12653,CCSBVarC011920,431A>G,Tyr144Cys,7,1,13,14
FARS2,FARS2_Ala166Thr,H01,B13A7A8P1_R1,B14A7A8P1_R2,allele,12653,CCSBVarC011877,496G>A,Ala166Thr,7,1,13,14
FARS2,FARS2_Thr246Met,J01,B13A7A8P1_R1,B14A7A8P1_R2,allele,12653,CCSBVarC011873,737C>T,Thr246Met,7,1,13,14
FARS2,FARS2_Asn280Ser,L01,B13A7A8P1_R1,B14A7A8P1_R2,allele,12653,CCSBVarC011867,839A>G,Asn280Ser,7,1,13,14
FARS2,FARS2_Gly3Val,N01,B13A7A8P1_R1,B14A7A8P1_R2,allele,12653,CCSBVarC011880,8G>T,Gly3Val,7,1,13,14
FARS2,FARS2_Gly309Ser,P01,B13A7A8P1_R1,B14A7A8P1_R2,allele,12653,CCSBVarC011917,925G>A,Gly309Ser,7,1,13,14
FARS2,FARS2_Asp325Tyr,B03,B13A7A8P1_R1,B14A7A8P1_R2,allele,12653,CCSBVarC011942,973G>T,Asp325Tyr,7,1,13,14
FARS2,FARS2_Ile329Thr,D03,B13A7A8P1_R1,B14A7A8P1_R2,allele,12653,CCSBVarC011924,986T>C,Ile329Thr,7,1,13,14
FH,FH_,F03,B13A7A8P1_R1,B14A7A8P1_R2,disease_wt,3408,,,,7,1,13,14
FH,FH_Asn340Lys,H03,B13A7A8P1_R1,B14A7A8P1_R2,allele,3408,CCSBVarC004054,1020T>A,Asn340Lys,7,1,13,14
FH,FH_Ala308Thr,J03,B13A7A8P1_R1,B14A7A8P1_R2,allele,3408,CCSBVarC000454,922G>A,Ala308Thr,7,1,13,14
FH,FH_Arg101Pro,L03,B13A7A8P1_R1,B14A7A8P1_R2,allele,3408,CCSBVarC004047,302G>C,Arg101Pro,7,1,13,14
FH,FH_Gln376Pro,N03,B13A7A8P1_R1,B14A7A8P1_R2,allele,3408,CCSBVarC004055,1127A>C,Gln376Pro,7,1,13,14
FH,FH_Leu507Pro,P03,B13A7A8P1_R1,B14A7A8P1_R2,allele,3408,CCSBVarC000455,1520T>C,Leu507Pro,7,1,13,14
FH,FH_Pro174Arg,B05,B13A7A8P1_R1,B14A7A8P1_R2,allele,3408,CCSBVarC004048,521C>G,Pro174Arg,7,1,13,14
FH,FH_Ser419Pro,D05,B13A7A8P1_R1,B14A7A8P1_R2,allele,3408,CCSBVarC004056,1255T>C,Ser419Pro,7,1,13,14
FH,FH_Arg233Cys,H05,B13A7A8P1_R1,B14A7A8P1_R2,allele,3408,CCSBVarC004049,697C>T,Arg233Cys,7,1,13,14
FH,FH_Arg233Leu,J05,B13A7A8P1_R1,B14A7A8P1_R2,allele,3408,CCSBVarC004050,698G>T,Arg233Leu,7,1,13,14
FH,FH_Leu303Ser,L05,B13A7A8P1_R1,B14A7A8P1_R2,allele,3408,CCSBVarC004051,908T>C,Leu303Ser,7,1,13,14
FH,FH_His318Tyr,N05,B13A7A8P1_R1,B14A7A8P1_R2,allele,3408,CCSBVarC004052,952C>T,His318Tyr,7,1,13,14
FH,FH_Ser334Arg,P05,B13A7A8P1_R1,B14A7A8P1_R2,allele,3408,CCSBVarC004053,1002T>G,Ser334Arg,7,1,13,14
FH,FH_Arg160Gly,B07,B13A7A8P1_R1,B14A7A8P1_R2,allele,3408,CCSBVarC000453,478A>G,Arg160Gly,7,1,13,14
FLCN,FLCN_,D07,B13A7A8P1_R1,B14A7A8P1_R2,disease_wt,7588,,,,7,1,13,14
FLCN,FLCN_Arg239Cys,F07,B13A7A8P1_R1,B14A7A8P1_R2,allele,7588,CCSBVarC001199,715C>T,Arg239Cys,7,1,13,14
G6PD,G6PD_,J07,B13A7A8P1_R1,B14A7A8P1_R2,disease_wt,4006,,,,7,1,13,14
G6PD,G6PD_Arg365His,L07,B13A7A8P1_R1,B14A7A8P1_R2,allele,4006,CCSBVarC021512,1094G>A,Arg365His,7,1,13,14
G6PD,G6PD_Gly378Ser,N07,B13A7A8P1_R1,B14A7A8P1_R2,allele,4006,CCSBVarC021515,1132G>A,Gly378Ser,7,1,13,14
G6PD,G6PD_Glu398Lys,P07,B13A7A8P1_R1,B14A7A8P1_R2,allele,4006,CCSBVarC004025,1192G>A,Glu398Lys,7,1,13,14
G6PD,G6PD_Ile48Thr,B09,B13A7A8P1_R1,B14A7A8P1_R2,allele,4006,CCSBVarC021436,143T>C,Ile48Thr,7,1,13,14
G6PD,G6PD_Phe88Leu,D09,B13A7A8P1_R1,B14A7A8P1_R2,allele,4006,CCSBVarC021451,264C>G,Phe88Leu,7,1,13,14
G6PD,G6PD_Arg120His,F09,B13A7A8P1_R1,B14A7A8P1_R2,allele,4006,CCSBVarC021460,359G>A,Arg120His,7,1,13,14
G6PD,G6PD_Asn135Thr,H09,B13A7A8P1_R1,B14A7A8P1_R2,allele,4006,CCSBVarC021469,404A>C,Asn135Thr,7,1,13,14
G6PD,G6PD_Ala149Thr,L09,B13A7A8P1_R1,B14A7A8P1_R2,allele,4006,CCSBVarC021472,445G>A,Ala149Thr,7,1,13,14
G6PD,G6PD_Gly163Ser,N09,B13A7A8P1_R1,B14A7A8P1_R2,allele,4006,CCSBVarC021475,487G>A,Gly163Ser,7,1,13,14
G6PD,G6PD_Arg166Cys,P09,B13A7A8P1_R1,B14A7A8P1_R2,allele,4006,CCSBVarC021478,496C>T,Arg166Cys,7,1,13,14
G6PD,G6PD_Arg198Pro,B11,B13A7A8P1_R1,B14A7A8P1_R2,allele,4006,CCSBVarC021483,593G>C,Arg198Pro,7,1,13,14
G6PD,G6PD_Arg257Leu,D11,B13A7A8P1_R1,B14A7A8P1_R2,allele,4006,CCSBVarC021489,770G>T,Arg257Leu,7,1,13,14
G6PD,G6PD_Thr279Ser,F11,B13A7A8P1_R1,B14A7A8P1_R2,allele,4006,CCSBVarC021494,835A>T,Thr279Ser,7,1,13,14
G6PD,G6PD_Asp283Gly,H11,B13A7A8P1_R1,B14A7A8P1_R2,allele,4006,CCSBVarC021496,848A>G,Asp283Gly,7,1,13,14
G6PD,G6PD_Arg285His,J11,B13A7A8P1_R1,B14A7A8P1_R2,allele,4006,CCSBVarC021498,854G>A,Arg285His,7,1,13,14
G6PD,G6PD_His32Tyr,N11,B13A7A8P1_R1,B14A7A8P1_R2,allele,4006,CCSBVarC021430,94C>T,His32Tyr,7,1,13,14
G6PD,G6PD_Asp325Asn,P11,B13A7A8P1_R1,B14A7A8P1_R2,allele,4006,CCSBVarC021501,973G>A,Asp325Asn,7,1,13,14
KRAS,KRAS_,B13,B13A7A8P1_R1,B14A7A8P1_R2,disease_wt,3084,,,,7,1,13,14
KRAS,KRAS_Pro34Arg,D13,B13A7A8P1_R1,B14A7A8P1_R2,allele,3084,CCSBVarC006094,101C>G,Pro34Arg,7,1,13,14
KRAS,KRAS_Pro34Leu,F13,B13A7A8P1_R1,B14A7A8P1_R2,allele,3084,CCSBVarC006093,101C>T,Pro34Leu,7,1,13,14
KRAS,KRAS_Ile36Met,H13,B13A7A8P1_R1,B14A7A8P1_R2,allele,3084,CCSBVarC006095,108A>G,Ile36Met,7,1,13,14
KRAS,KRAS_Lys5Asn,J13,B13A7A8P1_R1,B14A7A8P1_R2,allele,3084,CCSBVarC006087,15A>T,Lys5Asn,7,1,13,14
KRAS,KRAS_Thr58Ile,N13,B13A7A8P1_R1,B14A7A8P1_R2,allele,3084,CCSBVarC006096,173C>T,Thr58Ile,7,1,13,14
KRAS,KRAS_Gly60Ser,P13,B13A7A8P1_R1,B14A7A8P1_R2,allele,3084,CCSBVarC006098,178G>A,Gly60Ser,7,1,13,14
KRAS,KRAS_Gly60Arg,B15,B13A7A8P1_R1,B14A7A8P1_R2,allele,3084,CCSBVarC006097,178G>C,Gly60Arg,7,1,13,14
KRAS,KRAS_Tyr71His,D15,B13A7A8P1_R1,B14A7A8P1_R2,allele,3084,CCSBVarC006099,211T>C,Tyr71His,7,1,13,14
KRAS,KRAS_Met72Leu,F15,B13A7A8P1_R1,B14A7A8P1_R2,allele,3084,CCSBVarC006100,214A>C,Met72Leu,7,1,13,14
KRAS,KRAS_Gly12Asp,H15,B13A7A8P1_R1,B14A7A8P1_R2,allele,3084,CCSBVarC006090,35G>A,Gly12Asp,7,1,13,14
KRAS,KRAS_Gly12Val,L15,B13A7A8P1_R1,B14A7A8P1_R2,allele,3084,CCSBVarC006089,35G>T,Gly12Val,7,1,13,14
KRAS,KRAS_Gly13Asp,N15,B13A7A8P1_R1,B14A7A8P1_R2,allele,3084,CCSBVarC006091,38G>A,Gly13Asp,7,1,13,14
KRAS,KRAS_Asp153Val,P15,B13A7A8P1_R1,B14A7A8P1_R2,allele,3084,CCSBVarC006101,458A>T,Asp153Val,7,1,13,14
KRAS,KRAS_Phe156Ile,B17,B13A7A8P1_R1,B14A7A8P1_R2,allele,3084,CCSBVarC006102,466T>A,Phe156Ile,7,1,13,14
KRAS,KRAS_Phe156Leu,D17,B13A7A8P1_R1,B14A7A8P1_R2,allele,3084,CCSBVarC006103,468C>G,Phe156Leu,7,1,13,14
LMNA,LMNA_,F17,B13A7A8P1_R1,B14A7A8P1_R2,disease_wt,3903,,,,7,1,13,14
LMNA,LMNA_Arg386Thr,J17,B13A7A8P1_R1,B14A7A8P1_R2,allele,3903,CCSBVarC021208,1157G>C,Arg386Thr,7,1,13,14
LMNA,LMNA_Arg41His,L17,B13A7A8P1_R1,B14A7A8P1_R2,allele,3903,CCSBVarC021100,122G>A,Arg41His,7,1,13,14
LMNA,LMNA_Ala43Thr,N17,B13A7A8P1_R1,B14A7A8P1_R2,allele,3903,CCSBVarC003606,127G>A,Ala43Thr,7,1,13,14
LMNA,LMNA_Tyr45Cys,P17,B13A7A8P1_R1,B14A7A8P1_R2,allele,3903,CCSBVarC003607,134A>G,Tyr45Cys,7,1,13,14
LMNA,LMNA_Asn456Lys,B19,B13A7A8P1_R1,B14A7A8P1_R2,allele,3903,CCSBVarC003622,1368C>G,Asn456Lys,7,1,13,14
LMNA,LMNA_Asn459Ser,D19,B13A7A8P1_R1,B14A7A8P1_R2,allele,3903,CCSBVarC021221,1376A>G,Asn459Ser,7,1,13,14
LMNA,LMNA_Arg541Ser,H19,B13A7A8P1_R1,B14A7A8P1_R2,allele,3903,CCSBVarC003623,1621C>A,Arg541Ser,7,1,13,14
LMNA,LMNA_Arg571Cys,J19,B13A7A8P1_R1,B14A7A8P1_R2,allele,3903,CCSBVarC003624,1711C>T,Arg571Cys,7,1,13,14
LMNA,LMNA_Leu59Arg,L19,B13A7A8P1_R1,B14A7A8P1_R2,allele,3903,CCSBVarC003608,176T>G,Leu59Arg,7,1,13,14
LMNA,LMNA_Arg60Gly,N19,B13A7A8P1_R1,B14A7A8P1_R2,allele,3903,CCSBVarC000578,178C>G,Arg60Gly,7,1,13,14
LMNA,LMNA_Ile63Asn,P19,B13A7A8P1_R1,B14A7A8P1_R2,allele,3903,CCSBVarC003609,188T>A,Ile63Asn,7,1,13,14
LMNA,LMNA_Ala132Pro,B21,B13A7A8P1_R1,B14A7A8P1_R2,allele,3903,CCSBVarC003610,394G>C,Ala132Pro,7,1,13,14
LMNA,LMNA_Arg133Pro,D21,B13A7A8P1_R1,B14A7A8P1_R2,allele,3903,CCSBVarC003611,398G>C,Arg133Pro,7,1,13,14
LMNA,LMNA_Thr150Pro,F21,B13A7A8P1_R1,B14A7A8P1_R2,allele,3903,CCSBVarC003612,448A>C,Thr150Pro,7,1,13,14
LMNA,LMNA_Glu161Lys,H21,B13A7A8P1_R1,B14A7A8P1_R2,allele,3903,CCSBVarC021151,481G>A,Glu161Lys,7,1,13,14
LMNA,LMNA_Leu162Pro,J21,B13A7A8P1_R1,B14A7A8P1_R2,allele,3903,CCSBVarC000579,485T>C,Leu162Pro,7,1,13,14
LMNA,LMNA_Glu186Lys,L21,B13A7A8P1_R1,B14A7A8P1_R2,allele,3903,CCSBVarC003613,556G>A,Glu186Lys,7,1,13,14
LMNA,LMNA_Val191Gly,N21,B13A7A8P1_R1,B14A7A8P1_R2,allele,3903,CCSBVarC021156,572T>G,Val191Gly,7,1,13,14
LMNA,LMNA_Leu215Val,P21,B13A7A8P1_R1,B14A7A8P1_R2,allele,3903,CCSBVarC003614,643C>G,Leu215Val,7,1,13,14
LMNA,LMNA_Arg225Gln,B23,B13A7A8P1_R1,B14A7A8P1_R2,allele,3903,CCSBVarC003615,674G>A,Arg225Gln,7,1,13,14
LMNA,LMNA_Leu302Pro,D23,B13A7A8P1_R1,B14A7A8P1_R2,allele,3903,CCSBVarC003618,905T>C,Leu302Pro,7,1,13,14
LMNA,LMNA_Gly232Glu,F23,B13A7A8P1_R1,B14A7A8P1_R2,allele,3903,CCSBVarC003616,695G>A,Gly232Glu,7,1,13,14
LMNA,LMNA_Arg349Leu,H23,B13A7A8P1_R1,B14A7A8P1_R2,allele,3903,CCSBVarC003621,1046G>T,Arg349Leu,7,1,13,14
LMNA,LMNA_Gln294Pro,J23,B13A7A8P1_R1,B14A7A8P1_R2,allele,3903,CCSBVarC003617,881A>C,Gln294Pro,7,1,13,14
LMNA,LMNA_Arg331Pro,L23,B13A7A8P1_R1,B14A7A8P1_R2,allele,3903,CCSBVarC003619,992G>C,Arg331Pro,7,1,13,14
LMNA,LMNA_Arg377Leu,N23,B13A7A8P1_R1,B14A7A8P1_R2,allele,3903,CCSBVarC000580,1130G>T,Arg377Leu,7,1,13,14
LMNA,LMNA_Arg335Trp,P23,B13A7A8P1_R1,B14A7A8P1_R2,allele,3903,CCSBVarC003620,1003C>T,Arg335Trp,7,1,13,14
MSH2,MSH2_,B02,B13A7A8P1_R1,B14A7A8P1_R2,disease_wt,7918,,,,7,1,13,14
MSH2,MSH2_Ala834Thr,D02,B13A7A8P1_R1,B14A7A8P1_R2,allele,7918,CCSBVarC001281,2500G>A,Ala834Thr,7,1,13,14
MSH2,MSH2_Leu341Pro,F02,B13A7A8P1_R1,B14A7A8P1_R2,allele,7918,CCSBVarC003007,1022T>C,Leu341Pro,7,1,13,14
MSH2,MSH2_Leu440Pro,H02,B13A7A8P1_R1,B14A7A8P1_R2,allele,7918,CCSBVarC003010,1319T>C,Leu440Pro,7,1,13,14
MSH2,MSH2_Arg524Pro,J02,B13A7A8P1_R1,B14A7A8P1_R2,allele,7918,CCSBVarC003011,1571G>C,Arg524Pro,7,1,13,14
MSH2,MSH2_Asp167His,L02,B13A7A8P1_R1,B14A7A8P1_R2,allele,7918,CCSBVarC010770,499G>C,Asp167His,7,1,13,14
MSH2,MSH2_Gly759Glu,N02,B13A7A8P1_R1,B14A7A8P1_R2,allele,7918,CCSBVarC010783,2276G>A,Gly759Glu,7,1,13,14
MSH2,MSH2_Thr8Met,P02,B13A7A8P1_R1,B14A7A8P1_R2,allele,7918,CCSBVarC010810,23C>T,Thr8Met,7,1,13,14
MSH2,MSH2_Ala272Val,B04,B13A7A8P1_R1,B14A7A8P1_R2,allele,7918,CCSBVarC010812,815C>T,Ala272Val,7,1,13,14
MSH2,MSH2_Gln4His,D04,B13A7A8P1_R1,B14A7A8P1_R2,allele,7918,CCSBVarC010815,12G>T,Gln4His,7,1,13,14
MSH2,MSH2_Ser699Pro,F04,B13A7A8P1_R1,B14A7A8P1_R2,allele,7918,CCSBVarC010819,2095T>C,Ser699Pro,7,1,13,14
MSH2,MSH2_Arg55Gln,H04,B13A7A8P1_R1,B14A7A8P1_R2,allele,7918,CCSBVarC010824,164G>A,Arg55Gln,7,1,13,14
MSH2,MSH2_Thr905Arg,J04,B13A7A8P1_R1,B14A7A8P1_R2,allele,7918,CCSBVarC010826,2714C>G,Thr905Arg,7,1,13,14
MSH2,MSH2_Ile577Thr,L04,B13A7A8P1_R1,B14A7A8P1_R2,allele,7918,CCSBVarC010832,1730T>C,Ile577Thr,7,1,13,14
MSH2,MSH2_His46Gln,N04,B13A7A8P1_R1,B14A7A8P1_R2,allele,7918,CCSBVarC010836,138C>G,His46Gln,7,1,13,14
MSH2,MSH2_Ser860Leu,P04,B13A7A8P1_R1,B14A7A8P1_R2,allele,7918,CCSBVarC010840,2579C>T,Ser860Leu,7,1,13,14
MSH2,MSH2_Ile169Val,B06,B13A7A8P1_R1,B14A7A8P1_R2,allele,7918,CCSBVarC010846,505A>G,Ile169Val,7,1,13,14
MSH2,MSH2_Ala72Thr,D06,B13A7A8P1_R1,B14A7A8P1_R2,allele,7918,CCSBVarC010849,214G>A,Ala72Thr,7,1,13,14
MSH2,MSH2_Leu187Arg,H06,B13A7A8P1_R1,B14A7A8P1_R2,allele,7918,CCSBVarC010860,560T>G,Leu187Arg,7,1,13,14
MSH2,MSH2_Arg359Ser,J06,B13A7A8P1_R1,B14A7A8P1_R2,allele,7918,CCSBVarC010872,1077A>T,Arg359Ser,7,1,13,14
MSH2,MSH2_Cys333Tyr,L06,B13A7A8P1_R1,B14A7A8P1_R2,allele,7918,CCSBVarC010874,998G>A,Cys333Tyr,7,1,13,14
MSH2,MSH2_Ser554Cys,N06,B13A7A8P1_R1,B14A7A8P1_R2,allele,7918,CCSBVarC010877,1660A>T,Ser554Cys,7,1,13,14
MSH2,MSH2_Cys697Arg,P06,B13A7A8P1_R1,B14A7A8P1_R2,allele,7918,CCSBVarC010881,2089T>C,Cys697Arg,7,1,13,14
MSH2,MSH2_Gly162Arg,B08,B13A7A8P1_R1,B14A7A8P1_R2,allele,7918,CCSBVarC010913,484G>A,Gly162Arg,7,1,13,14
MSH2,MSH2_Val161Asp,D08,B13A7A8P1_R1,B14A7A8P1_R2,allele,7918,CCSBVarC010932,482T>A,Val161Asp,7,1,13,14
MSH2,MSH2_Val163Gly,F08,B13A7A8P1_R1,B14A7A8P1_R2,allele,7918,CCSBVarC010936,488T>G,Val163Gly,7,1,13,14
MSH2,MSH2_Leu173Arg,J08,B13A7A8P1_R1,B14A7A8P1_R2,allele,7918,CCSBVarC010941,518T>G,Leu173Arg,7,1,13,14
MSH2,MSH2_Val163Asp,L08,B13A7A8P1_R1,B14A7A8P1_R2,allele,7918,CCSBVarC010954,488T>A,Val163Asp,7,1,13,14
MSH2,MSH2_Ser554Gly,N08,B13A7A8P1_R1,B14A7A8P1_R2,allele,7918,CCSBVarC010957,1660A>G,Ser554Gly,7,1,13,14
MSH2,MSH2_Cys199Arg,P08,B13A7A8P1_R1,B14A7A8P1_R2,allele,7918,CCSBVarC010964,595T>C,Cys199Arg,7,1,13,14
MSH2,MSH2_Leu187Pro,B10,B13A7A8P1_R1,B14A7A8P1_R2,allele,7918,CCSBVarC010970,560T>C,Leu187Pro,7,1,13,14
NF2,NF2_,D10,B13A7A8P1_R1,B14A7A8P1_R2,disease_wt,3697,,,,7,1,13,14
NF2,NF2_Arg335Cys,F10,B13A7A8P1_R1,B14A7A8P1_R2,allele,3697,CCSBVarC000526,1003C>T,Arg335Cys,7,1,13,14
NF2,NF2_Gly114Cys,H10,B13A7A8P1_R1,B14A7A8P1_R2,allele,3697,CCSBVarC000524,340G>T,Gly114Cys,7,1,13,14
NF2,NF2_Asn36Ser,L10,B13A7A8P1_R1,B14A7A8P1_R2,allele,3697,CCSBVarC004111,107A>G,Asn36Ser,7,1,13,14
NF2,NF2_Arg418Cys,N10,B13A7A8P1_R1,B14A7A8P1_R2,allele,3697,CCSBVarC006467,1003C>T,Arg418Cys,7,1,13,14
NF2,NF2_Leu535Pro,P10,B13A7A8P1_R1,B14A7A8P1_R2,allele,3697,,1355T>C,Leu535Pro,7,1,13,14
NF2,NF2_Gly197Cys,B12,B13A7A8P1_R1,B14A7A8P1_R2,allele,3697,,340G>T,Gly197Cys,7,1,13,14
NF2,NF2_Arg8Ser,D12,B13A7A8P1_R1,B14A7A8P1_R2,allele,3697,CCSBVarC016616,22C>A,Arg8Ser,7,1,13,14
NF2,NF2_Glu111Asp,F12,B13A7A8P1_R1,B14A7A8P1_R2,allele,3697,CCSBVarC016628,333G>C,Glu111Asp,7,1,13,14
NF2,NF2_Gly157Glu,H12,B13A7A8P1_R1,B14A7A8P1_R2,allele,3697,CCSBVarC016636,470G>A,Gly157Glu,7,1,13,14
NF2,NF2_Thr189Ile,J12,B13A7A8P1_R1,B14A7A8P1_R2,allele,3697,CCSBVarC016643,566C>T,Thr189Ile,7,1,13,14
NF2,NF2_Lys206Glu,N12,B13A7A8P1_R1,B14A7A8P1_R2,allele,3697,CCSBVarC016645,616A>G,Lys206Glu,7,1,13,14
NF2,NF2_Leu315Pro,P12,B13A7A8P1_R1,B14A7A8P1_R2,allele,3697,CCSBVarC015533,944T>C,Leu315Pro,7,1,13,14
NF2,NF2_Leu434Pro,B14,B13A7A8P1_R1,B14A7A8P1_R2,allele,3697,Leu434Pro,1301T>C,Leu434Pro,7,1,13,14
NF2,NF2_Leu459Phe,D14,B13A7A8P1_R1,B14A7A8P1_R2,allele,3697,CCSBVarC016563,1375C>T,Leu459Phe,7,1,13,14
NF2,NF2_Glu462Lys,F14,B13A7A8P1_R1,B14A7A8P1_R2,allele,3697,CCSBVarC016578,1384G>A,Glu462Lys,7,1,13,14
NF2,NF2_His479Arg,H14,B13A7A8P1_R1,B14A7A8P1_R2,allele,3697,CCSBVarC016584,1436A>G,His479Arg,7,1,13,14
NF2,NF2_Asn92Ser,J14,B13A7A8P1_R1,B14A7A8P1_R2,allele,3697,CCSBVarC016619,275A>G,Asn92Ser,7,1,13,14
NF2,NF2_Met100Leu,N14,B13A7A8P1_R1,B14A7A8P1_R2,allele,3697,CCSBVarC016623,298A>T,Met100Leu,7,1,13,14
NF2,NF2_Leu131Pro,P14,B13A7A8P1_R1,B14A7A8P1_R2,allele,3697,CCSBVarC016632,392T>C,Leu131Pro,7,1,13,14
NF2,NF2_Val136Met,B16,B13A7A8P1_R1,B14A7A8P1_R2,allele,3697,CCSBVarC016634,406G>A,Val136Met,7,1,13,14
NF2,NF2_Lys186Glu,D16,B13A7A8P1_R1,B14A7A8P1_R2,allele,3697,CCSBVarC016639,556A>G,Lys186Glu,7,1,13,14
NF2,NF2_Thr336Arg,F16,B13A7A8P1_R1,B14A7A8P1_R2,allele,3697,CCSBVarC016525,1007C>G,Thr336Arg,7,1,13,14
NF2,NF2_Asp411His,H16,B13A7A8P1_R1,B14A7A8P1_R2,allele,3697,CCSBVarC016545,1231G>C,Asp411His,7,1,13,14
NF2,NF2_Asp420Asn,L16,B13A7A8P1_R1,B14A7A8P1_R2,allele,3697,CCSBVarC016549,1258G>A,Asp420Asn,7,1,13,14
PTPN11,PTPN11_,N16,B13A7A8P1_R1,B14A7A8P1_R2,disease_wt,2863,,,,7,1,13,14
PTPN11,PTPN11_Arg4Gly,P16,B13A7A8P1_R1,B14A7A8P1_R2,allele,2863,CCSBVarC019044,10C>G,Arg4Gly,7,1,13,14
PTPN11,PTPN11_Ala392Thr,B18,B13A7A8P1_R1,B14A7A8P1_R2,allele,2863,CCSBVarC019180,1174G>A,Ala392Thr,7,1,13,14
PTPN11,PTPN11_Thr42Ala,D18,B13A7A8P1_R1,B14A7A8P1_R2,allele,2863,CCSBVarC019053,124A>G,Thr42Ala,7,1,13,14
PTPN11,PTPN11_Val428Leu,F18,B13A7A8P1_R1,B14A7A8P1_R2,allele,2863,CCSBVarC019185,1282G>T,Val428Leu,7,1,13,14
PTPN11,PTPN11_Asn58Asp,J18,B13A7A8P1_R1,B14A7A8P1_R2,allele,2863,CCSBVarC019056,172A>G,Asn58Asp,7,1,13,14
PTPN11,PTPN11_Gly60Asp,L18,B13A7A8P1_R1,B14A7A8P1_R2,allele,2863,CCSBVarC019065,179G>A,Gly60Asp,7,1,13,14
PTPN11,PTPN11_Asp61Tyr,N18,B13A7A8P1_R1,B14A7A8P1_R2,allele,2863,CCSBVarC019070,181G>T,Asp61Tyr,7,1,13,14
PTPN11,PTPN11_Tyr62Asn,P18,B13A7A8P1_R1,B14A7A8P1_R2,allele,2863,CCSBVarC019073,184T>A,Tyr62Asn,7,1,13,14
PTPN11,PTPN11_Ala72Gly,B20,B13A7A8P1_R1,B14A7A8P1_R2,allele,2863,CCSBVarC019079,215C>G,Ala72Gly,7,1,13,14
PTPN11,PTPN11_Thr73Ile,D20,B13A7A8P1_R1,B14A7A8P1_R2,allele,2863,CCSBVarC019082,218C>T,Thr73Ile,7,1,13,14
PTPN11,PTPN11_Glu76Asp,H20,B13A7A8P1_R1,B14A7A8P1_R2,allele,2863,CCSBVarC019088,228G>T,Glu76Asp,7,1,13,14
PTPN11,PTPN11_Asp106Ala,J20,B13A7A8P1_R1,B14A7A8P1_R2,allele,2863,CCSBVarC019105,317A>C,Asp106Ala,7,1,13,14
PTPN11,PTPN11_Lys131Arg,L20,B13A7A8P1_R1,B14A7A8P1_R2,allele,2863,CCSBVarC019111,392A>G,Lys131Arg,7,1,13,14
PTPN11,PTPN11_Glu139Gly,N20,B13A7A8P1_R1,B14A7A8P1_R2,allele,2863,CCSBVarC019115,416A>G,Glu139Gly,7,1,13,14
PTPN11,PTPN11_Asn18Ser,P20,B13A7A8P1_R1,B14A7A8P1_R2,allele,2863,CCSBVarC019047,53A>G,Asn18Ser,7,1,13,14
PTPN11,PTPN11_Arg186Trp,B22,B13A7A8P1_R1,B14A7A8P1_R2,allele,2863,CCSBVarC019118,556C>T,Arg186Trp,7,1,13,14
PTPN11,PTPN11_Gln256Lys,D22,B13A7A8P1_R1,B14A7A8P1_R2,allele,2863,CCSBVarC019122,766C>A,Gln256Lys,7,1,13,14
PTPN11,PTPN11_Gln256Arg,F22,B13A7A8P1_R1,B14A7A8P1_R2,allele,2863,CCSBVarC019125,767A>G,Gln256Arg,7,1,13,14
PTPN11,PTPN11_Leu262Arg,H22,B13A7A8P1_R1,B14A7A8P1_R2,allele,2863,CCSBVarC019131,785T>G,Leu262Arg,7,1,13,14
PTPN11,PTPN11_Gly268Cys,J22,B13A7A8P1_R1,B14A7A8P1_R2,allele,2863,CCSBVarC019135,802G>T,Gly268Cys,7,1,13,14
PTPN11,PTPN11_Asn275Thr,L22,B13A7A8P1_R1,B14A7A8P1_R2,allele,2863,CCSBVarC019139,824A>C,Asn275Thr,7,1,13,14
PTPN11,PTPN11_Phe285Cys,N22,B13A7A8P1_R1,B14A7A8P1_R2,allele,2863,CCSBVarC019142,854T>G,Phe285Cys,7,1,13,14
PTPN11,PTPN11_Asn298Ser,P22,B13A7A8P1_R1,B14A7A8P1_R2,allele,2863,CCSBVarC019145,893A>G,Asn298Ser,7,1,13,14
PTPN11,PTPN11_Ala31Gly,B24,B13A7A8P1_R1,B14A7A8P1_R2,allele,2863,CCSBVarC019050,92C>G,Ala31Gly,7,1,13,14
PTPN11,PTPN11_Met311Thr,D24,B13A7A8P1_R1,B14A7A8P1_R2,allele,2863,CCSBVarC019155,932T>C,Met311Thr,7,1,13,14
RAD51D,RAD51D_,F24,B13A7A8P1_R1,B14A7A8P1_R2,disease_wt,7201,,,,7,1,13,14
RAD51D,RAD51D_Ser46Cys,H24,B13A7A8P1_R1,B14A7A8P1_R2,allele,7201,CCSBVarC024795,137C>G,Ser46Cys,7,1,13,14
RAD51D,RAD51D_Arg55Trp,J24,B13A7A8P1_R1,B14A7A8P1_R2,allele,7201,CCSBVarC024799,163C>T,Arg55Trp,7,1,13,14
RAD51D,RAD51D_Val56Gly,L24,B13A7A8P1_R1,B14A7A8P1_R2,allele,7201,CCSBVarC024801,167T>G,Val56Gly,7,1,13,14
RAD51D,RAD51D_Val66Met,N24,B13A7A8P1_R1,B14A7A8P1_R2,allele,7201,CCSBVarC024804,196G>A,Val66Met,7,1,13,14
RAD51D,RAD51D_Val66Leu,P24,B13A7A8P1_R1,B14A7A8P1_R2,allele,7201,CCSBVarC024807,196G>T,Val66Leu,7,1,13,14
RAD51D,RAD51D_,A01,B13A7A8P2_R1,B14A7A8P2_R2,disease_wt,7201,,,,7,2,13,14
RAD51D,RAD51D_Cys9Ser,C01,B13A7A8P2_R1,B14A7A8P2_R2,allele,7201,CCSBVarC024707,26G>C,Cys9Ser,7,2,13,14
RAD51D,RAD51D_Val132Ile,E01,B13A7A8P2_R1,B14A7A8P2_R2,allele,7201,CCSBVarC024822,394G>A,Val132Ile,7,2,13,14
RAD51D,RAD51D_Asn138His,G01,B13A7A8P2_R1,B14A7A8P2_R2,allele,7201,CCSBVarC024825,412A>C,Asn138His,7,2,13,14
RAD51D,RAD51D_Arg165Gln,I01,B13A7A8P2_R1,B14A7A8P2_R2,allele,7201,CCSBVarC002917,494G>A,Arg165Gln,7,2,13,14
RAD51D,RAD51D_Ile17Val,K01,B13A7A8P2_R1,B14A7A8P2_R2,allele,7201,CCSBVarC024709,49A>G,Ile17Val,7,2,13,14
RAD51D,RAD51D_His23Arg,M01,B13A7A8P2_R1,B14A7A8P2_R2,allele,7201,CCSBVarC024711,68A>G,His23Arg,7,2,13,14
RAD51D,RAD51D_Ala231Ser,O01,B13A7A8P2_R1,B14A7A8P2_R2,allele,7201,CCSBVarC024850,691G>T,Ala231Ser,7,2,13,14
RAD51D,RAD51D_Glu233Gly,A03,B13A7A8P2_R1,B14A7A8P2_R2,allele,7201,CCSBVarC001140,698A>G,Glu233Gly,7,2,13,14
RAD51D,RAD51D_Ile251Val,C03,B13A7A8P2_R1,B14A7A8P2_R2,allele,7201,CCSBVarC024857,751A>G,Ile251Val,7,2,13,14
RAD51D,RAD51D_Val28Leu,E03,B13A7A8P2_R1,B14A7A8P2_R2,allele,7201,CCSBVarC024750,82G>C,Val28Leu,7,2,13,14
RAD51D,RAD51D_Gly289Ser,G03,B13A7A8P2_R1,B14A7A8P2_R2,allele,7201,CCSBVarC024877,865G>A,Gly289Ser,7,2,13,14
RAD51D,RAD51D_Phe305Leu,I03,B13A7A8P2_R1,B14A7A8P2_R2,allele,7201,CCSBVarC024886,915C>G,Phe305Leu,7,2,13,14
RAD51D,RAD51D_Glu307Lys,K03,B13A7A8P2_R1,B14A7A8P2_R2,allele,7201,CCSBVarC024889,919G>A,Glu307Lys,7,2,13,14
RAD51D,RAD51D_Met308Val,M03,B13A7A8P2_R1,B14A7A8P2_R2,allele,7201,CCSBVarC024892,922A>G,Met308Val,7,2,13,14
RAD51D,RAD51D_Thr328Ile,O03,B13A7A8P2_R1,B14A7A8P2_R2,allele,7201,CCSBVarC024896,983C>T,Thr328Ile,7,2,13,14
RAF1,RAF1_,A05,B13A7A8P2_R1,B14A7A8P2_R2,disease_wt,732,,,,7,2,13,14
RAF1,RAF1_Gly361Ala,C05,B13A7A8P2_R1,B14A7A8P2_R2,allele,732,CCSBVarC008862,1082G>C,Gly361Ala,7,2,13,14
RAF1,RAF1_Asp381Asn,G05,B13A7A8P2_R1,B14A7A8P2_R2,allele,732,CCSBVarC008844,1141G>A,Asp381Asn,7,2,13,14
RAF1,RAF1_Arg40His,I05,B13A7A8P2_R1,B14A7A8P2_R2,allele,732,CCSBVarC008836,119G>A,Arg40His,7,2,13,14
RAF1,RAF1_Ala42Thr,K05,B13A7A8P2_R1,B14A7A8P2_R2,allele,732,CCSBVarC008836,124G>A,Ala42Thr,7,2,13,14
RAF1,RAF1_Ala42Val,M05,B13A7A8P2_R1,B14A7A8P2_R2,allele,732,CCSBVarC008855,125C>T,Ala42Val,7,2,13,14
RAF1,RAF1_Ser427Gly,O05,B13A7A8P2_R1,B14A7A8P2_R2,allele,732,CCSBVarC008846,1279A>G,Ser427Gly,7,2,13,14
RAF1,RAF1_Asp486Asn,A07,B13A7A8P2_R1,B14A7A8P2_R2,allele,732,CCSBVarC008873,1456G>A,Asp486Asn,7,2,13,14
RAF1,RAF1_Thr491Arg,C07,B13A7A8P2_R1,B14A7A8P2_R2,allele,732,CCSBVarC003426,1472C>G,Thr491Arg,7,2,13,14
RAF1,RAF1_Thr491Ile,E07,B13A7A8P2_R1,B14A7A8P2_R2,allele,732,CCSBVarC003427,1472C>T,Thr491Ile,7,2,13,14
RAF1,RAF1_Leu603Pro,I07,B13A7A8P2_R1,B14A7A8P2_R2,allele,732,CCSBVarC008861,1808T>C,Leu603Pro,7,2,13,14
RAF1,RAF1_Leu613Val,K07,B13A7A8P2_R1,B14A7A8P2_R2,allele,732,CCSBVarC008860,1837C>G,Leu613Val,7,2,13,14
RAF1,RAF1_Asn71Ser,M07,B13A7A8P2_R1,B14A7A8P2_R2,allele,732,CCSBVarC008840,212A>G,Asn71Ser,7,2,13,14
RAF1,RAF1_Asn74Asp,O07,B13A7A8P2_R1,B14A7A8P2_R2,allele,732,CCSBVarC008848,220A>G,Asn74Asp,7,2,13,14
RAF1,RAF1_Cys95Trp,A09,B13A7A8P2_R1,B14A7A8P2_R2,allele,732,CCSBVarC008910,285C>G,Cys95Trp,7,2,13,14
RAF1,RAF1_Asn140His,C09,B13A7A8P2_R1,B14A7A8P2_R2,allele,732,CCSBVarC008912,418A>C,Asn140His,7,2,13,14
RAF1,RAF1_Thr145Pro,E09,B13A7A8P2_R1,B14A7A8P2_R2,allele,732,CCSBVarC008929,433A>C,Thr145Pro,7,2,13,14
RAF1,RAF1_Phe22Leu,G09,B13A7A8P2_R1,B14A7A8P2_R2,allele,732,CCSBVarC008857,66T>G,Phe22Leu,7,2,13,14
RAF1,RAF1_Ser257Leu,K09,B13A7A8P2_R1,B14A7A8P2_R2,allele,732,CCSBVarC003422,770C>T,Ser257Leu,7,2,13,14
RAF1,RAF1_Ser259Thr,M09,B13A7A8P2_R1,B14A7A8P2_R2,allele,732,CCSBVarC003423,775T>A,Ser259Thr,7,2,13,14
RAF1,RAF1_Ser259Tyr,O09,B13A7A8P2_R1,B14A7A8P2_R2,allele,732,CCSBVarC008878,776C>A,Ser259Tyr,7,2,13,14
RAF1,RAF1_Ser259Cys,A11,B13A7A8P2_R1,B14A7A8P2_R2,allele,732,CCSBVarC008908,776C>G,Ser259Cys,7,2,13,14
RAF1,RAF1_Ser259Phe,C11,B13A7A8P2_R1,B14A7A8P2_R2,allele,732,CCSBVarC008870,776C>T,Ser259Phe,7,2,13,14
RAF1,RAF1_Pro261Thr,E11,B13A7A8P2_R1,B14A7A8P2_R2,allele,732,CCSBVarC008896,781C>A,Pro261Thr,7,2,13,14
RAF1,RAF1_Pro261Ala,G11,B13A7A8P2_R1,B14A7A8P2_R2,allele,732,CCSBVarC003424,781C>G,Pro261Ala,7,2,13,14
RAF1,RAF1_Pro261Ser,I11,B13A7A8P2_R1,B14A7A8P2_R2,allele,732,CCSBVarC008859,781C>T,Pro261Ser,7,2,13,14
RAF1,RAF1_Pro261Arg,M11,B13A7A8P2_R1,B14A7A8P2_R2,allele,732,CCSBVarC008906,782C>G,Pro261Arg,7,2,13,14
RAF1,RAF1_Pro261Leu,O11,B13A7A8P2_R1,B14A7A8P2_R2,allele,732,CCSBVarC003425,782C>T,Pro261Leu,7,2,13,14
RAF1,RAF1_Asn262Lys,A13,B13A7A8P2_R1,B14A7A8P2_R2,allele,732,CCSBVarC008875,786T>A,Asn262Lys,7,2,13,14
RAF1,RAF1_Val263Asp,C13,B13A7A8P2_R1,B14A7A8P2_R2,allele,732,CCSBVarC008887,788T>A,Val263Asp,7,2,13,14
RAF1,RAF1_Val263Ala,E13,B13A7A8P2_R1,B14A7A8P2_R2,allele,732,CCSBVarC008881,788T>C,Val263Ala,7,2,13,14
RAF1,RAF1_Thr303Ala,G13,B13A7A8P2_R1,B14A7A8P2_R2,allele,732,CCSBVarC008851,907A>G,Thr303Ala,7,2,13,14
RAF1,RAF1_Pro308Leu,I13,B13A7A8P2_R1,B14A7A8P2_R2,allele,732,CCSBVarC008842,923C>T,Pro308Leu,7,2,13,14
RAF1,RAF1_Ile32Val,M13,B13A7A8P2_R1,B14A7A8P2_R2,allele,732,CCSBVarC008838,94A>G,Ile32Val,7,2,13,14
RET,RET_,O13,B13A7A8P2_R1,B14A7A8P2_R2,disease_wt,8858,,,,7,2,13,14
RET,RET_Thr338Ile,A15,B13A7A8P2_R1,B14A7A8P2_R2,allele,8858,CCSBVarC006878,1013C>T,Thr338Ile,7,2,13,14
RET,RET_Leu56Met,C15,B13A7A8P2_R1,B14A7A8P2_R2,allele,8858,CCSBVarC006872,166C>A,Leu56Met,7,2,13,14
RET,RET_Pro64Leu,E15,B13A7A8P2_R1,B14A7A8P2_R2,allele,8858,CCSBVarC006874,191C>T,Pro64Leu,7,2,13,14
RET,RET_Arg67His,G15,B13A7A8P2_R1,B14A7A8P2_R2,allele,8858,CCSBVarC006873,200G>A,Arg67His,7,2,13,14
RET,RET_Val262Ala,K15,B13A7A8P2_R1,B14A7A8P2_R2,allele,8858,CCSBVarC006876,785T>C,Val262Ala,7,2,13,14
RET,RET_Thr278Asn,M15,B13A7A8P2_R1,B14A7A8P2_R2,allele,8858,CCSBVarC006877,833C>A,Thr278Asn,7,2,13,14
RET,RET_Val292Met,O15,B13A7A8P2_R1,B14A7A8P2_R2,allele,8858,CCSBVarC006880,874G>A,Val292Met,7,2,13,14
RET,RET_Arg313Gln,A17,B13A7A8P2_R1,B14A7A8P2_R2,allele,8858,CCSBVarC006882,938G>A,Arg313Gln,7,2,13,14
RET,RET_Gly321Arg,C17,B13A7A8P2_R1,B14A7A8P2_R2,allele,8858,CCSBVarC006879,961G>A,Gly321Arg,7,2,13,14
RET,RET_Arg330Gln,E17,B13A7A8P2_R1,B14A7A8P2_R2,allele,8858,CCSBVarC006881,989G>A,Arg330Gln,7,2,13,14
RHO,RHO_,I17,B13A7A8P2_R1,B14A7A8P2_R2,disease_wt,40080645,,,,7,2,13,14
RHO,RHO_Asp190Gly,K17,B13A7A8P2_R1,B14A7A8P2_R2,allele,40080645,CCSBVarC013544,569A>G,Asp190Gly,7,2,13,14
RHO,RHO_Arg135Trp,M17,B13A7A8P2_R1,B14A7A8P2_R2,allele,40080645,CCSBVarC013570,403C>T,Arg135Trp,7,2,13,14
RHO,RHO_Arg135Leu,O17,B13A7A8P2_R1,B14A7A8P2_R2,allele,40080645,CCSBVarC013572,404G>T,Arg135Leu,7,2,13,14
RHO,RHO_Pro267Thr,A19,B13A7A8P2_R1,B14A7A8P2_R2,allele,40080645,CCSBVarC013575,799C>A,Pro267Thr,7,2,13,14
RHO,RHO_Cys110Tyr,C19,B13A7A8P2_R1,B14A7A8P2_R2,allele,40080645,CCSBVarC013625,329G>A,Cys110Tyr,7,2,13,14
RPS19,RPS19_,G19,B13A7A8P2_R1,B14A7A8P2_R2,disease_wt,3441,,,,7,2,13,14
RPS19,RPS19_Val15Phe,I19,B13A7A8P2_R1,B14A7A8P2_R2,allele,3441,CCSBVarC000466,43G>T,Val15Phe,7,2,13,14
RPS19,RPS19_Arg62Trp,K19,B13A7A8P2_R1,B14A7A8P2_R2,allele,3441,CCSBVarC000467,184C>T,Arg62Trp,7,2,13,14
RPS19,RPS19_Arg101His,M19,B13A7A8P2_R1,B14A7A8P2_R2,allele,3441,CCSBVarC000468,302G>A,Arg101His,7,2,13,14
RPS19,RPS19_Gly127Glu,O19,B13A7A8P2_R1,B14A7A8P2_R2,allele,3441,CCSBVarC000469,380G>A,Gly127Glu,7,2,13,14
SDHD,SDHD_,A21,B13A7A8P2_R1,B14A7A8P2_R2,disease_wt,6363,,,,7,2,13,14
SDHD,SDHD_Phe34Cys,C21,B13A7A8P2_R1,B14A7A8P2_R2,allele,6363,CCSBVarC023269,101T>G,Phe34Cys,7,2,13,14
SDHD,SDHD_His50Asp,E21,B13A7A8P2_R1,B14A7A8P2_R2,allele,6363,CCSBVarC023279,148C>G,His50Asp,7,2,13,14
SDHD,SDHD_His50Arg,G21,B13A7A8P2_R1,B14A7A8P2_R2,allele,6363,CCSBVarC023281,149A>G,His50Arg,7,2,13,14
SDHD,SDHD_Ser68Gly,I21,B13A7A8P2_R1,B14A7A8P2_R2,allele,6363,CCSBVarC023282,202A>G,Ser68Gly,7,2,13,14
SDHD,SDHD_Glu69Lys,K21,B13A7A8P2_R1,B14A7A8P2_R2,allele,6363,CCSBVarC023285,205G>A,Glu69Lys,7,2,13,14
SDHD,SDHD_Arg70Thr,M21,B13A7A8P2_R1,B14A7A8P2_R2,allele,6363,CCSBVarC023288,209G>C,Arg70Thr,7,2,13,14
SDHD,SDHD_Ala90Glu,O21,B13A7A8P2_R1,B14A7A8P2_R2,allele,6363,CCSBVarC023305,269C>A,Ala90Glu,7,2,13,14
SDHD,SDHD_Ala90Val,A23,B13A7A8P2_R1,B14A7A8P2_R2,allele,6363,CCSBVarC023308,269C>T,Ala90Val,7,2,13,14
SDHD,SDHD_Asp92Gly,C23,B13A7A8P2_R1,B14A7A8P2_R2,allele,6363,CCSBVarC023312,275A>G,Asp92Gly,7,2,13,14
SDHD,SDHD_His102Pro,E23,B13A7A8P2_R1,B14A7A8P2_R2,allele,6363,CCSBVarC023321,305A>C,His102Pro,7,2,13,14
SDHD,SDHD_His102Arg,G23,B13A7A8P2_R1,B14A7A8P2_R2,allele,6363,CCSBVarC023323,305A>G,His102Arg,7,2,13,14
SDHD,SDHD_His102Leu,I23,B13A7A8P2_R1,B14A7A8P2_R2,allele,6363,CCSBVarC023325,305A>T,His102Leu,7,2,13,14
SDHD,SDHD_Gly106Val,K23,B13A7A8P2_R1,B14A7A8P2_R2,allele,6363,CCSBVarC023331,317G>T,Gly106Val,7,2,13,14
SDHD,SDHD_Leu107Pro,M23,B13A7A8P2_R1,B14A7A8P2_R2,allele,6363,CCSBVarC023335,320T>C,Leu107Pro,7,2,13,14
SDHD,SDHD_Val111Ile,O23,B13A7A8P2_R1,B14A7A8P2_R2,allele,6363,CCSBVarC023342,331G>A,Val111Ile,7,2,13,14
SDHD,SDHD_,A02,B13A7A8P2_R1,B14A7A8P2_R2,disease_wt,6363,,,,7,2,13,14
SDHD,SDHD_Tyr114Cys,C02,B13A7A8P2_R1,B14A7A8P2_R2,allele,6363,CCSBVarC023361,341A>G,Tyr114Cys,7,2,13,14
SDHD,SDHD_Gly138Val,E02,B13A7A8P2_R1,B14A7A8P2_R2,allele,6363,CCSBVarC023367,413G>T,Gly138Val,7,2,13,14
SDHD,SDHD_Leu139Arg,G02,B13A7A8P2_R1,B14A7A8P2_R2,allele,6363,CCSBVarC023371,416T>G,Leu139Arg,7,2,13,14
SDHD,SDHD_Ile31Val,I02,B13A7A8P2_R1,B14A7A8P2_R2,allele,6363,CCSBVarC023265,91A>G,Ile31Val,7,2,13,14
SHOC2,SHOC2_,K02,B13A7A8P2_R1,B14A7A8P2_R2,disease_wt,11602,,,,7,2,13,14
SHOC2,SHOC2_Ser4Arg,M02,B13A7A8P2_R1,B14A7A8P2_R2,allele,11602,CCSBVarC027999,10A>C,Ser4Arg,7,2,13,14
SHOC2,SHOC2_Ser403Gly,O02,B13A7A8P2_R1,B14A7A8P2_R2,allele,11602,CCSBVarC028051,1207A>G,Ser403Gly,7,2,13,14
SHOC2,SHOC2_Thr494Asn,A04,B13A7A8P2_R1,B14A7A8P2_R2,allele,11602,CCSBVarC028085,1481C>A,Thr494Asn,7,2,13,14
SHOC2,SHOC2_Gly53Arg,C04,B13A7A8P2_R1,B14A7A8P2_R2,allele,11602,CCSBVarC028008,157G>A,Gly53Arg,7,2,13,14
SHOC2,SHOC2_Ser57Phe,E04,B13A7A8P2_R1,B14A7A8P2_R2,allele,11602,CCSBVarC028011,170C>T,Ser57Phe,7,2,13,14
SHOC2,SHOC2_Thr126Ile,G04,B13A7A8P2_R1,B14A7A8P2_R2,allele,11602,CCSBVarC028024,377C>T,Thr126Ile,7,2,13,14
SHOC2,SHOC2_Met173Val,I04,B13A7A8P2_R1,B14A7A8P2_R2,allele,11602,CCSBVarC028030,517A>G,Met173Val,7,2,13,14
SHOC2,SHOC2_Thr205Ala,K04,B13A7A8P2_R1,B14A7A8P2_R2,allele,11602,CCSBVarC028039,613A>G,Thr205Ala,7,2,13,14
SOS¬†2,SOS¬†2_,M04,B13A7A8P2_R1,B14A7A8P2_R2,disease_wt,55187,,,,7,2,13,14
SOS¬†2,SOS¬†2_Pro447Thr,O04,B13A7A8P2_R1,B14A7A8P2_R2,allele,55187,CCSBVarC013782,1339C>A,Pro447Thr,7,2,13,14
SOS¬†2,SOS¬†2_Val869Ile,A06,B13A7A8P2_R1,B14A7A8P2_R2,allele,55187,CCSBVarC013733,2605G>A,Val869Ile,7,2,13,14
SOS¬†2,SOS¬†2_Asn1257Asp,C06,B13A7A8P2_R1,B14A7A8P2_R2,allele,55187,CCSBVarC013790,3769A>G,Asn1257Asp,7,2,13,14
SOS¬†2,SOS¬†2_Pro1318Ser,G06,B13A7A8P2_R1,B14A7A8P2_R2,allele,55187,CCSBVarC013771,3952C>T,Pro1318Ser,7,2,13,14
ZC4H2,ZC4H2_,I06,B13A7A8P2_R1,B14A7A8P2_R2,disease_wt,4320,,,,7,2,13,14
ZC4H2,ZC4H2_Pro201Ser,K06,B13A7A8P2_R1,B14A7A8P2_R2,allele,4320,CCSBVarC005917,601C>T,Pro201Ser,7,2,13,14
ZC4H2,ZC4H2_Val63Leu,M06,B13A7A8P2_R1,B14A7A8P2_R2,allele,4320,CCSBVarC005916,187G>C,Val63Leu,7,2,13,14
ZC4H2,ZC4H2_Val63Leu,O06,B13A7A8P2_R1,B14A7A8P2_R2,allele,4320,CCSBVarC005916,187G>C,Val63Leu,7,2,13,14
ZC4H2,ZC4H2_Pro201Ser,A08,B13A7A8P2_R1,B14A7A8P2_R2,allele,4320,CCSBVarC005917,601C>T,Pro201Ser,7,2,13,14
ZC4H2,ZC4H2_Ala162Thr,C08,B13A7A8P2_R1,B14A7A8P2_R2,allele,4320,CCSBVarC009153,484G>A,Ala162Thr,7,2,13,14
ZC4H2,ZC4H2_Ile7Val,E08,B13A7A8P2_R1,B14A7A8P2_R2,allele,4320,CCSBVarC009155,19A>G,Ile7Val,7,2,13,14
ZC4H2,ZC4H2_Ala157Thr,I08,B13A7A8P2_R1,B14A7A8P2_R2,allele,4320,CCSBVarC009160,469G>A,Ala157Thr,7,2,13,14
ZC4H2,ZC4H2_Ala200Thr,K08,B13A7A8P2_R1,B14A7A8P2_R2,allele,4320,CCSBVarC009163,598G>A,Ala200Thr,7,2,13,14
ZC4H2,ZC4H2_Lys217Arg,M08,B13A7A8P2_R1,B14A7A8P2_R2,allele,4320,CCSBVarC009181,650A>G,Lys217Arg,7,2,13,14
ZC4H2,ZC4H2_Cys192Tyr,O08,B13A7A8P2_R1,B14A7A8P2_R2,allele,4320,CCSBVarC009185,575G>A,Cys192Tyr,7,2,13,14
ZC4H2,ZC4H2_Leu66His,A10,B13A7A8P2_R1,B14A7A8P2_R2,allele,4320,CCSBVarC009188,197T>A,Leu66His,7,2,13,14
ZC4H2,ZC4H2_Arg198Gln,C10,B13A7A8P2_R1,B14A7A8P2_R2,allele,4320,CCSBVarC009191,593G>A,Arg198Gln,7,2,13,14
ZC4H2,ZC4H2_Arg18Lys,E10,B13A7A8P2_R1,B14A7A8P2_R2,allele,4320,CCSBVarC009194,53G>A,Arg18Lys,7,2,13,14
ZC4H2,ZC4H2_Arg213Trp,G10,B13A7A8P2_R1,B14A7A8P2_R2,allele,4320,CCSBVarC009197,637C>T,Arg213Trp,7,2,13,14
ZC4H2,ZC4H2_Arg211Trp,K10,B13A7A8P2_R1,B14A7A8P2_R2,allele,4320,CCSBVarC009207,631C>T,Arg211Trp,7,2,13,14