symbol	gene_allele_orig	gene_allele	dest_plate	dest_well	orf_id_wt	ccsb_mutation_id_orig	ccsb_mutation_id	nt_change_cdna	ref	alt	pos	aa_change_orig	aa_change	ensembl_protein_id
ABCD1	ABCD1	ABCD1	527_CAVA_Array_P01	A01	100008637				NULL	NULL	NULL			ENSP00000218104.3
BAP1	BAP1_Cys91Gly	BAP1_Cys91Gly	527_CAVA_Array_P01	A02	3760	CCSBVarC009482	CCSBVarC009482	271T>G	T	G	271	Cys91Gly	Cys91Gly	ENSP00000417132.1
BCL10	BCL10	BCL10	527_CAVA_Array_P01	A03	11832				NULL	NULL	NULL			ENSP00000498104.1
BRAF	BRAF_Val471Phe	BRAF_Val471Phe	527_CAVA_Array_P01	A04	71969	CCSBVarC003161	CCSBVarC003161	1411G>T	G	T	1411	Val471Phe	Val471Phe	ENSP00000493543.1
BRAF	BRAF_Phe595Leu	BRAF_Phe595Leu	527_CAVA_Array_P01	A05	71969	CCSBVarC002859	CCSBVarC002859	1785T>G	T	G	1785	Phe595Leu	Phe595Leu	ENSP00000493543.1
BRCA1	BRCA1	BRCA1	527_CAVA_Array_P01	A06	14613				NULL	NULL	NULL			ENSP00000417148.1
BRCA1	BRCA1_Glu116Lys	BRCA1_Glu116Lys	527_CAVA_Array_P01	A07	14613	CCSBVarC003298	CCSBVarC003298	346G>A	G	A	346	Glu116Lys	Glu116Lys	ENSP00000417148.1
BRCA1	BRCA1_Leu660Pro	BRCA1_Leu660Pro	527_CAVA_Array_P01	A08	14613	CCSBVarC003309	CCSBVarC003309	1979T>C	T	C	1979	Leu660Pro	Leu660Pro	ENSP00000417148.1
BRCA1	BRCA1_Cys64Ser	BRCA1_Cys64Ser	527_CAVA_Array_P01	A09	14613	CCSBVarC011841	CCSBVarC011841	191G>C	G	C	191	Cys64Ser	Cys64Ser	ENSP00000417148.1
BRCA1	BRCA1_Glu455Lys	BRCA1_Glu455Lys	527_CAVA_Array_P01	A10	14613	CCSBVarC011868	CCSBVarC011868	1363G>A	G	A	1363	Glu455Lys	Glu455Lys	ENSP00000417148.1
BRCA1	BRCA1_Ala102Gly	BRCA1_Ala102Gly	527_CAVA_Array_P01	A11	14613	CCSBVarC013080	CCSBVarC013080	305C>G	C	G	305	Ala102Gly	Ala102Gly	ENSP00000417148.1
BRCA1	BRCA1_Thr616Ala	BRCA1_Thr616Ala	527_CAVA_Array_P01	A12	14613	CCSBVarC013127	CCSBVarC013127	1846A>G	A	G	1846	Thr616Ala	Thr616Ala	ENSP00000417148.1
ABCD1	ABCD1_Arg518Trp	ABCD1_Arg518Trp	527_CAVA_Array_P01	B01	100008637	CCSBVarC007022	CCSBVarC007022	1552C>T	C	T	1552	Arg518Trp	Arg518Trp	ENSP00000218104.3
BAP1	BAP1_Cys91Ser	BAP1_Cys91Ser	527_CAVA_Array_P01	B02	3760	CCSBVarC009484	CCSBVarC009484	272G>C	G	C	272	Cys91Ser	Cys91Ser	ENSP00000417132.1
BCL10	BCL10_Ala5Ser	BCL10_Ala5Ser	527_CAVA_Array_P01	B03	11832	CCSBVarC001763	CCSBVarC001763	13G>T	G	T	13	Ala5Ser	Ala5Ser	ENSP00000498104.1
BRAF	BRAF_Leu485Phe	BRAF_Leu485Phe	527_CAVA_Array_P01	B04	71969	CCSBVarC003163	CCSBVarC003163	1455G>C	G	C	1455	Leu485Phe	Leu485Phe	ENSP00000493543.1
BRAF	BRAF_Gly596Val	BRAF_Gly596Val	527_CAVA_Array_P01	B05	71969	CCSBVarC003171	CCSBVarC003171	1787G>T	G	T	1787	Gly596Val	Gly596Val	ENSP00000493543.1
BRCA1	BRCA1_Tyr179Cys	BRCA1_Tyr179Cys	527_CAVA_Array_P01	B06	14613	CCSBVarC002122	CCSBVarC002122	536A>G	A	G	536	Tyr179Cys	Tyr179Cys	ENSP00000417148.1
BRCA1	BRCA1_Lys502Glu	BRCA1_Lys502Glu	527_CAVA_Array_P01	B07	14613	CCSBVarC003301	CCSBVarC003301	1504A>G	A	G	1504	Lys502Glu	Lys502Glu	ENSP00000417148.1
BRCA1	BRCA1_Ser408Ile	BRCA1_Ser408Ile	527_CAVA_Array_P01	B08	14613	CCSBVarC011797	CCSBVarC011797	1223G>T	G	T	1223	Ser408Ile	Ser408Ile	ENSP00000417148.1
BRCA1	BRCA1_Thr581Ala	BRCA1_Thr581Ala	527_CAVA_Array_P01	B09	14613	CCSBVarC011843	CCSBVarC011843	1741A>G	A	G	1741	Thr581Ala	Thr581Ala	ENSP00000417148.1
BRCA1	BRCA1_Met671Lys	BRCA1_Met671Lys	527_CAVA_Array_P01	B10	14613	CCSBVarC011871	CCSBVarC011871	2012T>A	T	A	2012	Met671Lys	Met671Lys	ENSP00000417148.1
BRCA1	BRCA1_Asp67Tyr	BRCA1_Asp67Tyr	527_CAVA_Array_P01	B11	14613	CCSBVarC013083	CCSBVarC013083	199G>T	G	T	199	Asp67Tyr	Asp67Tyr	ENSP00000417148.1
BRCA1	BRCA1_Glu143Lys	BRCA1_Glu143Lys	527_CAVA_Array_P01	B12	14613	CCSBVarC013134	CCSBVarC013134	427G>A	G	A	427	Glu143Lys	Glu143Lys	ENSP00000417148.1
ABCD1	ABCD1_Arg389Gly	ABCD1_Arg389Gly	527_CAVA_Array_P01	C01	100008637	CCSBVarC007023	CCSBVarC007023	1165C>G	C	G	1165	Arg389Gly	Arg389Gly	ENSP00000218104.3
BAP1	BAP1_Arg718Gln	BAP1_Arg718Gln	527_CAVA_Array_P01	C02	3760	CCSBVarC009488	CCSBVarC009488	2153G>A	G	A	2153	Arg718Gln	Arg718Gln	ENSP00000417132.1
EGFP	EGFP	EGFP	527_CAVA_Array_P01	C03	0				NULL	NULL	NULL			NULL
BRAF	BRAF_Val487Gly	BRAF_Val487Gly	527_CAVA_Array_P01	C04	71969	CCSBVarC003164	CCSBVarC003164	1460T>G	T	G	1460	Val487Gly	Val487Gly	ENSP00000493543.1
BRAF	BRAF_Val600Gly	BRAF_Val600Gly	527_CAVA_Array_P01	C05	71969	CCSBVarC003172	CCSBVarC003172	1799T>G	T	G	1799	Val600Gly	Val600Gly	ENSP00000493543.1
BRCA1	BRCA1_Arg391Met	BRCA1_Arg391Met	527_CAVA_Array_P01	C06	14613	CCSBVarC002123	CCSBVarC002123	1172G>T	G	T	1172	Arg391Met	Arg391Met	ENSP00000417148.1
BRCA1	BRCA1_Thr581Ile	BRCA1_Thr581Ile	527_CAVA_Array_P01	C07	14613	CCSBVarC003303	CCSBVarC003303	1742C>T	C	T	1742	Thr581Ile	Thr581Ile	ENSP00000417148.1
BRCA1	BRCA1_His299Tyr	BRCA1_His299Tyr	527_CAVA_Array_P01	C08	14613	CCSBVarC011806	CCSBVarC011806	895C>T	C	T	895	His299Tyr	His299Tyr	ENSP00000417148.1
BRCA1	BRCA1_Ser611Arg	BRCA1_Ser611Arg	527_CAVA_Array_P01	C09	14613	CCSBVarC011847	CCSBVarC011847	1831A>C	A	C	1831	Ser611Arg	Ser611Arg	ENSP00000417148.1
PRAKCB	PRKACB	PRKACB	527_CAVA_Array_P01	C10	0				NULL	NULL	NULL			NULL
BRCA1	BRCA1_Ser186Tyr	BRCA1_Ser186Tyr	527_CAVA_Array_P01	C11	14613	CCSBVarC013090	CCSBVarC013090	557C>A	C	A	557	Ser186Tyr	Ser186Tyr	ENSP00000417148.1
BRIP1	BRIP1	BRIP1	527_CAVA_Array_P01	C12	55128				NULL	NULL	NULL			ENSP00000259008.2
ABCD1	ABCD1_Arg518Gln	ABCD1_Arg518Gln	527_CAVA_Array_P01	D01	100008637	CCSBVarC007021	CCSBVarC007021	1553G>A	G	A	1553	Arg518Gln	Arg518Gln	ENSP00000218104.3
BAP1	BAP1_Leu49Pro	BAP1_Leu49Pro	527_CAVA_Array_P01	D02	3760	CCSBVarC009492	CCSBVarC009492	146T>C	T	C	146	Leu49Pro	Leu49Pro	ENSP00000417132.1
BCL10	BCL10_Leu8Leu	BCL10_Leu8Leu	527_CAVA_Array_P01	D03	11832	CCSBVarC001764	CCSBVarC001764	24C>G	C	G	24	Leu8Leu	Leu8Leu	ENSP00000498104.1
ALK	ALK	ALK	527_CAVA_Array_P01	D04	0				NULL	NULL	NULL			NULL
BRAF	BRAF_Thr241Arg	BRAF_Thr241Arg	527_CAVA_Array_P01	D05	71969	CCSBVarC003154	CCSBVarC003154	722C>G	C	G	722	Thr241Arg	Thr241Arg	ENSP00000493543.1
BRCA1	BRCA1_Met1Thr	BRCA1_Met1Thr	527_CAVA_Array_P01	D06	14613	CCSBVarC003294	CCSBVarC003294	2T>C	T	C	2	Met1Thr	Met1Thr	ENSP00000417148.1
BRCA1	BRCA1_Thr587Arg	BRCA1_Thr587Arg	527_CAVA_Array_P01	D07	14613	CCSBVarC003304	CCSBVarC003304	1760C>G	C	G	1760	Thr587Arg	Thr587Arg	ENSP00000417148.1
BRCA1	BRCA1_Gly666Val	BRCA1_Gly666Val	527_CAVA_Array_P01	D08	14613	CCSBVarC011818	CCSBVarC011818	1997G>T	G	T	1997	Gly666Val	Gly666Val	ENSP00000417148.1
SLIRP	SLIRP	SLIRP	527_CAVA_Array_P01	D09	0				NULL	NULL	NULL			NULL
BRCA1	BRCA1_Cys61Gly	BRCA1_Cys61Gly	527_CAVA_Array_P01	D10	14613	CCSBVarC011874	CCSBVarC011874	181T>G	T	G	181	Cys61Gly	Cys61Gly	ENSP00000417148.1
BRCA1	BRCA1_Asn132Lys	BRCA1_Asn132Lys	527_CAVA_Array_P01	D11	14613	CCSBVarC013093	CCSBVarC013093	396C>A	C	A	396	Asn132Lys	Asn132Lys	ENSP00000417148.1
BRIP1	BRIP1_Ser520Thr	BRIP1_Ser520Thr	527_CAVA_Array_P01	D12	55128	CCSBVarC031368	CCSBVarC031368	1559G>C	G	C	1559	Ser520Thr	Ser520Thr	ENSP00000259008.2
BAP1	BAP1	BAP1	527_CAVA_Array_P01	E01	3760				NULL	NULL	NULL			ENSP00000417132.1
BAP1	BAP1_Pro12Thr	BAP1_Pro12Thr	527_CAVA_Array_P01	E02	3760	CCSBVarC009495	CCSBVarC009495	34C>A	C	A	34	Pro12Thr	Pro12Thr	ENSP00000417132.1
BRAF	BRAF	BRAF	527_CAVA_Array_P01	E03	71969				NULL	NULL	NULL			ENSP00000493543.1
BRAF	BRAF_Lys499Asn	BRAF_Lys499Asn	527_CAVA_Array_P01	E04	71969	CCSBVarC003166	CCSBVarC003166	1497A>C	A	C	1497	Lys499Asn	Lys499Asn	ENSP00000493543.1
ALK	ALK_Arg1275Gln	ALK_Arg1275Gln	527_CAVA_Array_P01	E05	0				NULL	NULL	NULL	Arg1275Gln	Arg1275Gln	NULL
BRCA1	BRCA1_Met1Ile	BRCA1_Met1Ile	527_CAVA_Array_P01	E06	14613	CCSBVarC003295	CCSBVarC003295	3G>T	G	T	3	Met1Ile	Met1Ile	ENSP00000417148.1
BRCA1	BRCA1_Phe591Leu	BRCA1_Phe591Leu	527_CAVA_Array_P01	E07	14613	CCSBVarC003305	CCSBVarC003305	1773T>A	T	A	1773	Phe591Leu	Phe591Leu	ENSP00000417148.1
RHEB	RHEB	RHEB	527_CAVA_Array_P01	E08	0				NULL	NULL	NULL			NULL
BRCA1	BRCA1_Val632Ala	BRCA1_Val632Ala	527_CAVA_Array_P01	E09	14613	CCSBVarC011853	CCSBVarC011853	1895T>C	T	C	1895	Val632Ala	Val632Ala	ENSP00000417148.1
BRCA1	BRCA1_Phe558Ser	BRCA1_Phe558Ser	527_CAVA_Array_P01	E10	14613	CCSBVarC013021	CCSBVarC013021	1673T>C	T	C	1673	Phe558Ser	Phe558Ser	ENSP00000417148.1
BRCA1	BRCA1_Gly602Ala	BRCA1_Gly602Ala	527_CAVA_Array_P01	E11	14613	CCSBVarC013096	CCSBVarC013096	1805G>C	G	C	1805	Gly602Ala	Gly602Ala	ENSP00000417148.1
BRIP1	BRIP1_His587Arg	BRIP1_His587Arg	527_CAVA_Array_P01	E12	55128	CCSBVarC031376	CCSBVarC031376	1760A>G	A	G	1760	His587Arg	His587Arg	ENSP00000259008.2
BAP1	BAP1_Ser596Gly	BAP1_Ser596Gly	527_CAVA_Array_P01	F01	3760	CCSBVarC009473	CCSBVarC009473	1786A>G	A	G	1786	Ser596Gly	Ser596Gly	ENSP00000417132.1
BAP1	BAP1_Glu31Lys	BAP1_Glu31Lys	527_CAVA_Array_P01	F02	3760	CCSBVarC009499	CCSBVarC009499	91G>A	G	A	91	Glu31Lys	Glu31Lys	ENSP00000417132.1
BRAF	BRAF_Gly464Val	BRAF_Gly464Val	527_CAVA_Array_P01	F03	71969	CCSBVarC003158	CCSBVarC003158	1391G>T	G	T	1391	Gly464Val	Gly464Val	ENSP00000493543.1
BRAF	BRAF_Glu501Lys	BRAF_Glu501Lys	527_CAVA_Array_P01	F04	71969	CCSBVarC003167	CCSBVarC003167	1501G>A	G	A	1501	Glu501Lys	Glu501Lys	ENSP00000493543.1
BRAF	BRAF_Leu245Phe	BRAF_Leu245Phe	527_CAVA_Array_P01	F05	71969	CCSBVarC003155	CCSBVarC003155	735A>T	A	T	735	Leu245Phe	Leu245Phe	ENSP00000493543.1
			527_CAVA_Array_P01	F06	0				NULL	NULL	NULL			NULL
MAPK9	MAPK9	MAPK9	527_CAVA_Array_P01	F07	0				NULL	NULL	NULL			NULL
BRCA1	BRCA1_Ser611Arg	BRCA1_Ser611Arg	527_CAVA_Array_P01	F08	14613	CCSBVarC011835	CCSBVarC011835	1833C>G	C	G	1833	Ser611Arg	Ser611Arg	ENSP00000417148.1
BRCA1	BRCA1_Arg71Gly	BRCA1_Arg71Gly	527_CAVA_Array_P01	F09	14613	CCSBVarC011856	CCSBVarC011856	211A>G	A	G	211	Arg71Gly	Arg71Gly	ENSP00000417148.1
BRCA1	BRCA1_Pro533Leu	BRCA1_Pro533Leu	527_CAVA_Array_P01	F10	14613	CCSBVarC013043	CCSBVarC013043	1598C>T	C	T	1598	Pro533Leu	Pro533Leu	ENSP00000417148.1
BRCA1	BRCA1_Pro510Ser	BRCA1_Pro510Ser	527_CAVA_Array_P01	F11	14613	CCSBVarC013098	CCSBVarC013098	1528C>T	C	T	1528	Pro510Ser	Pro510Ser	ENSP00000417148.1
BRIP1	BRIP1_Val76Ile	BRIP1_Val76Ile	527_CAVA_Array_P01	F12	55128	CCSBVarC031290	CCSBVarC031290	226G>A	G	A	226	Val76Ile	Val76Ile	ENSP00000259008.2
BAP1	BAP1_Thr423Lys	BAP1_Thr423Lys	527_CAVA_Array_P01	G01	3760	CCSBVarC009476	CCSBVarC009476	1268C>A	C	A	1268	Thr423Lys	Thr423Lys	ENSP00000417132.1
BAP1	BAP1_Arg59Pro	BAP1_Arg59Pro	527_CAVA_Array_P01	G02	3760	CCSBVarC009502	CCSBVarC009502	176G>C	G	C	176	Arg59Pro	Arg59Pro	ENSP00000417132.1
BRAF	BRAF_Phe468Ser	BRAF_Phe468Ser	527_CAVA_Array_P01	G03	71969	CCSBVarC003159	CCSBVarC003159	1403T>C	T	C	1403	Phe468Ser	Phe468Ser	ENSP00000493543.1
BRAF	BRAF_Glu501Val	BRAF_Glu501Val	527_CAVA_Array_P01	G04	71969	CCSBVarC003169	CCSBVarC003169	1502A>T	A	T	1502	Glu501Val	Glu501Val	ENSP00000493543.1
BRAF	BRAF_Gln257Arg	BRAF_Gln257Arg	527_CAVA_Array_P01	G05	71969	CCSBVarC003156	CCSBVarC003156	770A>G	A	G	770	Gln257Arg	Gln257Arg	ENSP00000493543.1
BRCA1	BRCA1_Cys44Tyr	BRCA1_Cys44Tyr	527_CAVA_Array_P01	G06	14613	CCSBVarC003296	CCSBVarC003296	131G>A	G	A	131	Cys44Tyr	Cys44Tyr	ENSP00000417148.1
BRCA1	BRCA1_Arg595Gln	BRCA1_Arg595Gln	527_CAVA_Array_P01	G07	14613	CCSBVarC003306	CCSBVarC003306	1784G>A	G	A	1784	Arg595Gln	Arg595Gln	ENSP00000417148.1
BRCA1	BRCA1_Thr37Lys	BRCA1_Thr37Lys	527_CAVA_Array_P01	G08	14613	CCSBVarC011837	CCSBVarC011837	110C>A	C	A	110	Thr37Lys	Thr37Lys	ENSP00000417148.1
BRCA1	BRCA1_Cys39Arg	BRCA1_Cys39Arg	527_CAVA_Array_P01	G09	14613	CCSBVarC011862	CCSBVarC011862	115T>C	T	C	115	Cys39Arg	Cys39Arg	ENSP00000417148.1
BRCA1	BRCA1_Met548Ile	BRCA1_Met548Ile	527_CAVA_Array_P01	G10	14613	CCSBVarC013069	CCSBVarC013069	1644G>A	G	A	1644	Met548Ile	Met548Ile	ENSP00000417148.1
BRCA1	BRCA1_His239Arg	BRCA1_His239Arg	527_CAVA_Array_P01	G11	14613	CCSBVarC013119	CCSBVarC013119	716A>G	A	G	716	His239Arg	His239Arg	ENSP00000417148.1
BRIP1	BRIP1_Arg848His	BRIP1_Arg848His	527_CAVA_Array_P01	G12	55128	CCSBVarC031388	CCSBVarC031388	2543G>A	G	A	2543	Arg848His	Arg848His	ENSP00000259008.2
BAP1	BAP1_Asn290Ser	BAP1_Asn290Ser	527_CAVA_Array_P01	H01	3760	CCSBVarC009478	CCSBVarC009478	869A>G	A	G	869	Asn290Ser	Asn290Ser	ENSP00000417132.1
BAP1	BAP1_Thr93Ala	BAP1_Thr93Ala	527_CAVA_Array_P01	H02	3760	CCSBVarC009507	CCSBVarC009507	277A>G	A	G	277	Thr93Ala	Thr93Ala	ENSP00000417132.1
BRAF	BRAF_Gly469Glu	BRAF_Gly469Glu	527_CAVA_Array_P01	H03	71969	CCSBVarC003160	CCSBVarC003160	1406G>A	G	A	1406	Gly469Glu	Gly469Glu	ENSP00000493543.1
BRAF	BRAF_Asp565Glu	BRAF_Asp565Glu	527_CAVA_Array_P01	H04	71969	CCSBVarC003170	CCSBVarC003170	1695T>G	T	G	1695	Asp565Glu	Asp565Glu	ENSP00000493543.1
BRAF	BRAF_Gln262Lys	BRAF_Gln262Lys	527_CAVA_Array_P01	H05	71969	CCSBVarC003157	CCSBVarC003157	784C>A	C	A	784	Gln262Lys	Gln262Lys	ENSP00000493543.1
BRCA1	BRCA1_Arg71Lys	BRCA1_Arg71Lys	527_CAVA_Array_P01	H06	14613	CCSBVarC003297	CCSBVarC003297	212G>A	G	A	212	Arg71Lys	Arg71Lys	ENSP00000417148.1
BRCA1	BRCA1_Glu631Lys	BRCA1_Glu631Lys	527_CAVA_Array_P01	H07	14613	CCSBVarC003307	CCSBVarC003307	1891G>A	G	A	1891	Glu631Lys	Glu631Lys	ENSP00000417148.1
BRCA1	BRCA1_Cys64Tyr	BRCA1_Cys64Tyr	527_CAVA_Array_P01	H08	14613	CCSBVarC011839	CCSBVarC011839	191G>A	G	A	191	Cys64Tyr	Cys64Tyr	ENSP00000417148.1
BRCA1	BRCA1_His41Arg	BRCA1_His41Arg	527_CAVA_Array_P01	H09	14613	CCSBVarC011865	CCSBVarC011865	122A>G	A	G	122	His41Arg	His41Arg	ENSP00000417148.1
BRCA1	BRCA1_Val275Ile	BRCA1_Val275Ile	527_CAVA_Array_P01	H10	14613	CCSBVarC013078	CCSBVarC013078	823G>A	G	A	823	Val275Ile	Val275Ile	ENSP00000417148.1
BRCA1	BRCA1_Leu460Pro	BRCA1_Leu460Pro	527_CAVA_Array_P01	H11	14613	CCSBVarC013122	CCSBVarC013122	1379T>C	T	C	1379	Leu460Pro	Leu460Pro	ENSP00000417148.1
BRIP1	BRIP1_Leu195Pro	BRIP1_Leu195Pro	527_CAVA_Array_P01	H12	55128	CCSBVarC002407	CCSBVarC002407	584T>C	T	C	584	Leu195Pro	Leu195Pro	ENSP00000259008.2
BRIP1	BRIP1	BRIP1	527_CAVA_Array_P02	A01	55128				NULL	NULL	NULL			ENSP00000259008.2
CTCF	CTCF_His455Gln	CTCF_His455Gln	527_CAVA_Array_P02	A02	6173	CCSBVarC010858	CCSBVarC010858	1365C>G	C	G	1365	His455Gln	His455Gln	ENSP00000264010.4
CTCF	CTCF_Glu590Gln	CTCF_Glu590Gln	527_CAVA_Array_P02	A03	6173	CCSBVarC010827	CCSBVarC010827	1768G>C	G	C	1768	Glu590Gln	Glu590Gln	ENSP00000264010.4
F9	F9_Arg379Gln	F9_Arg379Gln	527_CAVA_Array_P02	A04	52861	CCSBVarC004388	CCSBVarC004388	1136G>A	G	A	1136	Arg379Gln	Arg379Gln	ENSP00000218099.2
F9	F9_Ser406Leu	F9_Ser406Leu	527_CAVA_Array_P02	A05	52861	CCSBVarC004393	CCSBVarC004393	1217C>T	C	T	1217	Ser406Leu	Ser406Leu	ENSP00000218099.2
F9	F9_Glu54Val	F9_Glu54Val	527_CAVA_Array_P02	A06	52861	CCSBVarC030495	CCSBVarC030495	161A>T	A	T	161	Glu54Val	Glu54Val	ENSP00000218099.2
F9	F9_Asp110Gly	F9_Asp110Gly	527_CAVA_Array_P02	A07	52861	CCSBVarC004377	CCSBVarC004377	329A>G	A	G	329	Asp110Gly	Asp110Gly	ENSP00000218099.2
F9	F9_Cys178Phe	F9_Cys178Phe	527_CAVA_Array_P02	A08	52861	CCSBVarC030553	CCSBVarC030553	533G>T	G	T	533	Cys178Phe	Cys178Phe	ENSP00000218099.2
F9	F9_Arg226Gln	F9_Arg226Gln	527_CAVA_Array_P02	A09	52861	CCSBVarC004380	CCSBVarC004380	677G>A	G	A	677	Arg226Gln	Arg226Gln	ENSP00000218099.2
F9	F9_His282Arg	F9_His282Arg	527_CAVA_Array_P02	A10	52861	CCSBVarC030586	CCSBVarC030586	845A>G	A	G	845	His282Arg	His282Arg	ENSP00000218099.2
F9	F9_Ile256Thr	F9_Ile256Thr	527_CAVA_Array_P02	A11	52861	CCSBVarC002182	CCSBVarC002182	767T>C	T	C	767	Ile256Thr	Ile256Thr	ENSP00000218099.2
FANCC	FANCC_Leu554Pro	FANCC_Leu554Pro	527_CAVA_Array_P02	A12	7699	CCSBVarC001231	CCSBVarC001231	1661T>C	T	C	1661	Leu554Pro	Leu554Pro	ENSP00000289081.3
BRIP1	BRIP1_Gln255His	BRIP1_Gln255His	527_CAVA_Array_P02	B01	55128	CCSBVarC031354	CCSBVarC031354	765G>T	G	T	765	Gln255His	Gln255His	ENSP00000259008.2
CTCF	CTCF_Asp46Asn	CTCF_Asp46Asn	527_CAVA_Array_P02	B02	6173	CCSBVarC010823	CCSBVarC010823	136G>A	G	A	136	Asp46Asn	Asp46Asn	ENSP00000264010.4
CTCF	CTCF_Arg342His	CTCF_Arg342His	527_CAVA_Array_P02	B03	6173	CCSBVarC010848	CCSBVarC010848	1025G>A	G	A	1025	Arg342His	Arg342His	ENSP00000264010.4
F9	F9_Arg384Pro	F9_Arg384Pro	527_CAVA_Array_P02	B04	52861	CCSBVarC004389	CCSBVarC004389	1151G>C	G	C	1151	Arg384Pro	Arg384Pro	ENSP00000218099.2
F9	F9_Asp410His	F9_Asp410His	527_CAVA_Array_P02	B05	52861	CCSBVarC004394	CCSBVarC004394	1228G>C	G	C	1228	Asp410His	Asp410His	ENSP00000218099.2
F9	F9_Ile7Phe	F9_Ile7Phe	527_CAVA_Array_P02	B06	52861	CCSBVarC030454	CCSBVarC030454	19A>T	A	T	19	Ile7Phe	Ile7Phe	ENSP00000218099.2
F9	F9_Cys134Ser	F9_Cys134Ser	527_CAVA_Array_P02	B07	52861	CCSBVarC030525	CCSBVarC030525	401G>C	G	C	401	Cys134Ser	Cys134Ser	ENSP00000218099.2
F9	F9_Arg191Cys	F9_Arg191Cys	527_CAVA_Array_P02	B08	52861	CCSBVarC030555	CCSBVarC030555	571C>T	C	T	571	Arg191Cys	Arg191Cys	ENSP00000218099.2
F9	F9_Val227Ile	F9_Val227Ile	527_CAVA_Array_P02	B09	52861	CCSBVarC030567	CCSBVarC030567	679G>A	G	A	679	Val227Ile	Val227Ile	ENSP00000218099.2
F9	F9_Arg294Gln	F9_Arg294Gln	527_CAVA_Array_P02	B10	52861	CCSBVarC004382	CCSBVarC004382	881G>A	G	A	881	Arg294Gln	Arg294Gln	ENSP00000218099.2
F9	F9_Cys407Arg	F9_Cys407Arg	527_CAVA_Array_P02	B11	52861	CCSBVarC002183	CCSBVarC002183	1219T>C	T	C	1219	Cys407Arg	Cys407Arg	ENSP00000218099.2
FARS2	FARS2	FARS2	527_CAVA_Array_P02	B12	12653				NULL	NULL	NULL			ENSP00000274680.4
BRIP1	BRIP1_Thr266Lys	BRIP1_Thr266Lys	527_CAVA_Array_P02	C01	55128	CCSBVarC031356	CCSBVarC031356	797C>A	C	A	797	Thr266Lys	Thr266Lys	ENSP00000259008.2
CTCF	CTCF_Arg567Trp	CTCF_Arg567Trp	527_CAVA_Array_P02	C02	6173	CCSBVarC010838	CCSBVarC010838	1699C>T	C	T	1699	Arg567Trp	Arg567Trp	ENSP00000264010.4
EGFP	EGFP	EGFP	527_CAVA_Array_P02	C03	0				NULL	NULL	NULL			NULL
F9	F9_Arg384Leu	F9_Arg384Leu	527_CAVA_Array_P02	C04	52861	CCSBVarC004390	CCSBVarC004390	1151G>T	G	T	1151	Arg384Leu	Arg384Leu	ENSP00000218099.2
F9	F9_Ser411Ile	F9_Ser411Ile	527_CAVA_Array_P02	C05	52861	CCSBVarC004395	CCSBVarC004395	1232G>T	G	T	1232	Ser411Ile	Ser411Ile	ENSP00000218099.2
F9	F9_Glu73Lys	F9_Glu73Lys	527_CAVA_Array_P02	C06	52861	CCSBVarC002180	CCSBVarC002180	217G>A	G	A	217	Glu73Lys	Glu73Lys	ENSP00000218099.2
F9	F9_Ile136Thr	F9_Ile136Thr	527_CAVA_Array_P02	C07	52861	CCSBVarC030528	CCSBVarC030528	407T>C	T	C	407	Ile136Thr	Ile136Thr	ENSP00000218099.2
F9	F9_Arg191His	F9_Arg191His	527_CAVA_Array_P02	C08	52861	CCSBVarC004379	CCSBVarC004379	572G>A	G	A	572	Arg191His	Arg191His	ENSP00000218099.2
F9	F9_Ala233Thr	F9_Ala233Thr	527_CAVA_Array_P02	C09	52861	CCSBVarC030569	CCSBVarC030569	697G>A	G	A	697	Ala233Thr	Ala233Thr	ENSP00000218099.2
PRKACB	PRKACB	PRKACB	527_CAVA_Array_P02	C10	0				NULL	NULL	NULL			NULL
F9	F9_Cys124Tyr	F9_Cys170Tyr	527_CAVA_Array_P02	C11	52861		CCSBVarC002181	509G>A	G	A	509	Cys124Tyr	Cys170Tyr	ENSP00000218099.2
FARS2	FARS2_Leu371Phe	FARS2_Leu371Phe	527_CAVA_Array_P02	C12	12653	CCSBVarC011882	CCSBVarC011882	1113G>T	G	T	1113	Leu371Phe	Leu371Phe	ENSP00000274680.4
BRIP1	BRIP1	BRIP1	527_CAVA_Array_P02	D01	55128				NULL	NULL	NULL			ENSP00000259008.2
CTCF	CTCF_Arg567Leu	CTCF_Arg567Leu	527_CAVA_Array_P02	D02	6173	CCSBVarC010820	CCSBVarC010820	1700G>T	G	T	1700	Arg567Leu	Arg567Leu	ENSP00000264010.4
F9	F9	F9	527_CAVA_Array_P02	D03	52861				NULL	NULL	NULL			ENSP00000218099.2
ALK	ALK	ALK	527_CAVA_Array_P02	D04	0				NULL	NULL	NULL			NULL
F9	F9_Pro414Thr	F9_Pro414Thr	527_CAVA_Array_P02	D05	52861	CCSBVarC004396	CCSBVarC004396	1240C>A	C	A	1240	Pro414Thr	Pro414Thr	ENSP00000218099.2
F9	F9_Glu73Val	F9_Glu73Val	527_CAVA_Array_P02	D06	52861	CCSBVarC004374	CCSBVarC004374	218A>T	A	T	218	Glu73Val	Glu73Val	ENSP00000218099.2
F9	F9_Tyr161Cys	F9_Tyr161Cys	527_CAVA_Array_P02	D07	52861	CCSBVarC030535	CCSBVarC030535	482A>G	A	G	482	Tyr161Cys	Tyr161Cys	ENSP00000218099.2
F9	F9_Thr194Ala	F9_Thr194Ala	527_CAVA_Array_P02	D08	52861	CCSBVarC030557	CCSBVarC030557	580A>G	A	G	580	Thr194Ala	Thr194Ala	ENSP00000218099.2
SLIRP	SLIRP	SLIRP	527_CAVA_Array_P02	D09	0				NULL	NULL	NULL			NULL
F9	F9_Arg3His	F9_Arg3His	527_CAVA_Array_P02	D10	52861	CCSBVarC030452	CCSBVarC030452	8G>A	G	A	8	Arg3His	Arg3His	ENSP00000218099.2
F9	F9_Ile210Thr	F9_Ile256Thr	527_CAVA_Array_P02	D11	52861		CCSBVarC002182	767T>C	T	C	767	Ile210Thr	Ile256Thr	ENSP00000218099.2
FARS2	FARS2_Ile388Ser	FARS2_Ile388Ser	527_CAVA_Array_P02	D12	12653	CCSBVarC011922	CCSBVarC011922	1163T>G	T	G	1163	Ile388Ser	Ile388Ser	ENSP00000274680.4
CTCF	CTCF	CTCF	527_CAVA_Array_P02	E01	6173				NULL	NULL	NULL			ENSP00000264010.4
CTCF	CTCF_Pro643Ser	CTCF_Pro643Ser	527_CAVA_Array_P02	E02	6173	CCSBVarC010816	CCSBVarC010816	1927C>T	C	T	1927	Pro643Ser	Pro643Ser	ENSP00000264010.4
F9	F9_Cys335Tyr	F9_Cys335Tyr	527_CAVA_Array_P02	E03	52861	CCSBVarC030611	CCSBVarC030611	1004G>A	G	A	1004	Cys335Tyr	Cys335Tyr	ENSP00000218099.2
F9	F9_Lys39Arg	F9_Lys39Arg	527_CAVA_Array_P02	E04	52861	CCSBVarC030489	CCSBVarC030489	116A>G	A	G	116	Lys39Arg	Lys39Arg	ENSP00000218099.2
ALK	ALK_Arg1275Gln	ALK_Arg1275Gln	527_CAVA_Array_P02	E05	0				NULL	NULL	NULL	Arg1275Gln	Arg1275Gln	NULL
F9	F9_Arg75Gln	F9_Arg75Gln	527_CAVA_Array_P02	E06	52861	CCSBVarC030501	CCSBVarC030501	224G>A	G	A	224	Arg75Gln	Arg75Gln	ENSP00000218099.2
F9	F9_Asn166Tyr	F9_Asn166Tyr	527_CAVA_Array_P02	E07	52861	CCSBVarC004378	CCSBVarC004378	496A>T	A	T	496	Asn166Tyr	Asn166Tyr	ENSP00000218099.2
RHEB	RHEB	RHEB	527_CAVA_Array_P02	E08	0				NULL	NULL	NULL			NULL
F9	F9_Val257Ile	F9_Val257Ile	527_CAVA_Array_P02	E09	52861	CCSBVarC030575	CCSBVarC030575	769G>A	G	A	769	Val257Ile	Val257Ile	ENSP00000218099.2
F9	F9_His303Tyr	F9_His303Tyr	527_CAVA_Array_P02	E10	52861	CCSBVarC004383	CCSBVarC004383	907C>T	C	T	907	His303Tyr	His303Tyr	ENSP00000218099.2
F9	F9_Glu27Lys	F9_Glu73Lys	527_CAVA_Array_P02	E11	52861		CCSBVarC002180	217G>A	G	A	217	Glu27Lys	Glu73Lys	ENSP00000218099.2
FARS2	FARS2_Arg419Cys	FARS2_Arg419Cys	527_CAVA_Array_P02	E12	12653	CCSBVarC011932	CCSBVarC011932	1255C>T	C	T	1255	Arg419Cys	Arg419Cys	ENSP00000274680.4
CTCF	CTCF_Arg342Gly	CTCF_Arg342Gly	527_CAVA_Array_P02	F01	6173	CCSBVarC010867	CCSBVarC010867	1024C>G	C	G	1024	Arg342Gly	Arg342Gly	ENSP00000264010.4
CTCF	CTCF_Ala697Thr	CTCF_Ala697Thr	527_CAVA_Array_P02	F02	6173	CCSBVarC010818	CCSBVarC010818	2089G>A	G	A	2089	Ala697Thr	Ala697Thr	ENSP00000264010.4
F9	F9_Cys335Trp	F9_Cys335Trp	527_CAVA_Array_P02	F03	52861	CCSBVarC030614	CCSBVarC030614	1005C>G	C	G	1005	Cys335Trp	Cys335Trp	ENSP00000218099.2
F9	F9_Phe395Ile	F9_Phe395Ile	527_CAVA_Array_P02	F04	52861	CCSBVarC030626	CCSBVarC030626	1183T>A	T	A	1183	Phe395Ile	Phe395Ile	ENSP00000218099.2
F9	F9_Gly442Arg	F9_Gly442Arg	527_CAVA_Array_P02	F05	52861	CCSBVarC004397	CCSBVarC004397	1324G>A	G	A	1324	Gly442Arg	Gly442Arg	ENSP00000218099.2
			527_CAVA_Array_P02	F06	0				NULL	NULL	NULL			NULL
MAPK9	MAPK9	MAPK9	527_CAVA_Array_P02	F07	0				NULL	NULL	NULL			NULL
F9	F9_Val195Gly	F9_Val195Gly	527_CAVA_Array_P02	F08	52861	CCSBVarC030560	CCSBVarC030560	584T>G	T	G	584	Val195Gly	Val195Gly	ENSP00000218099.2
F9	F9_Cys268Trp	F9_Cys268Trp	527_CAVA_Array_P02	F09	52861	CCSBVarC004381	CCSBVarC004381	804T>G	T	G	804	Cys268Trp	Cys268Trp	ENSP00000218099.2
F9	F9_Asn306Ser	F9_Asn306Ser	527_CAVA_Array_P02	F10	52861	CCSBVarC004384	CCSBVarC004384	917A>G	A	G	917	Asn306Ser	Asn306Ser	ENSP00000218099.2
FANCC	FANCC	FANCC	527_CAVA_Array_P02	F11	7699				NULL	NULL	NULL			ENSP00000289081.3
FARS2	FARS2_Ser57Cys	FARS2_Ser57Cys	527_CAVA_Array_P02	F12	12653	CCSBVarC011870	CCSBVarC011870	170C>G	C	G	170	Ser57Cys	Ser57Cys	ENSP00000274680.4
CTCF	CTCF_Arg342Cys	CTCF_Arg342Cys	527_CAVA_Array_P02	G01	6173	CCSBVarC010851	CCSBVarC010851	1024C>T	C	T	1024	Arg342Cys	Arg342Cys	ENSP00000264010.4
CTCF	CTCF_Tyr226Cys	CTCF_Tyr226Cys	527_CAVA_Array_P02	G02	6173	CCSBVarC010845	CCSBVarC010845	677A>G	A	G	677	Tyr226Cys	Tyr226Cys	ENSP00000264010.4
F9	F9_Gly357Arg	F9_Gly357Arg	527_CAVA_Array_P02	G03	52861	CCSBVarC004386	CCSBVarC004386	1069G>A	G	A	1069	Gly357Arg	Gly357Arg	ENSP00000218099.2
F9	F9_Cys396Ser	F9_Cys396Ser	527_CAVA_Array_P02	G04	52861	CCSBVarC004391	CCSBVarC004391	1187G>C	G	C	1187	Cys396Ser	Cys396Ser	ENSP00000218099.2
F9	F9_Ile443Thr	F9_Ile443Thr	527_CAVA_Array_P02	G05	52861	CCSBVarC030634	CCSBVarC030634	1328T>C	T	C	1328	Ile443Thr	Ile443Thr	ENSP00000218099.2
F9	F9_Glu79Asp	F9_Glu79Asp	527_CAVA_Array_P02	G06	52861	CCSBVarC004375	CCSBVarC004375	237A>C	A	C	237	Glu79Asp	Glu79Asp	ENSP00000218099.2
F9	F9_Cys170Tyr	F9_Cys170Tyr	527_CAVA_Array_P02	G07	52861	CCSBVarC002181	CCSBVarC002181	509G>A	G	A	509	Cys170Tyr	Cys170Tyr	ENSP00000218099.2
F9	F9_Pro197Ser	F9_Pro197Ser	527_CAVA_Array_P02	G08	52861	CCSBVarC030562	CCSBVarC030562	589C>T	C	T	589	Pro197Ser	Pro197Ser	ENSP00000218099.2
F9	F9_Cys28Arg	F9_Cys28Arg	527_CAVA_Array_P02	G09	52861	CCSBVarC004373	CCSBVarC004373	82T>C	T	C	82	Cys28Arg	Cys28Arg	ENSP00000218099.2
F9	F9_Ile316Thr	F9_Ile316Thr	527_CAVA_Array_P02	G10	52861	CCSBVarC030590	CCSBVarC030590	947T>C	T	C	947	Ile316Thr	Ile316Thr	ENSP00000218099.2
FANCC	FANCC_Asp195Val	FANCC_Asp195Val	527_CAVA_Array_P02	G11	7699	CCSBVarC001229	CCSBVarC001229	584A>T	A	T	584	Asp195Val	Asp195Val	ENSP00000289081.3
FARS2	FARS2_His84Pro	FARS2_His84Pro	527_CAVA_Array_P02	G12	12653	CCSBVarC011910	CCSBVarC011910	251A>C	A	C	251	His84Pro	His84Pro	ENSP00000274680.4
CTCF	CTCF_Tyr407Cys	CTCF_Tyr407Cys	527_CAVA_Array_P02	H01	6173	CCSBVarC010870	CCSBVarC010870	1220A>G	A	G	1220	Tyr407Cys	Tyr407Cys	ENSP00000264010.4
CTCF	CTCF_Arg283His	CTCF_Arg283His	527_CAVA_Array_P02	H02	6173	CCSBVarC010089	CCSBVarC010089	848G>A	G	A	848	Arg283His	Arg283His	ENSP00000264010.4
F9	F9_Val374Phe	F9_Val374Phe	527_CAVA_Array_P02	H03	52861	CCSBVarC004387	CCSBVarC004387	1120G>T	G	T	1120	Val374Phe	Val374Phe	ENSP00000218099.2
F9	F9_Ala397Pro	F9_Ala397Pro	527_CAVA_Array_P02	H04	52861	CCSBVarC004392	CCSBVarC004392	1189G>C	G	C	1189	Ala397Pro	Ala397Pro	ENSP00000218099.2
F9	F9_Trp453Arg	F9_Trp453Arg	527_CAVA_Array_P02	H05	52861	CCSBVarC004398	CCSBVarC004398	1357T>C	T	C	1357	Trp453Arg	Trp453Arg	ENSP00000218099.2
F9	F9_Asp110Asn	F9_Asp110Asn	527_CAVA_Array_P02	H06	52861	CCSBVarC004376	CCSBVarC004376	328G>A	G	A	328	Asp110Asn	Asp110Asn	ENSP00000218099.2
F9	F9_Pro175Ser	F9_Pro175Ser	527_CAVA_Array_P02	H07	52861	CCSBVarC030541	CCSBVarC030541	523C>T	C	T	523	Pro175Ser	Pro175Ser	ENSP00000218099.2
F9	F9_Ser220Thr	F9_Ser220Thr	527_CAVA_Array_P02	H08	52861	CCSBVarC030564	CCSBVarC030564	658T>A	T	A	658	Ser220Thr	Ser220Thr	ENSP00000218099.2
F9	F9_His282Tyr	F9_His282Tyr	527_CAVA_Array_P02	H09	52861	CCSBVarC030577	CCSBVarC030577	844C>T	C	T	844	His282Tyr	His282Tyr	ENSP00000218099.2
F9	F9_Pro333Leu	F9_Pro333Leu	527_CAVA_Array_P02	H10	52861	CCSBVarC004385	CCSBVarC004385	998C>T	C	T	998	Pro333Leu	Pro333Leu	ENSP00000218099.2
FANCC	FANCC_Leu496Arg	FANCC_Leu496Arg	527_CAVA_Array_P02	H11	7699	CCSBVarC001230	CCSBVarC001230	1487T>G	T	G	1487	Leu496Arg	Leu496Arg	ENSP00000289081.3
FARS2	FARS2_His135Asp	FARS2_His135Asp	527_CAVA_Array_P02	H12	12653	CCSBVarC011938	CCSBVarC011938	403C>G	C	G	403	His135Asp	His135Asp	ENSP00000274680.4
FARS2	FARS2	FARS2	527_CAVA_Array_P03	A01	12653				NULL	NULL	NULL			ENSP00000274680.4
FARS2	FARS2_Asp325Tyr	FARS2_Asp325Tyr	527_CAVA_Array_P03	A02	12653	CCSBVarC011942	CCSBVarC011942	973G>T	G	T	973	Asp325Tyr	Asp325Tyr	ENSP00000274680.4
FH	FH_Pro174Arg	FH_Pro174Arg	527_CAVA_Array_P03	A03	3408	CCSBVarC004048	CCSBVarC004048	521C>G	C	G	521	Pro174Arg	Pro174Arg	ENSP00000355518.4
FH	FH_Arg160Gly	FH_Arg160Gly	527_CAVA_Array_P03	A04	3408	CCSBVarC000453	CCSBVarC000453	478A>G	A	G	478	Arg160Gly	Arg160Gly	ENSP00000355518.4
G6PD	G6PD_Ile48Thr	G6PD_Ile48Thr	527_CAVA_Array_P03	A05	4006	CCSBVarC021436	CCSBVarC021436	143T>C	T	C	143	Ile48Thr	Ile48Thr	ENSP00000377192.3
G6PD	G6PD_Arg198Pro	G6PD_Arg198Pro	527_CAVA_Array_P03	A06	4006	CCSBVarC021483	CCSBVarC021483	593G>C	G	C	593	Arg198Pro	Arg198Pro	ENSP00000377192.3
KRAS	KRAS	KRAS	527_CAVA_Array_P03	A07	3084				NULL	NULL	NULL			ENSP00000308495.3
KRAS	KRAS_Gly60Arg	KRAS_Gly60Arg	527_CAVA_Array_P03	A08	3084	CCSBVarC006097	CCSBVarC006097	178G>C	G	C	178	Gly60Arg	Gly60Arg	ENSP00000308495.3
KRAS	KRAS_Phe156Ile	KRAS_Phe156Ile	527_CAVA_Array_P03	A09	3084	CCSBVarC006102	CCSBVarC006102	466T>A	T	A	466	Phe156Ile	Phe156Ile	ENSP00000308495.3
LMNA	LMNA_Asn456Lys	LMNA_Asn456Lys	527_CAVA_Array_P03	A10	3903	CCSBVarC003622	CCSBVarC003622	1368C>G	C	G	1368	Asn456Lys	Asn456Lys	ENSP00000357284.2
LMNA	LMNA_Ala132Pro	LMNA_Ala132Pro	527_CAVA_Array_P03	A11	3903	CCSBVarC003610	CCSBVarC003610	394G>C	G	C	394	Ala132Pro	Ala132Pro	ENSP00000357284.2
LMNA	LMNA_Arg225Gln	LMNA_Arg225Gln	527_CAVA_Array_P03	A12	3903	CCSBVarC003615	CCSBVarC003615	674G>A	G	A	674	Arg225Gln	Arg225Gln	ENSP00000357284.2
FARS2	FARS2_Asp142Tyr	FARS2_Asp142Tyr	527_CAVA_Array_P03	B01	12653	CCSBVarC011914	CCSBVarC011914	424G>T	G	T	424	Asp142Tyr	Asp142Tyr	ENSP00000274680.4
FARS2	FARS2_Ile329Thr	FARS2_Ile329Thr	527_CAVA_Array_P03	B02	12653	CCSBVarC011924	CCSBVarC011924	986T>C	T	C	986	Ile329Thr	Ile329Thr	ENSP00000274680.4
FH	FH_Ser419Pro	FH_Ser419Pro	527_CAVA_Array_P03	B03	3408	CCSBVarC004056	CCSBVarC004056	1255T>C	T	C	1255	Ser419Pro	Ser419Pro	ENSP00000355518.4
FLCN	FLCN	FLCN	527_CAVA_Array_P03	B04	7588				NULL	NULL	NULL			ENSP00000373821.5
G6PD	G6PD_Phe88Leu	G6PD_Phe88Leu	527_CAVA_Array_P03	B05	4006	CCSBVarC021451	CCSBVarC021451	264C>G	C	G	264	Phe88Leu	Phe88Leu	ENSP00000377192.3
G6PD	G6PD_Arg257Leu	G6PD_Arg257Leu	527_CAVA_Array_P03	B06	4006	CCSBVarC021489	CCSBVarC021489	770G>T	G	T	770	Arg257Leu	Arg257Leu	ENSP00000377192.3
KRAS	KRAS_Pro34Arg	KRAS_Pro34Arg	527_CAVA_Array_P03	B07	3084	CCSBVarC006094	CCSBVarC006094	101C>G	C	G	101	Pro34Arg	Pro34Arg	ENSP00000308495.3
KRAS	KRAS_Tyr71His	KRAS_Tyr71His	527_CAVA_Array_P03	B08	3084	CCSBVarC006099	CCSBVarC006099	211T>C	T	C	211	Tyr71His	Tyr71His	ENSP00000308495.3
KRAS	KRAS_Phe156Leu	KRAS_Phe156Leu	527_CAVA_Array_P03	B09	3084	CCSBVarC006103	CCSBVarC006103	468C>G	C	G	468	Phe156Leu	Phe156Leu	ENSP00000308495.3
LMNA	LMNA_Asn459Ser	LMNA_Asn459Ser	527_CAVA_Array_P03	B10	3903	CCSBVarC021221	CCSBVarC021221	1376A>G	A	G	1376	Asn459Ser	Asn459Ser	ENSP00000357284.2
LMNA	LMNA_Arg133Pro	LMNA_Arg133Pro	527_CAVA_Array_P03	B11	3903	CCSBVarC003611	CCSBVarC003611	398G>C	G	C	398	Arg133Pro	Arg133Pro	ENSP00000357284.2
LMNA	LMNA_Leu302Pro	LMNA_Leu302Pro	527_CAVA_Array_P03	B12	3903	CCSBVarC003618	CCSBVarC003618	905T>C	T	C	905	Leu302Pro	Leu302Pro	ENSP00000357284.2
FARS2	FARS2_Tyr144Cys	FARS2_Tyr144Cys	527_CAVA_Array_P03	C01	12653	CCSBVarC011920	CCSBVarC011920	431A>G	A	G	431	Tyr144Cys	Tyr144Cys	ENSP00000274680.4
FH	FH	FH	527_CAVA_Array_P03	C02	3408				NULL	NULL	NULL			ENSP00000355518.4
EGFP	EGFP	EGFP	527_CAVA_Array_P03	C03	0				NULL	NULL	NULL			NULL
FLCN	FLCN_Arg239Cys	FLCN_Arg239Cys	527_CAVA_Array_P03	C04	7588	CCSBVarC001199	CCSBVarC001199	715C>T	C	T	715	Arg239Cys	Arg239Cys	ENSP00000373821.5
G6PD	G6PD_Arg120His	G6PD_Arg120His	527_CAVA_Array_P03	C05	4006	CCSBVarC021460	CCSBVarC021460	359G>A	G	A	359	Arg120His	Arg120His	ENSP00000377192.3
G6PD	G6PD_Thr279Ser	G6PD_Thr279Ser	527_CAVA_Array_P03	C06	4006	CCSBVarC021494	CCSBVarC021494	835A>T	A	T	835	Thr279Ser	Thr279Ser	ENSP00000377192.3
KRAS	KRAS_Pro34Leu	KRAS_Pro34Leu	527_CAVA_Array_P03	C07	3084	CCSBVarC006093	CCSBVarC006093	101C>T	C	T	101	Pro34Leu	Pro34Leu	ENSP00000308495.3
KRAS	KRAS_Met72Leu	KRAS_Met72Leu	527_CAVA_Array_P03	C08	3084	CCSBVarC006100	CCSBVarC006100	214A>C	A	C	214	Met72Leu	Met72Leu	ENSP00000308495.3
LMNA	LMNA	LMNA	527_CAVA_Array_P03	C09	3903				NULL	NULL	NULL			ENSP00000357284.2
PRKACB	PRKACB	PRKACB	527_CAVA_Array_P03	C10	0				NULL	NULL	NULL			NULL
LMNA	LMNA_Thr150Pro	LMNA_Thr150Pro	527_CAVA_Array_P03	C11	3903	CCSBVarC003612	CCSBVarC003612	448A>C	A	C	448	Thr150Pro	Thr150Pro	ENSP00000357284.2
LMNA	LMNA_Gly232Glu	LMNA_Gly232Glu	527_CAVA_Array_P03	C12	3903	CCSBVarC003616	CCSBVarC003616	695G>A	G	A	695	Gly232Glu	Gly232Glu	ENSP00000357284.2
FARS2	FARS2_Ala166Thr	FARS2_Ala166Thr	527_CAVA_Array_P03	D01	12653	CCSBVarC011877	CCSBVarC011877	496G>A	G	A	496	Ala166Thr	Ala166Thr	ENSP00000274680.4
FH	FH_Asn340Lys	FH_Asn340Lys	527_CAVA_Array_P03	D02	3408	CCSBVarC004054	CCSBVarC004054	1020T>A	T	A	1020	Asn340Lys	Asn340Lys	ENSP00000355518.4
FH	FH_Arg233Cys	FH_Arg233Cys	527_CAVA_Array_P03	D03	3408	CCSBVarC004049	CCSBVarC004049	697C>T	C	T	697	Arg233Cys	Arg233Cys	ENSP00000355518.4
ALK	ALK	ALK	527_CAVA_Array_P03	D04	0				NULL	NULL	NULL			NULL
G6PD	G6PD_Asn135Thr	G6PD_Asn135Thr	527_CAVA_Array_P03	D05	4006	CCSBVarC021469	CCSBVarC021469	404A>C	A	C	404	Asn135Thr	Asn135Thr	ENSP00000377192.3
G6PD	G6PD_Asp283Gly	G6PD_Asp283Gly	527_CAVA_Array_P03	D06	4006	CCSBVarC021496	CCSBVarC021496	848A>G	A	G	848	Asp283Gly	Asp283Gly	ENSP00000377192.3
KRAS	KRAS_Ile36Met	KRAS_Ile36Met	527_CAVA_Array_P03	D07	3084	CCSBVarC006095	CCSBVarC006095	108A>G	A	G	108	Ile36Met	Ile36Met	ENSP00000308495.3
KRAS	KRAS_Gly12Asp	KRAS_Gly12Asp	527_CAVA_Array_P03	D08	3084	CCSBVarC006090	CCSBVarC006090	35G>A	G	A	35	Gly12Asp	Gly12Asp	ENSP00000308495.3
SLIRP	SLIRP	SLIRP	527_CAVA_Array_P03	D09	0				NULL	NULL	NULL			NULL
LMNA	LMNA_Arg541Ser	LMNA_Arg541Ser	527_CAVA_Array_P03	D10	3903	CCSBVarC003623	CCSBVarC003623	1621C>A	C	A	1621	Arg541Ser	Arg541Ser	ENSP00000357284.2
LMNA	LMNA_Glu161Lys	LMNA_Glu161Lys	527_CAVA_Array_P03	D11	3903	CCSBVarC021151	CCSBVarC021151	481G>A	G	A	481	Glu161Lys	Glu161Lys	ENSP00000357284.2
LMNA	LMNA_Arg349Leu	LMNA_Arg349Leu	527_CAVA_Array_P03	D12	3903	CCSBVarC003621	CCSBVarC003621	1046G>T	G	T	1046	Arg349Leu	Arg349Leu	ENSP00000357284.2
FARS2	FARS2_Thr246Met	FARS2_Thr246Met	527_CAVA_Array_P03	E01	12653	CCSBVarC011873	CCSBVarC011873	737C>T	C	T	737	Thr246Met	Thr246Met	ENSP00000274680.4
FH	FH_Ala308Thr	FH_Ala308Thr	527_CAVA_Array_P03	E02	3408	CCSBVarC000454	CCSBVarC000454	922G>A	G	A	922	Ala308Thr	Ala308Thr	ENSP00000355518.4
FH	FH_Arg233Leu	FH_Arg233Leu	527_CAVA_Array_P03	E03	3408	CCSBVarC004050	CCSBVarC004050	698G>T	G	T	698	Arg233Leu	Arg233Leu	ENSP00000355518.4
G6PD	G6PD	G6PD	527_CAVA_Array_P03	E04	4006				NULL	NULL	NULL			ENSP00000377192.3
ALK	ALK_Arg1275Gln	ALK_Arg1275Gln	527_CAVA_Array_P03	E05	0				NULL	NULL	NULL	Arg1275Gln	Arg1275Gln	NULL
G6PD	G6PD_Arg285His	G6PD_Arg285His	527_CAVA_Array_P03	E06	4006	CCSBVarC021498	CCSBVarC021498	854G>A	G	A	854	Arg285His	Arg285His	ENSP00000377192.3
KRAS	KRAS_Lys5Asn	KRAS_Lys5Asn	527_CAVA_Array_P03	E07	3084	CCSBVarC006087	CCSBVarC006087	15A>T	A	T	15	Lys5Asn	Lys5Asn	ENSP00000308495.3
RHEB	RHEB	RHEB	527_CAVA_Array_P03	E08	0				NULL	NULL	NULL			NULL
LMNA	LMNA_Arg386Thr	LMNA_Arg386Thr	527_CAVA_Array_P03	E09	3903	CCSBVarC021208	CCSBVarC021208	1157G>C	G	C	1157	Arg386Thr	Arg386Thr	ENSP00000357284.2
LMNA	LMNA_Arg571Cys	LMNA_Arg571Cys	527_CAVA_Array_P03	E10	3903	CCSBVarC003624	CCSBVarC003624	1711C>T	C	T	1711	Arg571Cys	Arg571Cys	ENSP00000357284.2
LMNA	LMNA_Leu162Pro	LMNA_Leu162Pro	527_CAVA_Array_P03	E11	3903	CCSBVarC000579	CCSBVarC000579	485T>C	T	C	485	Leu162Pro	Leu162Pro	ENSP00000357284.2
LMNA	LMNA_Gln294Pro	LMNA_Gln294Pro	527_CAVA_Array_P03	E12	3903	CCSBVarC003617	CCSBVarC003617	881A>C	A	C	881	Gln294Pro	Gln294Pro	ENSP00000357284.2
FARS2	FARS2_Asn280Ser	FARS2_Asn280Ser	527_CAVA_Array_P03	F01	12653	CCSBVarC011867	CCSBVarC011867	839A>G	A	G	839	Asn280Ser	Asn280Ser	ENSP00000274680.4
FH	FH_Arg101Pro	FH_Arg101Pro	527_CAVA_Array_P03	F02	3408	CCSBVarC004047	CCSBVarC004047	302G>C	G	C	302	Arg101Pro	Arg101Pro	ENSP00000355518.4
FH	FH_Leu303Ser	FH_Leu303Ser	527_CAVA_Array_P03	F03	3408	CCSBVarC004051	CCSBVarC004051	908T>C	T	C	908	Leu303Ser	Leu303Ser	ENSP00000355518.4
G6PD	G6PD_Arg365His	G6PD_Arg365His	527_CAVA_Array_P03	F04	4006	CCSBVarC021512	CCSBVarC021512	1094G>A	G	A	1094	Arg365His	Arg365His	ENSP00000377192.3
G6PD	G6PD_Ala149Thr	G6PD_Ala149Thr	527_CAVA_Array_P03	F05	4006	CCSBVarC021472	CCSBVarC021472	445G>A	G	A	445	Ala149Thr	Ala149Thr	ENSP00000377192.3
			527_CAVA_Array_P03	F06	0				NULL	NULL	NULL			NULL
MAPK9	MAPK9	MAPK9	527_CAVA_Array_P03	F07	0				NULL	NULL	NULL			NULL
KRAS	KRAS_Gly12Val	KRAS_Gly12Val	527_CAVA_Array_P03	F08	3084	CCSBVarC006089	CCSBVarC006089	35G>T	G	T	35	Gly12Val	Gly12Val	ENSP00000308495.3
LMNA	LMNA_Arg41His	LMNA_Arg41His	527_CAVA_Array_P03	F09	3903	CCSBVarC021100	CCSBVarC021100	122G>A	G	A	122	Arg41His	Arg41His	ENSP00000357284.2
LMNA	LMNA_Leu59Arg	LMNA_Leu59Arg	527_CAVA_Array_P03	F10	3903	CCSBVarC003608	CCSBVarC003608	176T>G	T	G	176	Leu59Arg	Leu59Arg	ENSP00000357284.2
LMNA	LMNA_Glu186Lys	LMNA_Glu186Lys	527_CAVA_Array_P03	F11	3903	CCSBVarC003613	CCSBVarC003613	556G>A	G	A	556	Glu186Lys	Glu186Lys	ENSP00000357284.2
LMNA	LMNA_Arg331Pro	LMNA_Arg331Pro	527_CAVA_Array_P03	F12	3903	CCSBVarC003619	CCSBVarC003619	992G>C	G	C	992	Arg331Pro	Arg331Pro	ENSP00000357284.2
FARS2	FARS2_Gly3Val	FARS2_Gly3Val	527_CAVA_Array_P03	G01	12653	CCSBVarC011880	CCSBVarC011880	8G>T	G	T	8	Gly3Val	Gly3Val	ENSP00000274680.4
FH	FH_Gln376Pro	FH_Gln376Pro	527_CAVA_Array_P03	G02	3408	CCSBVarC004055	CCSBVarC004055	1127A>C	A	C	1127	Gln376Pro	Gln376Pro	ENSP00000355518.4
FH	FH_His318Tyr	FH_His318Tyr	527_CAVA_Array_P03	G03	3408	CCSBVarC004052	CCSBVarC004052	952C>T	C	T	952	His318Tyr	His318Tyr	ENSP00000355518.4
G6PD	G6PD_Gly378Ser	G6PD_Gly378Ser	527_CAVA_Array_P03	G04	4006	CCSBVarC021515	CCSBVarC021515	1132G>A	G	A	1132	Gly378Ser	Gly378Ser	ENSP00000377192.3
G6PD	G6PD_Gly163Ser	G6PD_Gly163Ser	527_CAVA_Array_P03	G05	4006	CCSBVarC021475	CCSBVarC021475	487G>A	G	A	487	Gly163Ser	Gly163Ser	ENSP00000377192.3
G6PD	G6PD_His32Tyr	G6PD_His32Tyr	527_CAVA_Array_P03	G06	4006	CCSBVarC021430	CCSBVarC021430	94C>T	C	T	94	His32Tyr	His32Tyr	ENSP00000377192.3
KRAS	KRAS_Thr58Ile	KRAS_Thr58Ile	527_CAVA_Array_P03	G07	3084	CCSBVarC006096	CCSBVarC006096	173C>T	C	T	173	Thr58Ile	Thr58Ile	ENSP00000308495.3
KRAS	KRAS_Gly13Asp	KRAS_Gly13Asp	527_CAVA_Array_P03	G08	3084	CCSBVarC006091	CCSBVarC006091	38G>A	G	A	38	Gly13Asp	Gly13Asp	ENSP00000308495.3
LMNA	LMNA_Ala43Thr	LMNA_Ala43Thr	527_CAVA_Array_P03	G09	3903	CCSBVarC003606	CCSBVarC003606	127G>A	G	A	127	Ala43Thr	Ala43Thr	ENSP00000357284.2
LMNA	LMNA_Arg60Gly	LMNA_Arg60Gly	527_CAVA_Array_P03	G10	3903	CCSBVarC000578	CCSBVarC000578	178C>G	C	G	178	Arg60Gly	Arg60Gly	ENSP00000357284.2
LMNA	LMNA_Val191Gly	LMNA_Val191Gly	527_CAVA_Array_P03	G11	3903	CCSBVarC021156	CCSBVarC021156	572T>G	T	G	572	Val191Gly	Val191Gly	ENSP00000357284.2
LMNA	LMNA_Arg377Leu	LMNA_Arg377Leu	527_CAVA_Array_P03	G12	3903	CCSBVarC000580	CCSBVarC000580	1130G>T	G	T	1130	Arg377Leu	Arg377Leu	ENSP00000357284.2
FARS2	FARS2_Gly309Ser	FARS2_Gly309Ser	527_CAVA_Array_P03	H01	12653	CCSBVarC011917	CCSBVarC011917	925G>A	G	A	925	Gly309Ser	Gly309Ser	ENSP00000274680.4
FH	FH_Leu507Pro	FH_Leu507Pro	527_CAVA_Array_P03	H02	3408	CCSBVarC000455	CCSBVarC000455	1520T>C	T	C	1520	Leu507Pro	Leu507Pro	ENSP00000355518.4
FH	FH_Ser334Arg	FH_Ser334Arg	527_CAVA_Array_P03	H03	3408	CCSBVarC004053	CCSBVarC004053	1002T>G	T	G	1002	Ser334Arg	Ser334Arg	ENSP00000355518.4
G6PD	G6PD_Glu398Lys	G6PD_Glu398Lys	527_CAVA_Array_P03	H04	4006	CCSBVarC004025	CCSBVarC004025	1192G>A	G	A	1192	Glu398Lys	Glu398Lys	ENSP00000377192.3
G6PD	G6PD_Arg166Cys	G6PD_Arg166Cys	527_CAVA_Array_P03	H05	4006	CCSBVarC021478	CCSBVarC021478	496C>T	C	T	496	Arg166Cys	Arg166Cys	ENSP00000377192.3
G6PD	G6PD_Asp325Asn	G6PD_Asp325Asn	527_CAVA_Array_P03	H06	4006	CCSBVarC021501	CCSBVarC021501	973G>A	G	A	973	Asp325Asn	Asp325Asn	ENSP00000377192.3
KRAS	KRAS_Gly60Ser	KRAS_Gly60Ser	527_CAVA_Array_P03	H07	3084	CCSBVarC006098	CCSBVarC006098	178G>A	G	A	178	Gly60Ser	Gly60Ser	ENSP00000308495.3
KRAS	KRAS_Asp153Val	KRAS_Asp153Val	527_CAVA_Array_P03	H08	3084	CCSBVarC006101	CCSBVarC006101	458A>T	A	T	458	Asp153Val	Asp153Val	ENSP00000308495.3
LMNA	LMNA_Tyr45Cys	LMNA_Tyr45Cys	527_CAVA_Array_P03	H09	3903	CCSBVarC003607	CCSBVarC003607	134A>G	A	G	134	Tyr45Cys	Tyr45Cys	ENSP00000357284.2
LMNA	LMNA_Ile63Asn	LMNA_Ile63Asn	527_CAVA_Array_P03	H10	3903	CCSBVarC003609	CCSBVarC003609	188T>A	T	A	188	Ile63Asn	Ile63Asn	ENSP00000357284.2
LMNA	LMNA_Leu215Val	LMNA_Leu215Val	527_CAVA_Array_P03	H11	3903	CCSBVarC003614	CCSBVarC003614	643C>G	C	G	643	Leu215Val	Leu215Val	ENSP00000357284.2
LMNA	LMNA_Arg335Trp	LMNA_Arg335Trp	527_CAVA_Array_P03	H12	3903	CCSBVarC003620	CCSBVarC003620	1003C>T	C	T	1003	Arg335Trp	Arg335Trp	ENSP00000357284.2
MSH2	MSH2	MSH2	527_CAVA_Array_P04	A01	7918				NULL	NULL	NULL			ENSP00000233146.2
MSH2	MSH2_Ala272Val	MSH2_Ala272Val	527_CAVA_Array_P04	A02	7918	CCSBVarC010812	CCSBVarC010812	815C>T	C	T	815	Ala272Val	Ala272Val	ENSP00000233146.2
MSH2	MSH2_Ile169Val	MSH2_Ile169Val	527_CAVA_Array_P04	A03	7918	CCSBVarC010846	CCSBVarC010846	505A>G	A	G	505	Ile169Val	Ile169Val	ENSP00000233146.2
MSH2	MSH2_Gly162Arg	MSH2_Gly162Arg	527_CAVA_Array_P04	A04	7918	CCSBVarC010913	CCSBVarC010913	484G>A	G	A	484	Gly162Arg	Gly162Arg	ENSP00000233146.2
MSH2	MSH2_Leu187Pro	MSH2_Leu187Pro	527_CAVA_Array_P04	A05	7918	CCSBVarC010970	CCSBVarC010970	560T>C	T	C	560	Leu187Pro	Leu187Pro	ENSP00000233146.2
NF2	NF2_Gly197Cys	NF2_Gly114Cys	527_CAVA_Array_P04	A06	3697		CCSBVarC000524	340G>T	G	T	340	Gly197Cys	Gly114Cys	ENSP00000340626.4
NF2	NF2_Leu434Pro	NF2_Leu434Pro	527_CAVA_Array_P04	A07	3697	Leu434Pro	CCSBVarC016554	1301T>C	T	C	1301	Leu434Pro	Leu434Pro	ENSP00000340626.4
NF2	NF2_Val136Met	NF2_Val136Met	527_CAVA_Array_P04	A08	3697	CCSBVarC016634	CCSBVarC016634	406G>A	G	A	406	Val136Met	Val136Met	ENSP00000340626.4
PTPN11	PTPN11_Ala392Thr	PTPN11_Ala392Thr	527_CAVA_Array_P04	A09	2863	CCSBVarC019180	CCSBVarC019180	1174G>A	G	A	1174	Ala392Thr	Ala392Thr	ENSP00000376376.1
PTPN11	PTPN11_Ala72Gly	PTPN11_Ala72Gly	527_CAVA_Array_P04	A10	2863	CCSBVarC019079	CCSBVarC019079	215C>G	C	G	215	Ala72Gly	Ala72Gly	ENSP00000376376.1
PTPN11	PTPN11_Arg186Trp	PTPN11_Arg186Trp	527_CAVA_Array_P04	A11	2863	CCSBVarC019118	CCSBVarC019118	556C>T	C	T	556	Arg186Trp	Arg186Trp	ENSP00000376376.1
PTPN11	PTPN11_Ala31Gly	PTPN11_Ala31Gly	527_CAVA_Array_P04	A12	2863	CCSBVarC019050	CCSBVarC019050	92C>G	C	G	92	Ala31Gly	Ala31Gly	ENSP00000376376.1
MSH2	MSH2_Ala834Thr	MSH2_Ala834Thr	527_CAVA_Array_P04	B01	7918	CCSBVarC001281	CCSBVarC001281	2500G>A	G	A	2500	Ala834Thr	Ala834Thr	ENSP00000233146.2
MSH2	MSH2_Gln4His	MSH2_Gln4His	527_CAVA_Array_P04	B02	7918	CCSBVarC010815	CCSBVarC010815	12G>T	G	T	12	Gln4His	Gln4His	ENSP00000233146.2
MSH2	MSH2_Ala72Thr	MSH2_Ala72Thr	527_CAVA_Array_P04	B03	7918	CCSBVarC010849	CCSBVarC010849	214G>A	G	A	214	Ala72Thr	Ala72Thr	ENSP00000233146.2
MSH2	MSH2_Val161Asp	MSH2_Val161Asp	527_CAVA_Array_P04	B04	7918	CCSBVarC010932	CCSBVarC010932	482T>A	T	A	482	Val161Asp	Val161Asp	ENSP00000233146.2
NF2	NF2	NF2	527_CAVA_Array_P04	B05	3697				NULL	NULL	NULL			ENSP00000340626.4
NF2	NF2_Arg8Ser	NF2_Arg8Ser	527_CAVA_Array_P04	B06	3697	CCSBVarC016616	CCSBVarC016616	22C>A	C	A	22	Arg8Ser	Arg8Ser	ENSP00000340626.4
NF2	NF2_Leu459Phe	NF2_Leu459Phe	527_CAVA_Array_P04	B07	3697	CCSBVarC016563	CCSBVarC016563	1375C>T	C	T	1375	Leu459Phe	Leu459Phe	ENSP00000340626.4
NF2	NF2_Lys186Glu	NF2_Lys186Glu	527_CAVA_Array_P04	B08	3697	CCSBVarC016639	CCSBVarC016639	556A>G	A	G	556	Lys186Glu	Lys186Glu	ENSP00000340626.4
PTPN11	PTPN11_Thr42Ala	PTPN11_Thr42Ala	527_CAVA_Array_P04	B09	2863	CCSBVarC019053	CCSBVarC019053	124A>G	A	G	124	Thr42Ala	Thr42Ala	ENSP00000376376.1
PTPN11	PTPN11_Thr73Ile	PTPN11_Thr73Ile	527_CAVA_Array_P04	B10	2863	CCSBVarC019082	CCSBVarC019082	218C>T	C	T	218	Thr73Ile	Thr73Ile	ENSP00000376376.1
PTPN11	PTPN11_Gln256Lys	PTPN11_Gln256Lys	527_CAVA_Array_P04	B11	2863	CCSBVarC019122	CCSBVarC019122	766C>A	C	A	766	Gln256Lys	Gln256Lys	ENSP00000376376.1
PTPN11	PTPN11_Met311Thr	PTPN11_Met311Thr	527_CAVA_Array_P04	B12	2863	CCSBVarC019155	CCSBVarC019155	932T>C	T	C	932	Met311Thr	Met311Thr	ENSP00000376376.1
MSH2	MSH2_Leu341Pro	MSH2_Leu341Pro	527_CAVA_Array_P04	C01	7918	CCSBVarC003007	CCSBVarC003007	1022T>C	T	C	1022	Leu341Pro	Leu341Pro	ENSP00000233146.2
MSH2	MSH2_Ser699Pro	MSH2_Ser699Pro	527_CAVA_Array_P04	C02	7918	CCSBVarC010819	CCSBVarC010819	2095T>C	T	C	2095	Ser699Pro	Ser699Pro	ENSP00000233146.2
EGFP	EGFP	EGFP	527_CAVA_Array_P04	C03	0				NULL	NULL	NULL			NULL
MSH2	MSH2_Val163Gly	MSH2_Val163Gly	527_CAVA_Array_P04	C04	7918	CCSBVarC010936	CCSBVarC010936	488T>G	T	G	488	Val163Gly	Val163Gly	ENSP00000233146.2
NF2	NF2_Arg335Cys	NF2_Arg335Cys	527_CAVA_Array_P04	C05	3697	CCSBVarC000526	CCSBVarC000526	1003C>T	C	T	1003	Arg335Cys	Arg335Cys	ENSP00000340626.4
NF2	NF2_Glu111Asp	NF2_Glu111Asp	527_CAVA_Array_P04	C06	3697	CCSBVarC016628	CCSBVarC016628	333G>C	G	C	333	Glu111Asp	Glu111Asp	ENSP00000340626.4
NF2	NF2_Glu462Lys	NF2_Glu462Lys	527_CAVA_Array_P04	C07	3697	CCSBVarC016578	CCSBVarC016578	1384G>A	G	A	1384	Glu462Lys	Glu462Lys	ENSP00000340626.4
NF2	NF2_Thr336Arg	NF2_Thr336Arg	527_CAVA_Array_P04	C08	3697	CCSBVarC016525	CCSBVarC016525	1007C>G	C	G	1007	Thr336Arg	Thr336Arg	ENSP00000340626.4
PTPN11	PTPN11_Val428Leu	PTPN11_Val428Leu	527_CAVA_Array_P04	C09	2863	CCSBVarC019185	CCSBVarC019185	1282G>T	G	T	1282	Val428Leu	Val428Leu	ENSP00000376376.1
PRKACB	PRKACB	PRKACB	527_CAVA_Array_P04	C10	0				NULL	NULL	NULL			NULL
PTPN11	PTPN11_Gln256Arg	PTPN11_Gln256Arg	527_CAVA_Array_P04	C11	2863	CCSBVarC019125	CCSBVarC019125	767A>G	A	G	767	Gln256Arg	Gln256Arg	ENSP00000376376.1
RAD51D	RAD51D	RAD51D	527_CAVA_Array_P04	C12	7201				NULL	NULL	NULL			ENSP00000338790.6
MSH2	MSH2_Leu440Pro	MSH2_Leu440Pro	527_CAVA_Array_P04	D01	7918	CCSBVarC003010	CCSBVarC003010	1319T>C	T	C	1319	Leu440Pro	Leu440Pro	ENSP00000233146.2
MSH2	MSH2_Arg55Gln	MSH2_Arg55Gln	527_CAVA_Array_P04	D02	7918	CCSBVarC010824	CCSBVarC010824	164G>A	G	A	164	Arg55Gln	Arg55Gln	ENSP00000233146.2
MSH2	MSH2_Leu187Arg	MSH2_Leu187Arg	527_CAVA_Array_P04	D03	7918	CCSBVarC010860	CCSBVarC010860	560T>G	T	G	560	Leu187Arg	Leu187Arg	ENSP00000233146.2
ALK	ALK	ALK	527_CAVA_Array_P04	D04	0				NULL	NULL	NULL			NULL
NF2	NF2_Gly114Cys	NF2_Gly114Cys	527_CAVA_Array_P04	D05	3697	CCSBVarC000524	CCSBVarC000524	340G>T	G	T	340	Gly114Cys	Gly114Cys	ENSP00000340626.4
NF2	NF2_Gly157Glu	NF2_Gly157Glu	527_CAVA_Array_P04	D06	3697	CCSBVarC016636	CCSBVarC016636	470G>A	G	A	470	Gly157Glu	Gly157Glu	ENSP00000340626.4
NF2	NF2_His479Arg	NF2_His479Arg	527_CAVA_Array_P04	D07	3697	CCSBVarC016584	CCSBVarC016584	1436A>G	A	G	1436	His479Arg	His479Arg	ENSP00000340626.4
NF2	NF2_Asp411His	NF2_Asp411His	527_CAVA_Array_P04	D08	3697	CCSBVarC016545	CCSBVarC016545	1231G>C	G	C	1231	Asp411His	Asp411His	ENSP00000340626.4
SLIRP	SLIRP	SLIRP	527_CAVA_Array_P04	D09	0				NULL	NULL	NULL			NULL
PTPN11	PTPN11_Glu76Asp	PTPN11_Glu76Asp	527_CAVA_Array_P04	D10	2863	CCSBVarC019088	CCSBVarC019088	228G>T	G	T	228	Glu76Asp	Glu76Asp	ENSP00000376376.1
PTPN11	PTPN11_Leu262Arg	PTPN11_Leu262Arg	527_CAVA_Array_P04	D11	2863	CCSBVarC019131	CCSBVarC019131	785T>G	T	G	785	Leu262Arg	Leu262Arg	ENSP00000376376.1
RAD51D	RAD51D_Ser46Cys	RAD51D_Ser46Cys	527_CAVA_Array_P04	D12	7201	CCSBVarC024795	CCSBVarC024795	137C>G	C	G	137	Ser46Cys	Ser46Cys	ENSP00000338790.6
MSH2	MSH2_Arg524Pro	MSH2_Arg524Pro	527_CAVA_Array_P04	E01	7918	CCSBVarC003011	CCSBVarC003011	1571G>C	G	C	1571	Arg524Pro	Arg524Pro	ENSP00000233146.2
MSH2	MSH2_Thr905Arg	MSH2_Thr905Arg	527_CAVA_Array_P04	E02	7918	CCSBVarC010826	CCSBVarC010826	2714C>G	C	G	2714	Thr905Arg	Thr905Arg	ENSP00000233146.2
MSH2	MSH2_Arg359Ser	MSH2_Arg359Ser	527_CAVA_Array_P04	E03	7918	CCSBVarC010872	CCSBVarC010872	1077A>T	A	T	1077	Arg359Ser	Arg359Ser	ENSP00000233146.2
MSH2	MSH2_Leu173Arg	MSH2_Leu173Arg	527_CAVA_Array_P04	E04	7918	CCSBVarC010941	CCSBVarC010941	518T>G	T	G	518	Leu173Arg	Leu173Arg	ENSP00000233146.2
ALK	ALK_Arg1275Gln	ALK_Arg1275Gln	527_CAVA_Array_P04	E05	0				NULL	NULL	NULL	Arg1275Gln	Arg1275Gln	NULL
NF2	NF2_Thr189Ile	NF2_Thr189Ile	527_CAVA_Array_P04	E06	3697	CCSBVarC016643	CCSBVarC016643	566C>T	C	T	566	Thr189Ile	Thr189Ile	ENSP00000340626.4
NF2	NF2_Asn92Ser	NF2_Asn92Ser	527_CAVA_Array_P04	E07	3697	CCSBVarC016619	CCSBVarC016619	275A>G	A	G	275	Asn92Ser	Asn92Ser	ENSP00000340626.4
RHEB	RHEB	RHEB	527_CAVA_Array_P04	E08	0				NULL	NULL	NULL			NULL
PTPN11	PTPN11_Asn58Asp	PTPN11_Asn58Asp	527_CAVA_Array_P04	E09	2863	CCSBVarC019056	CCSBVarC019056	172A>G	A	G	172	Asn58Asp	Asn58Asp	ENSP00000376376.1
PTPN11	PTPN11_Asp106Ala	PTPN11_Asp106Ala	527_CAVA_Array_P04	E10	2863	CCSBVarC019105	CCSBVarC019105	317A>C	A	C	317	Asp106Ala	Asp106Ala	ENSP00000376376.1
PTPN11	PTPN11_Gly268Cys	PTPN11_Gly268Cys	527_CAVA_Array_P04	E11	2863	CCSBVarC019135	CCSBVarC019135	802G>T	G	T	802	Gly268Cys	Gly268Cys	ENSP00000376376.1
RAD51D	RAD51D_Arg55Trp	RAD51D_Arg55Trp	527_CAVA_Array_P04	E12	7201	CCSBVarC024799	CCSBVarC024799	163C>T	C	T	163	Arg55Trp	Arg55Trp	ENSP00000338790.6
MSH2	MSH2_Asp167His	MSH2_Asp167His	527_CAVA_Array_P04	F01	7918	CCSBVarC010770	CCSBVarC010770	499G>C	G	C	499	Asp167His	Asp167His	ENSP00000233146.2
MSH2	MSH2_Ile577Thr	MSH2_Ile577Thr	527_CAVA_Array_P04	F02	7918	CCSBVarC010832	CCSBVarC010832	1730T>C	T	C	1730	Ile577Thr	Ile577Thr	ENSP00000233146.2
MSH2	MSH2_Cys333Tyr	MSH2_Cys333Tyr	527_CAVA_Array_P04	F03	7918	CCSBVarC010874	CCSBVarC010874	998G>A	G	A	998	Cys333Tyr	Cys333Tyr	ENSP00000233146.2
MSH2	MSH2_Val163Asp	MSH2_Val163Asp	527_CAVA_Array_P04	F04	7918	CCSBVarC010954	CCSBVarC010954	488T>A	T	A	488	Val163Asp	Val163Asp	ENSP00000233146.2
NF2	NF2_Asn36Ser	NF2_Asn36Ser	527_CAVA_Array_P04	F05	3697	CCSBVarC004111	CCSBVarC004111	107A>G	A	G	107	Asn36Ser	Asn36Ser	ENSP00000340626.4
			527_CAVA_Array_P04	F06	0				NULL	NULL	NULL			NULL
MAPK9	MAPK9	MAPK9	527_CAVA_Array_P04	F07	0				NULL	NULL	NULL			NULL
NF2	NF2_Asp420Asn	NF2_Asp420Asn	527_CAVA_Array_P04	F08	3697	CCSBVarC016549	CCSBVarC016549	1258G>A	G	A	1258	Asp420Asn	Asp420Asn	ENSP00000340626.4
PTPN11	PTPN11_Gly60Asp	PTPN11_Gly60Asp	527_CAVA_Array_P04	F09	2863	CCSBVarC019065	CCSBVarC019065	179G>A	G	A	179	Gly60Asp	Gly60Asp	ENSP00000376376.1
PTPN11	PTPN11_Lys131Arg	PTPN11_Lys131Arg	527_CAVA_Array_P04	F10	2863	CCSBVarC019111	CCSBVarC019111	392A>G	A	G	392	Lys131Arg	Lys131Arg	ENSP00000376376.1
PTPN11	PTPN11_Asn275Thr	PTPN11_Asn275Thr	527_CAVA_Array_P04	F11	2863	CCSBVarC019139	CCSBVarC019139	824A>C	A	C	824	Asn275Thr	Asn275Thr	ENSP00000376376.1
RAD51D	RAD51D_Val56Gly	RAD51D_Val56Gly	527_CAVA_Array_P04	F12	7201	CCSBVarC024801	CCSBVarC024801	167T>G	T	G	167	Val56Gly	Val56Gly	ENSP00000338790.6
MSH2	MSH2_Gly759Glu	MSH2_Gly759Glu	527_CAVA_Array_P04	G01	7918	CCSBVarC010783	CCSBVarC010783	2276G>A	G	A	2276	Gly759Glu	Gly759Glu	ENSP00000233146.2
MSH2	MSH2_His46Gln	MSH2_His46Gln	527_CAVA_Array_P04	G02	7918	CCSBVarC010836	CCSBVarC010836	138C>G	C	G	138	His46Gln	His46Gln	ENSP00000233146.2
MSH2	MSH2_Ser554Cys	MSH2_Ser554Cys	527_CAVA_Array_P04	G03	7918	CCSBVarC010877	CCSBVarC010877	1660A>T	A	T	1660	Ser554Cys	Ser554Cys	ENSP00000233146.2
MSH2	MSH2_Ser554Gly	MSH2_Ser554Gly	527_CAVA_Array_P04	G04	7918	CCSBVarC010957	CCSBVarC010957	1660A>G	A	G	1660	Ser554Gly	Ser554Gly	ENSP00000233146.2
NF2	NF2_Arg418Cys	NF2_Arg335Cys	527_CAVA_Array_P04	G05	3697	CCSBVarC006467	CCSBVarC000526	1003C>T	C	T	1003	Arg418Cys	Arg335Cys	ENSP00000340626.4
NF2	NF2_Lys206Glu	NF2_Lys206Glu	527_CAVA_Array_P04	G06	3697	CCSBVarC016645	CCSBVarC016645	616A>G	A	G	616	Lys206Glu	Lys206Glu	ENSP00000340626.4
NF2	NF2_Met100Leu	NF2_Met100Leu	527_CAVA_Array_P04	G07	3697	CCSBVarC016623	CCSBVarC016623	298A>T	A	T	298	Met100Leu	Met100Leu	ENSP00000340626.4
PTPN11	PTPN11	PTPN11	527_CAVA_Array_P04	G08	2863				NULL	NULL	NULL			ENSP00000376376.1
PTPN11	PTPN11_Asp61Tyr	PTPN11_Asp61Tyr	527_CAVA_Array_P04	G09	2863	CCSBVarC019070	CCSBVarC019070	181G>T	G	T	181	Asp61Tyr	Asp61Tyr	ENSP00000376376.1
PTPN11	PTPN11_Glu139Gly	PTPN11_Glu139Gly	527_CAVA_Array_P04	G10	2863	CCSBVarC019115	CCSBVarC019115	416A>G	A	G	416	Glu139Gly	Glu139Gly	ENSP00000376376.1
PTPN11	PTPN11_Phe285Cys	PTPN11_Phe285Cys	527_CAVA_Array_P04	G11	2863	CCSBVarC019142	CCSBVarC019142	854T>G	T	G	854	Phe285Cys	Phe285Cys	ENSP00000376376.1
RAD51D	RAD51D_Val66Met	RAD51D_Val66Met	527_CAVA_Array_P04	G12	7201	CCSBVarC024804	CCSBVarC024804	196G>A	G	A	196	Val66Met	Val66Met	ENSP00000338790.6
MSH2	MSH2_Thr8Met	MSH2_Thr8Met	527_CAVA_Array_P04	H01	7918	CCSBVarC010810	CCSBVarC010810	23C>T	C	T	23	Thr8Met	Thr8Met	ENSP00000233146.2
MSH2	MSH2_Ser860Leu	MSH2_Ser860Leu	527_CAVA_Array_P04	H02	7918	CCSBVarC010840	CCSBVarC010840	2579C>T	C	T	2579	Ser860Leu	Ser860Leu	ENSP00000233146.2
MSH2	MSH2_Cys697Arg	MSH2_Cys697Arg	527_CAVA_Array_P04	H03	7918	CCSBVarC010881	CCSBVarC010881	2089T>C	T	C	2089	Cys697Arg	Cys697Arg	ENSP00000233146.2
MSH2	MSH2_Cys199Arg	MSH2_Cys199Arg	527_CAVA_Array_P04	H04	7918	CCSBVarC010964	CCSBVarC010964	595T>C	T	C	595	Cys199Arg	Cys199Arg	ENSP00000233146.2
NF2	NF2_Leu535Pro	NF2_Leu452Pro	527_CAVA_Array_P04	H05	3697		CCSBVarC000527	1355T>C	T	C	1355	Leu535Pro	Leu452Pro	ENSP00000340626.4
NF2	NF2_Leu315Pro	NF2_Leu315Pro	527_CAVA_Array_P04	H06	3697	CCSBVarC015533	CCSBVarC015533	944T>C	T	C	944	Leu315Pro	Leu315Pro	ENSP00000340626.4
NF2	NF2_Leu131Pro	NF2_Leu131Pro	527_CAVA_Array_P04	H07	3697	CCSBVarC016632	CCSBVarC016632	392T>C	T	C	392	Leu131Pro	Leu131Pro	ENSP00000340626.4
PTPN11	PTPN11_Arg4Gly	PTPN11_Arg4Gly	527_CAVA_Array_P04	H08	2863	CCSBVarC019044	CCSBVarC019044	10C>G	C	G	10	Arg4Gly	Arg4Gly	ENSP00000376376.1
PTPN11	PTPN11_Tyr62Asn	PTPN11_Tyr62Asn	527_CAVA_Array_P04	H09	2863	CCSBVarC019073	CCSBVarC019073	184T>A	T	A	184	Tyr62Asn	Tyr62Asn	ENSP00000376376.1
PTPN11	PTPN11_Asn18Ser	PTPN11_Asn18Ser	527_CAVA_Array_P04	H10	2863	CCSBVarC019047	CCSBVarC019047	53A>G	A	G	53	Asn18Ser	Asn18Ser	ENSP00000376376.1
PTPN11	PTPN11_Asn298Ser	PTPN11_Asn298Ser	527_CAVA_Array_P04	H11	2863	CCSBVarC019145	CCSBVarC019145	893A>G	A	G	893	Asn298Ser	Asn298Ser	ENSP00000376376.1
RAD51D	RAD51D_Val66Leu	RAD51D_Val66Leu	527_CAVA_Array_P04	H12	7201	CCSBVarC024807	CCSBVarC024807	196G>T	G	T	196	Val66Leu	Val66Leu	ENSP00000338790.6
RAD51D	RAD51D	RAD51D	527_CAVA_Array_P05	A01	7201				NULL	NULL	NULL			ENSP00000338790.6
RAD51D	RAD51D_Glu233Gly	RAD51D_Glu233Gly	527_CAVA_Array_P05	A02	7201	CCSBVarC001140	CCSBVarC001140	698A>G	A	G	698	Glu233Gly	Glu233Gly	ENSP00000338790.6
RAF1	RAF1	RAF1	527_CAVA_Array_P05	A03	732				NULL	NULL	NULL			ENSP00000251849.4
RAF1	RAF1_Asp486Asn	RAF1_Asp486Asn	527_CAVA_Array_P05	A04	732	CCSBVarC008873	CCSBVarC003426	1456G>A	G	A	1456	Asp486Asn	Asp486Asn	ENSP00000251849.4
RAF1	RAF1_Cys95Trp	RAF1_Cys95Trp	527_CAVA_Array_P05	A05	732	CCSBVarC008910	CCSBVarC008910	285C>G	C	G	285	Cys95Trp	Cys95Trp	ENSP00000251849.4
RAF1	RAF1_Ser259Cys	RAF1_Ser259Cys	527_CAVA_Array_P05	A06	732	CCSBVarC008908	CCSBVarC008908	776C>G	C	G	776	Ser259Cys	Ser259Cys	ENSP00000251849.4
RAF1	RAF1_Asn262Lys	RAF1_Asn262Lys	527_CAVA_Array_P05	A07	732	CCSBVarC008875	CCSBVarC008875	786T>A	T	A	786	Asn262Lys	Asn262Lys	ENSP00000251849.4
RET	RET_Thr338Ile	RET_Thr338Ile	527_CAVA_Array_P05	A08	8858	CCSBVarC006878	CCSBVarC006878	1013C>T	C	T	1013	Thr338Ile	Thr338Ile	ENSP00000480088.1
RET	RET_Arg313Gln	RET_Arg313Gln	527_CAVA_Array_P05	A09	8858	CCSBVarC006882	CCSBVarC006882	938G>A	G	A	938	Arg313Gln	Arg313Gln	ENSP00000480088.1
RHO	RHO_Pro267Thr	RHO_Pro267Thr	527_CAVA_Array_P05	A10	40080645	CCSBVarC013575	CCSBVarC013575	799C>A	C	A	799	Pro267Thr	Pro267Thr	ENSP00000296271.3
SDHD	SDHD	SDHD	527_CAVA_Array_P05	A11	6363				NULL	NULL	NULL			ENSP00000364699.3
SDHD	SDHD_Ala90Val	SDHD_Ala90Val	527_CAVA_Array_P05	A12	6363	CCSBVarC023308	CCSBVarC023308	269C>T	C	T	269	Ala90Val	Ala90Val	ENSP00000364699.3
RAD51D	RAD51D_Cys9Ser	RAD51D_Cys9Ser	527_CAVA_Array_P05	B01	7201	CCSBVarC024707	CCSBVarC024707	26G>C	G	C	26	Cys9Ser	Cys9Ser	ENSP00000338790.6
RAD51D	RAD51D_Ile251Val	RAD51D_Ile251Val	527_CAVA_Array_P05	B02	7201	CCSBVarC024857	CCSBVarC024857	751A>G	A	G	751	Ile251Val	Ile251Val	ENSP00000338790.6
RAF1	RAF1_Gly361Ala	RAF1_Gly361Ala	527_CAVA_Array_P05	B03	732	CCSBVarC008862	CCSBVarC008862	1082G>C	G	C	1082	Gly361Ala	Gly361Ala	ENSP00000251849.4
RAF1	RAF1_Thr491Arg	RAF1_Thr491Arg	527_CAVA_Array_P05	B04	732	CCSBVarC003426	CCSBVarC003427	1472C>G	C	G	1472	Thr491Arg	Thr491Arg	ENSP00000251849.4
RAF1	RAF1_Asn140His	RAF1_Asn140His	527_CAVA_Array_P05	B05	732	CCSBVarC008912	CCSBVarC008912	418A>C	A	C	418	Asn140His	Asn140His	ENSP00000251849.4
RAF1	RAF1_Ser259Phe	RAF1_Ser259Phe	527_CAVA_Array_P05	B06	732	CCSBVarC008870	CCSBVarC008870	776C>T	C	T	776	Ser259Phe	Ser259Phe	ENSP00000251849.4
RAF1	RAF1_Val263Asp	RAF1_Val263Asp	527_CAVA_Array_P05	B07	732	CCSBVarC008887	CCSBVarC008887	788T>A	T	A	788	Val263Asp	Val263Asp	ENSP00000251849.4
RET	RET_Leu56Met	RET_Leu56Met	527_CAVA_Array_P05	B08	8858	CCSBVarC006872	CCSBVarC006872	166C>A	C	A	166	Leu56Met	Leu56Met	ENSP00000480088.1
RET	RET_Gly321Arg	RET_Gly321Arg	527_CAVA_Array_P05	B09	8858	CCSBVarC006879	CCSBVarC006879	961G>A	G	A	961	Gly321Arg	Gly321Arg	ENSP00000480088.1
RHO	RHO_Cys110Tyr	RHO_Cys110Tyr	527_CAVA_Array_P05	B10	40080645	CCSBVarC013625	CCSBVarC013625	329G>A	G	A	329	Cys110Tyr	Cys110Tyr	ENSP00000296271.3
SDHD	SDHD_Phe34Cys	SDHD_Phe34Cys	527_CAVA_Array_P05	B11	6363	CCSBVarC023269	CCSBVarC023269	101T>G	T	G	101	Phe34Cys	Phe34Cys	ENSP00000364699.3
SDHD	SDHD_Asp92Gly	SDHD_Asp92Gly	527_CAVA_Array_P05	B12	6363	CCSBVarC023312	CCSBVarC023312	275A>G	A	G	275	Asp92Gly	Asp92Gly	ENSP00000364699.3
RAD51D	RAD51D_Val132Ile	RAD51D_Val132Ile	527_CAVA_Array_P05	C01	7201	CCSBVarC024822	CCSBVarC024822	394G>A	G	A	394	Val132Ile	Val132Ile	ENSP00000338790.6
RAD51D	RAD51D_Val28Leu	RAD51D_Val28Leu	527_CAVA_Array_P05	C02	7201	CCSBVarC024750	CCSBVarC024750	82G>C	G	C	82	Val28Leu	Val28Leu	ENSP00000338790.6
EGFP	EGFP	EGFP	527_CAVA_Array_P05	C03	0				NULL	NULL	NULL			NULL
RAF1	RAF1_Thr491Ile	RAF1_Thr491Ile	527_CAVA_Array_P05	C04	732	CCSBVarC003427	CCSBVarC008868	1472C>T	C	T	1472	Thr491Ile	Thr491Ile	ENSP00000251849.4
RAF1	RAF1_Thr145Pro	RAF1_Thr145Pro	527_CAVA_Array_P05	C05	732	CCSBVarC008929	CCSBVarC008929	433A>C	A	C	433	Thr145Pro	Thr145Pro	ENSP00000251849.4
RAF1	RAF1_Pro261Thr	RAF1_Pro261Thr	527_CAVA_Array_P05	C06	732	CCSBVarC008896	CCSBVarC008896	781C>A	C	A	781	Pro261Thr	Pro261Thr	ENSP00000251849.4
RAF1	RAF1_Val263Ala	RAF1_Val263Ala	527_CAVA_Array_P05	C07	732	CCSBVarC008881	CCSBVarC008881	788T>C	T	C	788	Val263Ala	Val263Ala	ENSP00000251849.4
RET	RET_Pro64Leu	RET_Pro64Leu	527_CAVA_Array_P05	C08	8858	CCSBVarC006874	CCSBVarC006874	191C>T	C	T	191	Pro64Leu	Pro64Leu	ENSP00000480088.1
RET	RET_Arg330Gln	RET_Arg330Gln	527_CAVA_Array_P05	C09	8858	CCSBVarC006881	CCSBVarC006881	989G>A	G	A	989	Arg330Gln	Arg330Gln	ENSP00000480088.1
PRKACB	PRKACB	PRKACB	527_CAVA_Array_P05	C10	0				NULL	NULL	NULL			NULL
SDHD	SDHD_His50Asp	SDHD_His50Asp	527_CAVA_Array_P05	C11	6363	CCSBVarC023279	CCSBVarC023279	148C>G	C	G	148	His50Asp	His50Asp	ENSP00000364699.3
SDHD	SDHD_His102Pro	SDHD_His102Pro	527_CAVA_Array_P05	C12	6363	CCSBVarC023321	CCSBVarC023321	305A>C	A	C	305	His102Pro	His102Pro	ENSP00000364699.3
RAD51D	RAD51D_Asn138His	RAD51D_Asn138His	527_CAVA_Array_P05	D01	7201	CCSBVarC024825	CCSBVarC024825	412A>C	A	C	412	Asn138His	Asn138His	ENSP00000338790.6
RAD51D	RAD51D_Gly289Ser	RAD51D_Gly289Ser	527_CAVA_Array_P05	D02	7201	CCSBVarC024877	CCSBVarC024877	865G>A	G	A	865	Gly289Ser	Gly289Ser	ENSP00000338790.6
RAF1	RAF1_Asp381Asn	RAF1_Asp381Asn	527_CAVA_Array_P05	D03	732	CCSBVarC008844	CCSBVarC008844	1141G>A	G	A	1141	Asp381Asn	Asp381Asn	ENSP00000251849.4
ALK	ALK	ALK_	527_CAVA_Array_P05	D04	0	 	 		NULL	NULL	NULL			NULL
RAF1	RAF1_Phe22Leu	RAF1_Phe22Leu	527_CAVA_Array_P05	D05	732	CCSBVarC008857	CCSBVarC008857	66T>G	T	G	66	Phe22Leu	Phe22Leu	ENSP00000251849.4
RAF1	RAF1_Pro261Ala	RAF1_Pro261Ala	527_CAVA_Array_P05	D06	732	CCSBVarC003424	CCSBVarC003424	781C>G	C	G	781	Pro261Ala	Pro261Ala	ENSP00000251849.4
RAF1	RAF1_Thr303Ala	RAF1_Thr303Ala	527_CAVA_Array_P05	D07	732	CCSBVarC008851	CCSBVarC008851	907A>G	A	G	907	Thr303Ala	Thr303Ala	ENSP00000251849.4
RET	RET_Arg67His	RET_Arg67His	527_CAVA_Array_P05	D08	8858	CCSBVarC006873	CCSBVarC006873	200G>A	G	A	200	Arg67His	Arg67His	ENSP00000480088.1
SLIRP	SLIRP	SLIRP	527_CAVA_Array_P05	D09	0				NULL	NULL	NULL			NULL
RPS19	RPS19	RPS19	527_CAVA_Array_P05	D10	3441				NULL	NULL	NULL			ENSP00000470972.1
SDHD	SDHD_His50Arg	SDHD_His50Arg	527_CAVA_Array_P05	D11	6363	CCSBVarC023281	CCSBVarC023281	149A>G	A	G	149	His50Arg	His50Arg	ENSP00000364699.3
SDHD	SDHD_His102Arg	SDHD_His102Arg	527_CAVA_Array_P05	D12	6363	CCSBVarC023323	CCSBVarC023323	305A>G	A	G	305	His102Arg	His102Arg	ENSP00000364699.3
RAD51D	RAD51D_Arg165Gln	RAD51D_Arg165Gln	527_CAVA_Array_P05	E01	7201	CCSBVarC002917	CCSBVarC002917	494G>A	G	A	494	Arg165Gln	Arg165Gln	ENSP00000338790.6
RAD51D	RAD51D_Phe305Leu	RAD51D_Phe305Leu	527_CAVA_Array_P05	E02	7201	CCSBVarC024886	CCSBVarC024886	915C>G	C	G	915	Phe305Leu	Phe305Leu	ENSP00000338790.6
RAF1	RAF1_Arg40His	RAF1_Arg40His	527_CAVA_Array_P05	E03	732	CCSBVarC008836	CCSBVarC008836	119G>A	G	A	119	Arg40His	Arg40His	ENSP00000251849.4
RAF1	RAF1_Leu603Pro	RAF1_Leu603Pro	527_CAVA_Array_P05	E04	732	CCSBVarC008861	CCSBVarC008861	1808T>C	T	C	1808	Leu603Pro	Leu603Pro	ENSP00000251849.4
ALK	ALK_Arg1275Gln	ALK_Arg1275Gln	527_CAVA_Array_P05	E05	0				NULL	NULL	NULL	Arg1275Gln	Arg1275Gln	NULL
RAF1	RAF1_Pro261Ser	RAF1_Pro261Ser	527_CAVA_Array_P05	E06	732	CCSBVarC008859	CCSBVarC008859	781C>T	C	T	781	Pro261Ser	Pro261Ser	ENSP00000251849.4
RAF1	RAF1_Pro308Leu	RAF1_Pro308Leu	527_CAVA_Array_P05	E07	732	CCSBVarC008842	CCSBVarC008842	923C>T	C	T	923	Pro308Leu	Pro308Leu	ENSP00000251849.4
RHEB	RHEB	RHEB	527_CAVA_Array_P05	E08	0				NULL	NULL	NULL			NULL
RHO	RHO	RHO	527_CAVA_Array_P05	E09	40080645				NULL	NULL	NULL			ENSP00000296271.3
RPS19	RPS19_Val15Phe	RPS19_Val15Phe	527_CAVA_Array_P05	E10	3441	CCSBVarC000466	CCSBVarC000466	43G>T	G	T	43	Val15Phe	Val15Phe	ENSP00000470972.1
SDHD	SDHD_Ser68Gly	SDHD_Ser68Gly	527_CAVA_Array_P05	E11	6363	CCSBVarC023282	CCSBVarC023282	202A>G	A	G	202	Ser68Gly	Ser68Gly	ENSP00000364699.3
SDHD	SDHD_His102Leu	SDHD_His102Leu	527_CAVA_Array_P05	E12	6363	CCSBVarC023325	CCSBVarC023325	305A>T	A	T	305	His102Leu	His102Leu	ENSP00000364699.3
RAD51D	RAD51D_Ile17Val	RAD51D_Ile17Val	527_CAVA_Array_P05	F01	7201	CCSBVarC024709	CCSBVarC024709	49A>G	A	G	49	Ile17Val	Ile17Val	ENSP00000338790.6
RAD51D	RAD51D_Glu307Lys	RAD51D_Glu307Lys	527_CAVA_Array_P05	F02	7201	CCSBVarC024889	CCSBVarC024889	919G>A	G	A	919	Glu307Lys	Glu307Lys	ENSP00000338790.6
RAF1	RAF1_Ala42Thr	RAF1_Ala42Thr	527_CAVA_Array_P05	F03	732	CCSBVarC008836	CCSBVarC008855	124G>A	G	A	124	Ala42Thr	Ala42Thr	ENSP00000251849.4
RAF1	RAF1_Leu613Val	RAF1_Leu613Val	527_CAVA_Array_P05	F04	732	CCSBVarC008860	CCSBVarC008860	1837C>G	C	G	1837	Leu613Val	Leu613Val	ENSP00000251849.4
RAF1	RAF1_Ser257Leu	RAF1_Ser257Leu	527_CAVA_Array_P05	F05	732	CCSBVarC003422	CCSBVarC003422	770C>T	C	T	770	Ser257Leu	Ser257Leu	ENSP00000251849.4
			527_CAVA_Array_P05	F06	0				NULL	NULL	NULL			NULL
MAPK9	MAPK9	MAPK9	527_CAVA_Array_P05	F07	0				NULL	NULL	NULL			NULL
RET	RET_Val262Ala	RET_Val262Ala	527_CAVA_Array_P05	F08	8858	CCSBVarC006876	CCSBVarC006876	785T>C	T	C	785	Val262Ala	Val262Ala	ENSP00000480088.1
RHO	RHO_Asp190Gly	RHO_Asp190Gly	527_CAVA_Array_P05	F09	40080645	CCSBVarC013544	CCSBVarC013544	569A>G	A	G	569	Asp190Gly	Asp190Gly	ENSP00000296271.3
RPS19	RPS19_Arg62Trp	RPS19_Arg62Trp	527_CAVA_Array_P05	F10	3441	CCSBVarC000467	CCSBVarC000467	184C>T	C	T	184	Arg62Trp	Arg62Trp	ENSP00000470972.1
SDHD	SDHD_Glu69Lys	SDHD_Glu69Lys	527_CAVA_Array_P05	F11	6363	CCSBVarC023285	CCSBVarC023285	205G>A	G	A	205	Glu69Lys	Glu69Lys	ENSP00000364699.3
SDHD	SDHD_Gly106Val	SDHD_Gly106Val	527_CAVA_Array_P05	F12	6363	CCSBVarC023331	CCSBVarC023331	317G>T	G	T	317	Gly106Val	Gly106Val	ENSP00000364699.3
RAD51D	RAD51D_His23Arg	RAD51D_His23Arg	527_CAVA_Array_P05	G01	7201	CCSBVarC024711	CCSBVarC024711	68A>G	A	G	68	His23Arg	His23Arg	ENSP00000338790.6
RAD51D	RAD51D_Met308Val	RAD51D_Met308Val	527_CAVA_Array_P05	G02	7201	CCSBVarC024892	CCSBVarC024892	922A>G	A	G	922	Met308Val	Met308Val	ENSP00000338790.6
RAF1	RAF1_Ala42Val	RAF1_Ala42Val	527_CAVA_Array_P05	G03	732	CCSBVarC008855	CCSBVarC008846	125C>T	C	T	125	Ala42Val	Ala42Val	ENSP00000251849.4
RAF1	RAF1_Asn71Ser	RAF1_Asn71Ser	527_CAVA_Array_P05	G04	732	CCSBVarC008840	CCSBVarC008840	212A>G	A	G	212	Asn71Ser	Asn71Ser	ENSP00000251849.4
RAF1	RAF1_Ser259Thr	RAF1_Ser259Thr	527_CAVA_Array_P05	G05	732	CCSBVarC003423	CCSBVarC003423	775T>A	T	A	775	Ser259Thr	Ser259Thr	ENSP00000251849.4
RAF1	RAF1_Pro261Arg	RAF1_Pro261Arg	527_CAVA_Array_P05	G06	732	CCSBVarC008906	CCSBVarC008906	782C>G	C	G	782	Pro261Arg	Pro261Arg	ENSP00000251849.4
RAF1	RAF1_Ile32Val	RAF1_Ile32Val	527_CAVA_Array_P05	G07	732	CCSBVarC008838	CCSBVarC008838	94A>G	A	G	94	Ile32Val	Ile32Val	ENSP00000251849.4
RET	RET_Thr278Asn	RET_Thr278Asn	527_CAVA_Array_P05	G08	8858	CCSBVarC006877	CCSBVarC006877	833C>A	C	A	833	Thr278Asn	Thr278Asn	ENSP00000480088.1
RHO	RHO_Arg135Trp	RHO_Arg135Trp	527_CAVA_Array_P05	G09	40080645	CCSBVarC013570	CCSBVarC013570	403C>T	C	T	403	Arg135Trp	Arg135Trp	ENSP00000296271.3
RPS19	RPS19_Arg101His	RPS19_Arg101His	527_CAVA_Array_P05	G10	3441	CCSBVarC000468	CCSBVarC000468	302G>A	G	A	302	Arg101His	Arg101His	ENSP00000470972.1
SDHD	SDHD_Arg70Thr	SDHD_Arg70Thr	527_CAVA_Array_P05	G11	6363	CCSBVarC023288	CCSBVarC023288	209G>C	G	C	209	Arg70Thr	Arg70Thr	ENSP00000364699.3
SDHD	SDHD_Leu107Pro	SDHD_Leu107Pro	527_CAVA_Array_P05	G12	6363	CCSBVarC023335	CCSBVarC023335	320T>C	T	C	320	Leu107Pro	Leu107Pro	ENSP00000364699.3
RAD51D	RAD51D_Ala231Ser	RAD51D_Ala231Ser	527_CAVA_Array_P05	H01	7201	CCSBVarC024850	CCSBVarC024850	691G>T	G	T	691	Ala231Ser	Ala231Ser	ENSP00000338790.6
RAD51D	RAD51D_Thr328Ile	RAD51D_Thr328Ile	527_CAVA_Array_P05	H02	7201	CCSBVarC024896	CCSBVarC024896	983C>T	C	T	983	Thr328Ile	Thr328Ile	ENSP00000338790.6
RAF1	RAF1_Ser427Gly	RAF1_Ser427Gly	527_CAVA_Array_P05	H03	732	CCSBVarC008846	CCSBVarC008873	1279A>G	A	G	1279	Ser427Gly	Ser427Gly	ENSP00000251849.4
RAF1	RAF1_Asn74Asp	RAF1_Asn74Asp	527_CAVA_Array_P05	H04	732	CCSBVarC008848	CCSBVarC008848	220A>G	A	G	220	Asn74Asp	Asn74Asp	ENSP00000251849.4
RAF1	RAF1_Ser259Tyr	RAF1_Ser259Tyr	527_CAVA_Array_P05	H05	732	CCSBVarC008878	CCSBVarC008878	776C>A	C	A	776	Ser259Tyr	Ser259Tyr	ENSP00000251849.4
RAF1	RAF1_Pro261Leu	RAF1_Pro261Leu	527_CAVA_Array_P05	H06	732	CCSBVarC003425	CCSBVarC003425	782C>T	C	T	782	Pro261Leu	Pro261Leu	ENSP00000251849.4
RET	RET	RET	527_CAVA_Array_P05	H07	8858				NULL	NULL	NULL			ENSP00000480088.1
RET	RET_Val292Met	RET_Val292Met	527_CAVA_Array_P05	H08	8858	CCSBVarC006880	CCSBVarC006880	874G>A	G	A	874	Val292Met	Val292Met	ENSP00000480088.1
RHO	RHO_Arg135Leu	RHO_Arg135Leu	527_CAVA_Array_P05	H09	40080645	CCSBVarC013572	CCSBVarC013572	404G>T	G	T	404	Arg135Leu	Arg135Leu	ENSP00000296271.3
RPS19	RPS19_Gly127Glu	RPS19_Gly127Glu	527_CAVA_Array_P05	H10	3441	CCSBVarC000469	CCSBVarC000469	380G>A	G	A	380	Gly127Glu	Gly127Glu	ENSP00000470972.1
SDHD	SDHD_Ala90Glu	SDHD_Ala90Glu	527_CAVA_Array_P05	H11	6363	CCSBVarC023305	CCSBVarC023305	269C>A	C	A	269	Ala90Glu	Ala90Glu	ENSP00000364699.3
SDHD	SDHD_Val111Ile	SDHD_Val111Ile	527_CAVA_Array_P05	H12	6363	CCSBVarC023342	CCSBVarC023342	331G>A	G	A	331	Val111Ile	Val111Ile	ENSP00000364699.3
SDHD	SDHD	SDHD	527_CAVA_Array_P06	A01	6363				NULL	NULL	NULL			ENSP00000364699.3
SHOC2	SHOC2_Thr494Asn	SHOC2_Thr494Asn	527_CAVA_Array_P06	A02	11602	CCSBVarC028085	CCSBVarC028085	1481C>A	C	A	1481	Thr494Asn	Thr494Asn	ENSP00000358464.5
SOS2	SOS2_Val869Ile	SOS2_Val869Ile	527_CAVA_Array_P06	A03	55187	CCSBVarC013733	CCSBVarC013733	2605G>A	G	A	2605	Val869Ile	Val869Ile	ENSP00000216373.5
ZC4H2	ZC4H2_Pro201Ser	ZC4H2_Pro201Ser	527_CAVA_Array_P06	A04	4320	CCSBVarC005917	CCSBVarC005917	601C>T	C	T	601	Pro201Ser	Pro201Ser	ENSP00000363972.3
ZC4H2	ZC4H2_Leu66His	ZC4H2_Leu66His	527_CAVA_Array_P06	A05	4320	CCSBVarC009188	CCSBVarC009188	197T>A	T	A	197	Leu66His	Leu66His	ENSP00000363972.3
CCM2	CCM2_Gly5Ser	CCM2_Gly5Ser	527_CAVA_Array_P06	A06	3928	CCSBVarC038604	CCSBVarC038604	13G>A	G	A	13	Gly5Ser	Gly5Ser	ENSP00000258781.7
CCM2	CCM2_Arg40Cys	CCM2_Arg40Cys	527_CAVA_Array_P06	A07	3928	CCSBVarC038613	CCSBVarC038613	118C>T	C	T	118	Arg40Cys	Arg40Cys	ENSP00000258781.7
CCM2	CCM2_Glu54Lys	CCM2_Glu54Lys	527_CAVA_Array_P06	A08	3928	CCSBVarC038622	CCSBVarC038622	160G>A	G	A	160	Glu54Lys	Glu54Lys	ENSP00000258781.7
CCM2	CCM2_Thr74Met	CCM2_Thr74Met	527_CAVA_Array_P06	A09	3928	CCSBVarC038629	CCSBVarC038629	221C>T	C	T	221	Thr74Met	Thr74Met	ENSP00000258781.7
CCM2	CCM2_Thr86Ser	CCM2_Thr86Ser	527_CAVA_Array_P06	A10	3928	CCSBVarC038636	CCSBVarC038636	257C>G	C	G	257	Thr86Ser	Thr86Ser	ENSP00000258781.7
CCM2	CCM2_Pro102Leu	CCM2_Pro102Leu	527_CAVA_Array_P06	A11	3928	CCSBVarC038646	CCSBVarC038646	305C>T	C	T	305	Pro102Leu	Pro102Leu	ENSP00000258781.7
CCM2	CCM2_Ala123Val	CCM2_Ala123Val	527_CAVA_Array_P06	A12	3928	CCSBVarC038659	CCSBVarC038659	368C>T	C	T	368	Ala123Val	Ala123Val	ENSP00000258781.7
SDHD	SDHD_Tyr114Cys	SDHD_Tyr114Cys	527_CAVA_Array_P06	B01	6363	CCSBVarC023361	CCSBVarC023361	341A>G	A	G	341	Tyr114Cys	Tyr114Cys	ENSP00000364699.3
SHOC2	SHOC2_Gly53Arg	SHOC2_Gly53Arg	527_CAVA_Array_P06	B02	11602	CCSBVarC028008	CCSBVarC028008	157G>A	G	A	157	Gly53Arg	Gly53Arg	ENSP00000358464.5
SOS2	SOS2_Asn1257Asp	SOS2_Asn1257Asp	527_CAVA_Array_P06	B03	55187	CCSBVarC013790	CCSBVarC013790	3769A>G	A	G	3769	Asn1257Asp	Asn1257Asp	ENSP00000216373.5
ZC4H2	ZC4H2_Ala162Thr	ZC4H2_Ala162Thr	527_CAVA_Array_P06	B04	4320	CCSBVarC009153	CCSBVarC009153	484G>A	G	A	484	Ala162Thr	Ala162Thr	ENSP00000363972.3
ZC4H2	ZC4H2_Arg198Gln	ZC4H2_Arg198Gln	527_CAVA_Array_P06	B05	4320	CCSBVarC009191	CCSBVarC009191	593G>A	G	A	593	Arg198Gln	Arg198Gln	ENSP00000363972.3
CCM2	CCM2_Gly8Ser	CCM2_Gly8Ser	527_CAVA_Array_P06	B06	3928	CCSBVarC038605	CCSBVarC038605	22G>A	G	A	22	Gly8Ser	Gly8Ser	ENSP00000258781.7
CCM2	CCM2_Arg40His	CCM2_Arg40His	527_CAVA_Array_P06	B07	3928	CCSBVarC038614	CCSBVarC038614	119G>A	G	A	119	Arg40His	Arg40His	ENSP00000258781.7
CCM2	CCM2_Pro55Ala	CCM2_Pro55Ala	527_CAVA_Array_P06	B08	3928	CCSBVarC038623	CCSBVarC038623	163C>G	C	G	163	Pro55Ala	Pro55Ala	ENSP00000258781.7
CCM2	CCM2_Ile76Met	CCM2_Ile76Met	527_CAVA_Array_P06	B09	3928	CCSBVarC038630	CCSBVarC038630	228A>G	A	G	228	Ile76Met	Ile76Met	ENSP00000258781.7
CCM2	CCM2_Thr86Ile	CCM2_Thr86Ile	527_CAVA_Array_P06	B10	3928	CCSBVarC038637	CCSBVarC038637	257C>T	C	T	257	Thr86Ile	Thr86Ile	ENSP00000258781.7
CCM2	CCM2_Gly103Arg	CCM2_Gly103Arg	527_CAVA_Array_P06	B11	3928	CCSBVarC038647	CCSBVarC038647	307G>C	G	C	307	Gly103Arg	Gly103Arg	ENSP00000258781.7
CCM2	CCM2_Asp126Glu	CCM2_Asp126Glu	527_CAVA_Array_P06	B12	3928	CCSBVarC038660	CCSBVarC038660	378C>G	C	G	378	Asp126Glu	Asp126Glu	ENSP00000258781.7
SDHD	SDHD_Gly138Val	SDHD_Gly138Val	527_CAVA_Array_P06	C01	6363	CCSBVarC023367	CCSBVarC023367	413G>T	G	T	413	Gly138Val	Gly138Val	ENSP00000364699.3
SHOC2	SHOC2_Ser57Phe	SHOC2_Ser57Phe	527_CAVA_Array_P06	C02	11602	CCSBVarC028011	CCSBVarC028011	170C>T	C	T	170	Ser57Phe	Ser57Phe	ENSP00000358464.5
EGFP	EGFP	EGFP	527_CAVA_Array_P06	C03	0				NULL	NULL	NULL			NULL
ZC4H2	ZC4H2_Ile7Val	ZC4H2_Ile7Val	527_CAVA_Array_P06	C04	4320	CCSBVarC009155	CCSBVarC009155	19A>G	A	G	19	Ile7Val	Ile7Val	ENSP00000363972.3
ZC4H2	ZC4H2_Arg18Lys	ZC4H2_Arg18Lys	527_CAVA_Array_P06	C05	4320	CCSBVarC009194	CCSBVarC009194	53G>A	G	A	53	Arg18Lys	Arg18Lys	ENSP00000363972.3
CCM2	CCM2_Ser15Leu	CCM2_Ser15Leu	527_CAVA_Array_P06	C06	3928	CCSBVarC038606	CCSBVarC038606	44C>T	C	T	44	Ser15Leu	Ser15Leu	ENSP00000258781.7
CCM2	CCM2_Thr44Ser	CCM2_Thr44Ser	527_CAVA_Array_P06	C07	3928	CCSBVarC038615	CCSBVarC038615	130A>T	A	T	130	Thr44Ser	Thr44Ser	ENSP00000258781.7
CCM2	CCM2_Ser60Arg	CCM2_Ser60Arg	527_CAVA_Array_P06	C08	3928	CCSBVarC038624	CCSBVarC038624	178A>C	A	C	178	Ser60Arg	Ser60Arg	ENSP00000258781.7
CCM2	CCM2_Pro77Ser	CCM2_Pro77Ser	527_CAVA_Array_P06	C09	3928	CCSBVarC038631	CCSBVarC038631	229C>T	C	T	229	Pro77Ser	Pro77Ser	ENSP00000258781.7
PRKACB	PRKACB	PRKACB	527_CAVA_Array_P06	C10	0				NULL	NULL	NULL			NULL
CCM2	CCM2_Thr106Ile	CCM2_Thr106Ile	527_CAVA_Array_P06	C11	3928	CCSBVarC038648	CCSBVarC038648	317C>T	C	T	317	Thr106Ile	Thr106Ile	ENSP00000258781.7
CCM2	CCM2_Glu128Lys	CCM2_Glu128Lys	527_CAVA_Array_P06	C12	3928	CCSBVarC038662	CCSBVarC038662	382G>A	G	A	382	Glu128Lys	Glu128Lys	ENSP00000258781.7
SDHD	SDHD_Leu139Arg	SDHD_Leu139Arg	527_CAVA_Array_P06	D01	6363	CCSBVarC023371	CCSBVarC023371	416T>G	T	G	416	Leu139Arg	Leu139Arg	ENSP00000364699.3
SHOC2	SHOC2_Thr126Ile	SHOC2_Thr126Ile	527_CAVA_Array_P06	D02	11602	CCSBVarC028024	CCSBVarC028024	377C>T	C	T	377	Thr126Ile	Thr126Ile	ENSP00000358464.5
SOS2	SOS2_Pro1318Ser	SOS2_Pro1318Ser	527_CAVA_Array_P06	D03	55187	CCSBVarC013771	CCSBVarC013771	3952C>T	C	T	3952	Pro1318Ser	Pro1318Ser	ENSP00000216373.5
ALK	ALK	ALK	527_CAVA_Array_P06	D04	0				NULL	NULL	NULL			NULL
ZC4H2	ZC4H2_Arg213Trp	ZC4H2_Arg213Trp	527_CAVA_Array_P06	D05	4320	CCSBVarC009197	CCSBVarC009197	637C>T	C	T	637	Arg213Trp	Arg213Trp	ENSP00000363972.3
CCM2	CCM2_Arg19Gln	CCM2_Arg19Gln	527_CAVA_Array_P06	D06	3928	CCSBVarC038607	CCSBVarC038607	56G>A	G	A	56	Arg19Gln	Arg19Gln	ENSP00000258781.7
CCM2	CCM2_Thr44Ile	CCM2_Thr44Ile	527_CAVA_Array_P06	D07	3928	CCSBVarC038616	CCSBVarC038616	131C>T	C	T	131	Thr44Ile	Thr44Ile	ENSP00000258781.7
CCM2	CCM2_Asp61Asn	CCM2_Asp61Asn	527_CAVA_Array_P06	D08	3928	CCSBVarC038625	CCSBVarC038625	181G>A	G	A	181	Asp61Asn	Asp61Asn	ENSP00000258781.7
SLIRP	SLIRP	SLIRP	527_CAVA_Array_P06	D09	0				NULL	NULL	NULL			NULL
CCM2	CCM2_Phe91Ile	CCM2_Phe91Ile	527_CAVA_Array_P06	D10	3928	CCSBVarC038638	CCSBVarC038638	271T>A	T	A	271	Phe91Ile	Phe91Ile	ENSP00000258781.7
CCM2	CCM2_Glu108Lys	CCM2_Glu108Lys	527_CAVA_Array_P06	D11	3928	CCSBVarC038649	CCSBVarC038649	322G>A	G	A	322	Glu108Lys	Glu108Lys	ENSP00000258781.7
CCM2	CCM2_Glu128Ala	CCM2_Glu128Ala	527_CAVA_Array_P06	D12	3928	CCSBVarC038663	CCSBVarC038663	383A>C	A	C	383	Glu128Ala	Glu128Ala	ENSP00000258781.7
SDHD	SDHD_Ile31Val	SDHD_Ile31Val	527_CAVA_Array_P06	E01	6363	CCSBVarC023265	CCSBVarC023265	91A>G	A	G	91	Ile31Val	Ile31Val	ENSP00000364699.3
SHOC2	SHOC2_Met173Val	SHOC2_Met173Val	527_CAVA_Array_P06	E02	11602	CCSBVarC028030	CCSBVarC028030	517A>G	A	G	517	Met173Val	Met173Val	ENSP00000358464.5
ZC4H2	ZC4H2	ZC4H2	527_CAVA_Array_P06	E03	4320				NULL	NULL	NULL			ENSP00000363972.3
ZC4H2	ZC4H2_Ala157Thr	ZC4H2_Ala157Thr	527_CAVA_Array_P06	E04	4320	CCSBVarC009160	CCSBVarC009160	469G>A	G	A	469	Ala157Thr	Ala157Thr	ENSP00000363972.3
ALK	ALK_Arg1275Gln	ALK_Arg1275Gln	527_CAVA_Array_P06	E05	0				NULL	NULL	NULL	Arg1275Gln	Arg1275Gln	NULL
CCM2	CCM2_Lys23Arg	CCM2_Lys23Arg	527_CAVA_Array_P06	E06	3928	CCSBVarC038609	CCSBVarC038609	68A>G	A	G	68	Lys23Arg	Lys23Arg	ENSP00000258781.7
CCM2	CCM2_Val45Gly	CCM2_Val45Gly	527_CAVA_Array_P06	E07	3928	CCSBVarC038617	CCSBVarC038617	134T>G	T	G	134	Val45Gly	Val45Gly	ENSP00000258781.7
RHEB	RHEB	RHEB	527_CAVA_Array_P06	E08	0				NULL	NULL	NULL			NULL
CCM2	CCM2_Pro77Gln	CCM2_Pro77Gln	527_CAVA_Array_P06	E09	3928	CCSBVarC038632	CCSBVarC038632	230C>A	C	A	230	Pro77Gln	Pro77Gln	ENSP00000258781.7
CCM2	CCM2_Ile92Thr	CCM2_Ile92Thr	527_CAVA_Array_P06	E10	3928	CCSBVarC038639	CCSBVarC038639	275T>C	T	C	275	Ile92Thr	Ile92Thr	ENSP00000258781.7
CCM2	CCM2_Glu108Gly	CCM2_Glu108Gly	527_CAVA_Array_P06	E11	3928	CCSBVarC038650	CCSBVarC038650	323A>G	A	G	323	Glu108Gly	Glu108Gly	ENSP00000258781.7
CCM2	CCM2_Asp129His	CCM2_Asp129His	527_CAVA_Array_P06	E12	3928	CCSBVarC038665	CCSBVarC038665	385G>C	G	C	385	Asp129His	Asp129His	ENSP00000258781.7
SHOC2	SHOC2	SHOC2	527_CAVA_Array_P06	F01	11602				NULL	NULL	NULL			ENSP00000358464.5
SHOC2	SHOC2_Thr205Ala	SHOC2_Thr205Ala	527_CAVA_Array_P06	F02	11602	CCSBVarC028039	CCSBVarC028039	613A>G	A	G	613	Thr205Ala	Thr205Ala	ENSP00000358464.5
ZC4H2	ZC4H2_Pro201Ser	ZC4H2_Pro201Ser	527_CAVA_Array_P06	F03	4320	CCSBVarC005917	CCSBVarC005917	601C>T	C	T	601	Pro201Ser	Pro201Ser	ENSP00000363972.3
ZC4H2	ZC4H2_Ala200Thr	ZC4H2_Ala200Thr	527_CAVA_Array_P06	F04	4320	CCSBVarC009163	CCSBVarC009163	598G>A	G	A	598	Ala200Thr	Ala200Thr	ENSP00000363972.3
ZC4H2	ZC4H2_Arg211Trp	ZC4H2_Arg211Trp	527_CAVA_Array_P06	F05	4320	CCSBVarC009207	CCSBVarC009207	631C>T	C	T	631	Arg211Trp	Arg211Trp	ENSP00000363972.3
			527_CAVA_Array_P06	F06	0				NULL	NULL	NULL			NULL
MAPK9	MAPK9	MAPK9	527_CAVA_Array_P06	F07	0				NULL	NULL	NULL			NULL
CCM2	CCM2_Lys65Glu	CCM2_Lys65Glu	527_CAVA_Array_P06	F08	3928	CCSBVarC038626	CCSBVarC038626	193A>G	A	G	193	Lys65Glu	Lys65Glu	ENSP00000258781.7
CCM2	CCM2_Asn81Lys	CCM2_Asn81Lys	527_CAVA_Array_P06	F09	3928	CCSBVarC038633	CCSBVarC038633	243T>A	T	A	243	Asn81Lys	Asn81Lys	ENSP00000258781.7
CCM2	CCM2_Asn94Ser	CCM2_Asn94Ser	527_CAVA_Array_P06	F10	3928	CCSBVarC038640	CCSBVarC038640	281A>G	A	G	281	Asn94Ser	Asn94Ser	ENSP00000258781.7
CCM2	CCM2_His109Arg	CCM2_His109Arg	527_CAVA_Array_P06	F11	3928	CCSBVarC038651	CCSBVarC038651	326A>G	A	G	326	His109Arg	His109Arg	ENSP00000258781.7
CCM2	CCM2_Ile130Val	CCM2_Ile130Val	527_CAVA_Array_P06	F12	3928	CCSBVarC038666	CCSBVarC038666	388A>G	A	G	388	Ile130Val	Ile130Val	ENSP00000258781.7
SHOC2	SHOC2_Ser4Arg	SHOC2_Ser4Arg	527_CAVA_Array_P06	G01	11602	CCSBVarC027999	CCSBVarC027999	10A>C	A	C	10	Ser4Arg	Ser4Arg	ENSP00000358464.5
SOS2	SOS2	SOS2	527_CAVA_Array_P06	G02	55187				NULL	NULL	NULL			ENSP00000216373.5
ZC4H2	ZC4H2_Val63Leu	ZC4H2_Val63Leu	527_CAVA_Array_P06	G03	4320	CCSBVarC005916	CCSBVarC005916	187G>C	G	C	187	Val63Leu	Val63Leu	ENSP00000363972.3
ZC4H2	ZC4H2_Lys217Arg	ZC4H2_Lys217Arg	527_CAVA_Array_P06	G04	4320	CCSBVarC009181	CCSBVarC009181	650A>G	A	G	650	Lys217Arg	Lys217Arg	ENSP00000363972.3
CCM2	CCM2	CCM2	527_CAVA_Array_P06	G05	3928				NULL	NULL	NULL			ENSP00000258781.7
CCM2	CCM2_Gly24Asp	CCM2_Gly24Asp	527_CAVA_Array_P06	G06	3928	CCSBVarC038610	CCSBVarC038610	71G>A	G	A	71	Gly24Asp	Gly24Asp	ENSP00000258781.7
CCM2	CCM2_Glu51Ala	CCM2_Glu51Ala	527_CAVA_Array_P06	G07	3928	CCSBVarC038618	CCSBVarC038618	152A>C	A	C	152	Glu51Ala	Glu51Ala	ENSP00000258781.7
CCM2	CCM2_Glu66Lys	CCM2_Glu66Lys	527_CAVA_Array_P06	G08	3928	CCSBVarC038627	CCSBVarC038627	196G>A	G	A	196	Glu66Lys	Glu66Lys	ENSP00000258781.7
CCM2	CCM2_Ser83Phe	CCM2_Ser83Phe	527_CAVA_Array_P06	G09	3928	CCSBVarC038634	CCSBVarC038634	248C>T	C	T	248	Ser83Phe	Ser83Phe	ENSP00000258781.7
CCM2	CCM2_Ala98Pro	CCM2_Ala98Pro	527_CAVA_Array_P06	G10	3928	CCSBVarC038643	CCSBVarC038643	292G>C	G	C	292	Ala98Pro	Ala98Pro	ENSP00000258781.7
CCM2	CCM2_Asp110Asn	CCM2_Asp110Asn	527_CAVA_Array_P06	G11	3928	CCSBVarC038653	CCSBVarC038653	328G>A	G	A	328	Asp110Asn	Asp110Asn	ENSP00000258781.7
CCM2	CCM2_Ile131Asn	CCM2_Ile131Asn	527_CAVA_Array_P06	G12	3928	CCSBVarC038667	CCSBVarC038667	392T>A	T	A	392	Ile131Asn	Ile131Asn	ENSP00000258781.7
SHOC2	SHOC2_Ser403Gly	SHOC2_Ser403Gly	527_CAVA_Array_P06	H01	11602	CCSBVarC028051	CCSBVarC028051	1207A>G	A	G	1207	Ser403Gly	Ser403Gly	ENSP00000358464.5
SOS2	SOS2_Pro447Thr	SOS2_Pro447Thr	527_CAVA_Array_P06	H02	55187	CCSBVarC013782	CCSBVarC013782	1339C>A	C	A	1339	Pro447Thr	Pro447Thr	ENSP00000216373.5
ZC4H2	ZC4H2_Val63Leu	ZC4H2_Val63Leu	527_CAVA_Array_P06	H03	4320	CCSBVarC005916	CCSBVarC005916	187G>C	G	C	187	Val63Leu	Val63Leu	ENSP00000363972.3
ZC4H2	ZC4H2_Cys192Tyr	ZC4H2_Cys192Tyr	527_CAVA_Array_P06	H04	4320	CCSBVarC009185	CCSBVarC009185	575G>A	G	A	575	Cys192Tyr	Cys192Tyr	ENSP00000363972.3
CCM2	CCM2_Glu2Lys	CCM2_Glu2Lys	527_CAVA_Array_P06	H05	3928	CCSBVarC038603	CCSBVarC038603	4G>A	G	A	4	Glu2Lys	Glu2Lys	ENSP00000258781.7
CCM2	CCM2_Lys30Glu	CCM2_Lys30Glu	527_CAVA_Array_P06	H06	3928	CCSBVarC038611	CCSBVarC038611	88A>G	A	G	88	Lys30Glu	Lys30Glu	ENSP00000258781.7
CCM2	CCM2_Arg52Cys	CCM2_Arg52Cys	527_CAVA_Array_P06	H07	3928	CCSBVarC038620	CCSBVarC038620	154C>T	C	T	154	Arg52Cys	Arg52Cys	ENSP00000258781.7
CCM2	CCM2_Gln72Arg	CCM2_Gln72Arg	527_CAVA_Array_P06	H08	3928	CCSBVarC038628	CCSBVarC038628	215A>G	A	G	215	Gln72Arg	Gln72Arg	ENSP00000258781.7
CCM2	CCM2_Ser84Asn	CCM2_Ser84Asn	527_CAVA_Array_P06	H09	3928	CCSBVarC038635	CCSBVarC038635	251G>A	G	A	251	Ser84Asn	Ser84Asn	ENSP00000258781.7
CCM2	CCM2_Pro102Ser	CCM2_Pro102Ser	527_CAVA_Array_P06	H10	3928	CCSBVarC038645	CCSBVarC038645	304C>T	C	T	304	Pro102Ser	Pro102Ser	ENSP00000258781.7
CCM2	CCM2_Tyr118Phe	CCM2_Tyr118Phe	527_CAVA_Array_P06	H11	3928	CCSBVarC038657	CCSBVarC038657	353A>T	A	T	353	Tyr118Phe	Tyr118Phe	ENSP00000258781.7
CCM2	CCM2_Ile136Val	CCM2_Ile136Val	527_CAVA_Array_P06	H12	3928	CCSBVarC038668	CCSBVarC038668	406A>G	A	G	406	Ile136Val	Ile136Val	ENSP00000258781.7
CCM2	CCM2	CCM2	527_CAVA_Array_P07	A01	3928				NULL	NULL	NULL			ENSP00000258781.7
CCM2	CCM2_Gly162Glu	CCM2_Gly162Glu	527_CAVA_Array_P07	A02	3928	CCSBVarC038684	CCSBVarC038684	485G>A	G	A	485	Gly162Glu	Gly162Glu	ENSP00000258781.7
CCM2	CCM2_Ala179Ser	CCM2_Ala179Ser	527_CAVA_Array_P07	A03	3928	CCSBVarC038696	CCSBVarC038696	535G>T	G	T	535	Ala179Ser	Ala179Ser	ENSP00000258781.7
CCM2	CCM2_Leu195Pro	CCM2_Leu195Pro	527_CAVA_Array_P07	A04	3928	CCSBVarC038710	CCSBVarC038710	584T>C	T	C	584	Leu195Pro	Leu195Pro	ENSP00000258781.7
CCM2	CCM2_Ala205Asp	CCM2_Ala205Asp	527_CAVA_Array_P07	A05	3928	CCSBVarC038718	CCSBVarC038718	614C>A	C	A	614	Ala205Asp	Ala205Asp	ENSP00000258781.7
CCM2	CCM2_Tyr221Asp	CCM2_Tyr221Asp	527_CAVA_Array_P07	A06	3928	CCSBVarC038726	CCSBVarC038726	661T>G	T	G	661	Tyr221Asp	Tyr221Asp	ENSP00000258781.7
CCM2	CCM2_Thr241Ile	CCM2_Thr241Ile	527_CAVA_Array_P07	A07	3928	CCSBVarC038735	CCSBVarC038735	722C>T	C	T	722	Thr241Ile	Thr241Ile	ENSP00000258781.7
CCM2	CCM2_Glu264Asp	CCM2_Glu264Asp	527_CAVA_Array_P07	A08	3928	CCSBVarC038745	CCSBVarC038745	792A>C	A	C	792	Glu264Asp	Glu264Asp	ENSP00000258781.7
CCM2	CCM2_Ala295Thr	CCM2_Ala295Thr	527_CAVA_Array_P07	A09	3928	CCSBVarC038762	CCSBVarC038762	883G>A	G	A	883	Ala295Thr	Ala295Thr	ENSP00000258781.7
CCM2	CCM2_Ile331Phe	CCM2_Ile331Phe	527_CAVA_Array_P07	A10	3928	CCSBVarC038782	CCSBVarC038782	991A>T	A	T	991	Ile331Phe	Ile331Phe	ENSP00000258781.7
CCM2	CCM2_Glu366Lys	CCM2_Glu366Lys	527_CAVA_Array_P07	A11	3928	CCSBVarC038799	CCSBVarC038799	1096G>A	G	A	1096	Glu366Lys	Glu366Lys	ENSP00000258781.7
CCM2	CCM2_Leu392Val	CCM2_Leu392Val	527_CAVA_Array_P07	A12	3928	CCSBVarC038815	CCSBVarC038815	1174C>G	C	G	1174	Leu392Val	Leu392Val	ENSP00000258781.7
CCM2	CCM2_His137Arg	CCM2_His137Arg	527_CAVA_Array_P07	B01	3928	CCSBVarC038669	CCSBVarC038669	410A>G	A	G	410	His137Arg	His137Arg	ENSP00000258781.7
CCM2	CCM2_Ser164Phe	CCM2_Ser164Phe	527_CAVA_Array_P07	B02	3928	CCSBVarC038686	CCSBVarC038686	491C>T	C	T	491	Ser164Phe	Ser164Phe	ENSP00000258781.7
CCM2	CCM2_Leu182Pro	CCM2_Leu182Pro	527_CAVA_Array_P07	B03	3928	CCSBVarC038698	CCSBVarC038698	545T>C	T	C	545	Leu182Pro	Leu182Pro	ENSP00000258781.7
CCM2	CCM2_Ile197Leu	CCM2_Ile197Leu	527_CAVA_Array_P07	B04	3928	CCSBVarC038711	CCSBVarC038711	589A>C	A	C	589	Ile197Leu	Ile197Leu	ENSP00000258781.7
CCM2	CCM2_Cys211Ser	CCM2_Cys211Ser	527_CAVA_Array_P07	B05	3928	CCSBVarC038719	CCSBVarC038719	632G>C	G	C	632	Cys211Ser	Cys211Ser	ENSP00000258781.7
CCM2	CCM2_Thr222Met	CCM2_Thr222Met	527_CAVA_Array_P07	B06	3928	CCSBVarC038727	CCSBVarC038727	665C>T	C	T	665	Thr222Met	Thr222Met	ENSP00000258781.7
CCM2	CCM2_Ser245Cys	CCM2_Ser245Cys	527_CAVA_Array_P07	B07	3928	CCSBVarC038736	CCSBVarC038736	734C>G	C	G	734	Ser245Cys	Ser245Cys	ENSP00000258781.7
CCM2	CCM2_Thr267Asn	CCM2_Thr267Asn	527_CAVA_Array_P07	B08	3928	CCSBVarC038746	CCSBVarC038746	800C>A	C	A	800	Thr267Asn	Thr267Asn	ENSP00000258781.7
CCM2	CCM2_Thr296Ala	CCM2_Thr296Ala	527_CAVA_Array_P07	B09	3928	CCSBVarC038763	CCSBVarC038763	886A>G	A	G	886	Thr296Ala	Thr296Ala	ENSP00000258781.7
CCM2	CCM2_His332Arg	CCM2_His332Arg	527_CAVA_Array_P07	B10	3928	CCSBVarC038783	CCSBVarC038783	995A>G	A	G	995	His332Arg	His332Arg	ENSP00000258781.7
CCM2	CCM2_Glu366Gln	CCM2_Glu366Gln	527_CAVA_Array_P07	B11	3928	CCSBVarC038800	CCSBVarC038800	1096G>C	G	C	1096	Glu366Gln	Glu366Gln	ENSP00000258781.7
CCM2	CCM2_Ser393Gly	CCM2_Ser393Gly	527_CAVA_Array_P07	B12	3928	CCSBVarC038816	CCSBVarC038816	1177A>G	A	G	1177	Ser393Gly	Ser393Gly	ENSP00000258781.7
CCM2	CCM2_His137Gln	CCM2_His137Gln	527_CAVA_Array_P07	C01	3928	CCSBVarC038670	CCSBVarC038670	411T>G	T	G	411	His137Gln	His137Gln	ENSP00000258781.7
CCM2	CCM2_Pro165Thr	CCM2_Pro165Thr	527_CAVA_Array_P07	C02	3928	CCSBVarC038687	CCSBVarC038687	493C>A	C	A	493	Pro165Thr	Pro165Thr	ENSP00000258781.7
EGFP	EGFP	EGFP	527_CAVA_Array_P07	C03	0				NULL	NULL	NULL			NULL
CCM2	CCM2_Glu201Asp	CCM2_Glu201Asp	527_CAVA_Array_P07	C04	3928	CCSBVarC038713	CCSBVarC038713	603G>C	G	C	603	Glu201Asp	Glu201Asp	ENSP00000258781.7
CCM2	CCM2_Leu212Val	CCM2_Leu212Val	527_CAVA_Array_P07	C05	3928	CCSBVarC038720	CCSBVarC038720	634C>G	C	G	634	Leu212Val	Leu212Val	ENSP00000258781.7
CCM2	CCM2_Glu223Val	CCM2_Glu223Val	527_CAVA_Array_P07	C06	3928	CCSBVarC038728	CCSBVarC038728	668A>T	A	T	668	Glu223Val	Glu223Val	ENSP00000258781.7
CCM2	CCM2_His247Asp	CCM2_His247Asp	527_CAVA_Array_P07	C07	3928	CCSBVarC038737	CCSBVarC038737	739C>G	C	G	739	His247Asp	His247Asp	ENSP00000258781.7
CCM2	CCM2_Thr267Ile	CCM2_Thr267Ile	527_CAVA_Array_P07	C08	3928	CCSBVarC038747	CCSBVarC038747	800C>T	C	T	800	Thr267Ile	Thr267Ile	ENSP00000258781.7
CCM2	CCM2_Leu298Met	CCM2_Leu298Met	527_CAVA_Array_P07	C09	3928	CCSBVarC038764	CCSBVarC038764	892C>A	C	A	892	Leu298Met	Leu298Met	ENSP00000258781.7
PRKACB	PRKACB	PRKACB	527_CAVA_Array_P07	C10	0				NULL	NULL	NULL			NULL
CCM2	CCM2_Ile372Leu	CCM2_Ile372Leu	527_CAVA_Array_P07	C11	3928	CCSBVarC038801	CCSBVarC038801	1114A>C	A	C	1114	Ile372Leu	Ile372Leu	ENSP00000258781.7
CCM2	CCM2_Thr394Ser	CCM2_Thr394Ser	527_CAVA_Array_P07	C12	3928	CCSBVarC038818	CCSBVarC038818	1180A>T	A	T	1180	Thr394Ser	Thr394Ser	ENSP00000258781.7
CCM2	CCM2_Ala140Thr	CCM2_Ala140Thr	527_CAVA_Array_P07	D01	3928	CCSBVarC038671	CCSBVarC038671	418G>A	G	A	418	Ala140Thr	Ala140Thr	ENSP00000258781.7
CCM2	CCM2_Pro165Ala	CCM2_Pro165Ala	527_CAVA_Array_P07	D02	3928	CCSBVarC038688	CCSBVarC038688	493C>G	C	G	493	Pro165Ala	Pro165Ala	ENSP00000258781.7
CCM2	CCM2_Ser183Leu	CCM2_Ser183Leu	527_CAVA_Array_P07	D03	3928	CCSBVarC038699	CCSBVarC038699	548C>T	C	T	548	Ser183Leu	Ser183Leu	ENSP00000258781.7
ALK	ALK	ALK	527_CAVA_Array_P07	D04	0				NULL	NULL	NULL			NULL
CCM2	CCM2_Gly214Cys	CCM2_Gly214Cys	527_CAVA_Array_P07	D05	3928	CCSBVarC038721	CCSBVarC038721	640G>T	G	T	640	Gly214Cys	Gly214Cys	ENSP00000258781.7
CCM2	CCM2_Asp227Asn	CCM2_Asp227Asn	527_CAVA_Array_P07	D06	3928	CCSBVarC038729	CCSBVarC038729	679G>A	G	A	679	Asp227Asn	Asp227Asn	ENSP00000258781.7
CCM2	CCM2_Ser248Gly	CCM2_Ser248Gly	527_CAVA_Array_P07	D07	3928	CCSBVarC038738	CCSBVarC038738	742A>G	A	G	742	Ser248Gly	Ser248Gly	ENSP00000258781.7
CCM2	CCM2_Pro271Thr	CCM2_Pro271Thr	527_CAVA_Array_P07	D08	3928	CCSBVarC038749	CCSBVarC038749	811C>A	C	A	811	Pro271Thr	Pro271Thr	ENSP00000258781.7
SLIRP	SLIRP	SLIRP	527_CAVA_Array_P07	D09	0				NULL	NULL	NULL			NULL
CCM2	CCM2_Glu333Val	CCM2_Glu333Val	527_CAVA_Array_P07	D10	3928	CCSBVarC038785	CCSBVarC038785	998A>T	A	T	998	Glu333Val	Glu333Val	ENSP00000258781.7
CCM2	CCM2_Val374Met	CCM2_Val374Met	527_CAVA_Array_P07	D11	3928	CCSBVarC038803	CCSBVarC038803	1120G>A	G	A	1120	Val374Met	Val374Met	ENSP00000258781.7
CCM2	CCM2_Thr395Ile	CCM2_Thr395Ile	527_CAVA_Array_P07	D12	3928	CCSBVarC038819	CCSBVarC038819	1184C>T	C	T	1184	Thr395Ile	Thr395Ile	ENSP00000258781.7
CCM2	CCM2_Ser143Phe	CCM2_Ser143Phe	527_CAVA_Array_P07	E01	3928	CCSBVarC038674	CCSBVarC038674	428C>T	C	T	428	Ser143Phe	Ser143Phe	ENSP00000258781.7
CCM2	CCM2_Ser166Ile	CCM2_Ser166Ile	527_CAVA_Array_P07	E02	3928	CCSBVarC038689	CCSBVarC038689	497G>T	G	T	497	Ser166Ile	Ser166Ile	ENSP00000258781.7
CCM2	CCM2_Gly188Arg	CCM2_Gly188Arg	527_CAVA_Array_P07	E03	3928	CCSBVarC038705	CCSBVarC038705	562G>C	G	C	562	Gly188Arg	Gly188Arg	ENSP00000258781.7
CCM2	CCM2_Ser202Asn	CCM2_Ser202Asn	527_CAVA_Array_P07	E04	3928	CCSBVarC038714	CCSBVarC038714	605G>A	G	A	605	Ser202Asn	Ser202Asn	ENSP00000258781.7
ALK	ALK_Arg1275Gln	ALK_Arg1275Gln	527_CAVA_Array_P07	E05	0				NULL	NULL	NULL	Arg1275Gln	Arg1275Gln	NULL
CCM2	CCM2_Ala232Val	CCM2_Ala232Val	527_CAVA_Array_P07	E06	3928	CCSBVarC038731	CCSBVarC038731	695C>T	C	T	695	Ala232Val	Ala232Val	ENSP00000258781.7
CCM2	CCM2_Ser251Tyr	CCM2_Ser251Tyr	527_CAVA_Array_P07	E07	3928	CCSBVarC038740	CCSBVarC038740	752C>A	C	A	752	Ser251Tyr	Ser251Tyr	ENSP00000258781.7
RHEB	RHEB	RHEB	527_CAVA_Array_P07	E08	0				NULL	NULL	NULL			NULL
CCM2	CCM2_Asp301Gly	CCM2_Asp301Gly	527_CAVA_Array_P07	E09	3928	CCSBVarC038765	CCSBVarC038765	902A>G	A	G	902	Asp301Gly	Asp301Gly	ENSP00000258781.7
CCM2	CCM2_Arg346Cys	CCM2_Arg346Cys	527_CAVA_Array_P07	E10	3928	CCSBVarC038791	CCSBVarC038791	1036C>T	C	T	1036	Arg346Cys	Arg346Cys	ENSP00000258781.7
CCM2	CCM2_Asp376His	CCM2_Asp376His	527_CAVA_Array_P07	E11	3928	CCSBVarC038805	CCSBVarC038805	1126G>C	G	C	1126	Asp376His	Asp376His	ENSP00000258781.7
CCM2	CCM2_Ser398Tyr	CCM2_Ser398Tyr	527_CAVA_Array_P07	E12	3928	CCSBVarC038820	CCSBVarC038820	1193C>A	C	A	1193	Ser398Tyr	Ser398Tyr	ENSP00000258781.7
CCM2	CCM2_Tyr144Cys	CCM2_Tyr144Cys	527_CAVA_Array_P07	F01	3928	CCSBVarC038675	CCSBVarC038675	431A>G	A	G	431	Tyr144Cys	Tyr144Cys	ENSP00000258781.7
CCM2	CCM2_Cys170Tyr	CCM2_Cys170Tyr	527_CAVA_Array_P07	F02	3928	CCSBVarC038690	CCSBVarC038690	509G>A	G	A	509	Cys170Tyr	Cys170Tyr	ENSP00000258781.7
CCM2	CCM2_Gly188Trp	CCM2_Gly188Trp	527_CAVA_Array_P07	F03	3928	CCSBVarC038706	CCSBVarC038706	562G>T	G	T	562	Gly188Trp	Gly188Trp	ENSP00000258781.7
CCM2	CCM2_Ser202Arg	CCM2_Ser202Arg	527_CAVA_Array_P07	F04	3928	CCSBVarC038715	CCSBVarC038715	606C>G	C	G	606	Ser202Arg	Ser202Arg	ENSP00000258781.7
CCM2	CCM2_Val216Ala	CCM2_Val216Ala	527_CAVA_Array_P07	F05	3928	CCSBVarC038722	CCSBVarC038722	647T>C	T	C	647	Val216Ala	Val216Ala	ENSP00000258781.7
			527_CAVA_Array_P07	F06	0				NULL	NULL	NULL			NULL
MAPK9	MAPK9	MAPK9	527_CAVA_Array_P07	F07	0				NULL	NULL	NULL			NULL
CCM2	CCM2_Pro281Ser	CCM2_Pro281Ser	527_CAVA_Array_P07	F08	3928	CCSBVarC038753	CCSBVarC038753	841C>T	C	T	841	Pro281Ser	Pro281Ser	ENSP00000258781.7
CCM2	CCM2_Leu310Val	CCM2_Leu310Val	527_CAVA_Array_P07	F09	3928	CCSBVarC038773	CCSBVarC038773	928C>G	C	G	928	Leu310Val	Leu310Val	ENSP00000258781.7
CCM2	CCM2_Arg346His	CCM2_Arg346His	527_CAVA_Array_P07	F10	3928	CCSBVarC038792	CCSBVarC038792	1037G>A	G	A	1037	Arg346His	Arg346His	ENSP00000258781.7
CCM2	CCM2_Gly379Ser	CCM2_Gly379Ser	527_CAVA_Array_P07	F11	3928	CCSBVarC038809	CCSBVarC038809	1135G>A	G	A	1135	Gly379Ser	Gly379Ser	ENSP00000258781.7
CCM2	CCM2_Ala405Ser	CCM2_Ala405Ser	527_CAVA_Array_P07	F12	3928	CCSBVarC038824	CCSBVarC038824	1213G>T	G	T	1213	Ala405Ser	Ala405Ser	ENSP00000258781.7
CCM2	CCM2_Ala149Thr	CCM2_Ala149Thr	527_CAVA_Array_P07	G01	3928	CCSBVarC038681	CCSBVarC038681	445G>A	G	A	445	Ala149Thr	Ala149Thr	ENSP00000258781.7
CCM2	CCM2_Gly176Val	CCM2_Gly176Val	527_CAVA_Array_P07	G02	3928	CCSBVarC038692	CCSBVarC038692	527G>T	G	T	527	Gly176Val	Gly176Val	ENSP00000258781.7
CCM2	CCM2_Gly188Glu	CCM2_Gly188Glu	527_CAVA_Array_P07	G03	3928	CCSBVarC038707	CCSBVarC038707	563G>A	G	A	563	Gly188Glu	Gly188Glu	ENSP00000258781.7
CCM2	CCM2_Ala205Thr	CCM2_Ala205Thr	527_CAVA_Array_P07	G04	3928	CCSBVarC038716	CCSBVarC038716	613G>A	G	A	613	Ala205Thr	Ala205Thr	ENSP00000258781.7
CCM2	CCM2_Phe217Leu	CCM2_Phe217Leu	527_CAVA_Array_P07	G05	3928	CCSBVarC038723	CCSBVarC038723	649T>C	T	C	649	Phe217Leu	Phe217Leu	ENSP00000258781.7
CCM2	CCM2_Ala237Val	CCM2_Ala237Val	527_CAVA_Array_P07	G06	3928	CCSBVarC038733	CCSBVarC038733	710C>T	C	T	710	Ala237Val	Ala237Val	ENSP00000258781.7
CCM2	CCM2_Val255Leu	CCM2_Val255Leu	527_CAVA_Array_P07	G07	3928	CCSBVarC038741	CCSBVarC038741	763G>T	G	T	763	Val255Leu	Val255Leu	ENSP00000258781.7
CCM2	CCM2_Glu290Lys	CCM2_Glu290Lys	527_CAVA_Array_P07	G08	3928	CCSBVarC038759	CCSBVarC038759	868G>A	G	A	868	Glu290Lys	Glu290Lys	ENSP00000258781.7
CCM2	CCM2_Gln313Arg	CCM2_Gln313Arg	527_CAVA_Array_P07	G09	3928	CCSBVarC038774	CCSBVarC038774	938A>G	A	G	938	Gln313Arg	Gln313Arg	ENSP00000258781.7
CCM2	CCM2_His364Tyr	CCM2_His364Tyr	527_CAVA_Array_P07	G10	3928	CCSBVarC038797	CCSBVarC038797	1090C>T	C	T	1090	His364Tyr	His364Tyr	ENSP00000258781.7
CCM2	CCM2_Arg389Trp	CCM2_Arg389Trp	527_CAVA_Array_P07	G11	3928	CCSBVarC038811	CCSBVarC038811	1165C>T	C	T	1165	Arg389Trp	Arg389Trp	ENSP00000258781.7
CCM2	CCM2_Gly407Asp	CCM2_Gly407Asp	527_CAVA_Array_P07	G12	3928	CCSBVarC038825	CCSBVarC038825	1220G>A	G	A	1220	Gly407Asp	Gly407Asp	ENSP00000258781.7
CCM2	CCM2_His151Tyr	CCM2_His151Tyr	527_CAVA_Array_P07	H01	3928	CCSBVarC038683	CCSBVarC038683	451C>T	C	T	451	His151Tyr	His151Tyr	ENSP00000258781.7
CCM2	CCM2_Ala179Thr	CCM2_Ala179Thr	527_CAVA_Array_P07	H02	3928	CCSBVarC038695	CCSBVarC038695	535G>A	G	A	535	Ala179Thr	Ala179Thr	ENSP00000258781.7
CCM2	CCM2_Val190Met	CCM2_Val190Met	527_CAVA_Array_P07	H03	3928	CCSBVarC038708	CCSBVarC038708	568G>A	G	A	568	Val190Met	Val190Met	ENSP00000258781.7
CCM2	CCM2_Ala205Ser	CCM2_Ala205Ser	527_CAVA_Array_P07	H04	3928	CCSBVarC038717	CCSBVarC038717	613G>T	G	T	613	Ala205Ser	Ala205Ser	ENSP00000258781.7
CCM2	CCM2_Gln218Arg	CCM2_Gln218Arg	527_CAVA_Array_P07	H05	3928	CCSBVarC038724	CCSBVarC038724	653A>G	A	G	653	Gln218Arg	Gln218Arg	ENSP00000258781.7
CCM2	CCM2_Pro240Leu	CCM2_Pro240Leu	527_CAVA_Array_P07	H06	3928	CCSBVarC038734	CCSBVarC038734	719C>T	C	T	719	Pro240Leu	Pro240Leu	ENSP00000258781.7
CCM2	CCM2_Tyr261Asp	CCM2_Tyr261Asp	527_CAVA_Array_P07	H07	3928	CCSBVarC038744	CCSBVarC038744	781T>G	T	G	781	Tyr261Asp	Tyr261Asp	ENSP00000258781.7
CCM2	CCM2_Ala293Thr	CCM2_Ala293Thr	527_CAVA_Array_P07	H08	3928	CCSBVarC038761	CCSBVarC038761	877G>A	G	A	877	Ala293Thr	Ala293Thr	ENSP00000258781.7
CCM2	CCM2_Ser330Phe	CCM2_Ser330Phe	527_CAVA_Array_P07	H09	3928	CCSBVarC038781	CCSBVarC038781	989C>T	C	T	989	Ser330Phe	Ser330Phe	ENSP00000258781.7
CCM2	CCM2_His364Arg	CCM2_His364Arg	527_CAVA_Array_P07	H10	3928	CCSBVarC038798	CCSBVarC038798	1091A>G	A	G	1091	His364Arg	His364Arg	ENSP00000258781.7
CCM2	CCM2_Arg390Gln	CCM2_Arg390Gln	527_CAVA_Array_P07	H11	3928	CCSBVarC038814	CCSBVarC038814	1169G>A	G	A	1169	Arg390Gln	Arg390Gln	ENSP00000258781.7
CCM2	CCM2_Ser408Arg	CCM2_Ser408Arg	527_CAVA_Array_P07	H12	3928	CCSBVarC038826	CCSBVarC038826	1222A>C	A	C	1222	Ser408Arg	Ser408Arg	ENSP00000258781.7
CCM2	CCM2	CCM2	527_CAVA_Array_P08	A01	3928				NULL	NULL	NULL			ENSP00000258781.7
CCM2	CCM2_Glu417Gly	CCM2_Glu417Gly	527_CAVA_Array_P08	A02	3928	CCSBVarC038834	CCSBVarC038834	1250A>G	A	G	1250	Glu417Gly	Glu417Gly	ENSP00000258781.7
CCM2	CCM2_Ser426Leu	CCM2_Ser426Leu	527_CAVA_Array_P08	A03	3928	CCSBVarC038843	CCSBVarC038843	1277C>T	C	T	1277	Ser426Leu	Ser426Leu	ENSP00000258781.7
CCM2	CCM2_Asp440Asn	CCM2_Asp440Asn	527_CAVA_Array_P08	A04	3928	CCSBVarC038850	CCSBVarC038850	1318G>A	G	A	1318	Asp440Asn	Asp440Asn	ENSP00000258781.7
GSS	GSS	GSS	527_CAVA_Array_P08	A05	0				NULL	NULL	NULL			NULL
CCM2	CCM2_Asp410His	CCM2_Asp410His	527_CAVA_Array_P08	B01	3928	CCSBVarC038827	CCSBVarC038827	1228G>C	G	C	1228	Asp410His	Asp410His	ENSP00000258781.7
CCM2	CCM2_Gly418Glu	CCM2_Gly418Glu	527_CAVA_Array_P08	B02	3928	CCSBVarC038835	CCSBVarC038835	1253G>A	G	A	1253	Gly418Glu	Gly418Glu	ENSP00000258781.7
CCM2	CCM2_Asp431Asn	CCM2_Asp431Asn	527_CAVA_Array_P08	B03	3928	CCSBVarC038844	CCSBVarC038844	1291G>A	G	A	1291	Asp431Asn	Asp431Asn	ENSP00000258781.7
CCM2	CCM2_Gln441Arg	CCM2_Gln441Arg	527_CAVA_Array_P08	B04	3928	CCSBVarC038851	CCSBVarC038851	1322A>G	A	G	1322	Gln441Arg	Gln441Arg	ENSP00000258781.7
GSS	GSS_Arg125Cys	GSS_Arg125Cys	527_CAVA_Array_P08	B05	0				NULL	NULL	NULL	Arg125Cy	Arg125Cy	NULL
CCM2	CCM2_Asp410Val	CCM2_Asp410Val	527_CAVA_Array_P08	C01	3928	CCSBVarC038828	CCSBVarC038828	1229A>T	A	T	1229	Asp410Val	Asp410Val	ENSP00000258781.7
CCM2	CCM2_Asp419Tyr	CCM2_Asp419Tyr	527_CAVA_Array_P08	C02	3928	CCSBVarC038836	CCSBVarC038836	1255G>T	G	T	1255	Asp419Tyr	Asp419Tyr	ENSP00000258781.7
EGFP	EGFP	EGFP	527_CAVA_Array_P08	C03	0				NULL	NULL	NULL			NULL
CCM2	CCM2_Asp442Asn	CCM2_Asp442Asn	527_CAVA_Array_P08	C04	3928	CCSBVarC038852	CCSBVarC038852	1324G>A	G	A	1324	Asp442Asn	Asp442Asn	ENSP00000258781.7
HPRT1	HPRT1	HPRT1	527_CAVA_Array_P08	C05	0				NULL	NULL	NULL			NULL
PRKACB	PRKACB	PRKACB	527_CAVA_Array_P08	C10	0				NULL	NULL	NULL			NULL
CCM2	CCM2_Asp411Asn	CCM2_Asp411Asn	527_CAVA_Array_P08	D01	3928	CCSBVarC038829	CCSBVarC038829	1231G>A	G	A	1231	Asp411Asn	Asp411Asn	ENSP00000258781.7
CCM2	CCM2_Arg423Cys	CCM2_Arg423Cys	527_CAVA_Array_P08	D02	3928	CCSBVarC038838	CCSBVarC038838	1267C>T	C	T	1267	Arg423Cys	Arg423Cys	ENSP00000258781.7
CCM2	CCM2_Ile432Phe	CCM2_Ile432Phe	527_CAVA_Array_P08	D03	3928	CCSBVarC038845	CCSBVarC038845	1294A>T	A	T	1294	Ile432Phe	Ile432Phe	ENSP00000258781.7
ALK	ALK	ALK	527_CAVA_Array_P08	D04	0				NULL	NULL	NULL			NULL
HPRT1	HPRT1_His204Asp	HPRT1_His204Asp	527_CAVA_Array_P08	D05	0				NULL	NULL	NULL	His204Asp	His204Asp	NULL
SLIRP	SLIRP	SLIRP	527_CAVA_Array_P08	D09	0				NULL	NULL	NULL			NULL
CCM2	CCM2_Asp411Glu	CCM2_Asp411Glu	527_CAVA_Array_P08	E01	3928	CCSBVarC038830	CCSBVarC038830	1233C>G	C	G	1233	Asp411Glu	Asp411Glu	ENSP00000258781.7
CCM2	CCM2_Arg423His	CCM2_Arg423His	527_CAVA_Array_P08	E02	3928	CCSBVarC038839	CCSBVarC038839	1268G>A	G	A	1268	Arg423His	Arg423His	ENSP00000258781.7
CCM2	CCM2_Ile432Thr	CCM2_Ile432Thr	527_CAVA_Array_P08	E03	3928	CCSBVarC038846	CCSBVarC038846	1295T>C	T	C	1295	Ile432Thr	Ile432Thr	ENSP00000258781.7
AGXT	AGXT	AGXT	527_CAVA_Array_P08	E04	0				NULL	NULL	NULL			NULL
ALK	ALK_Arg1275Gln	ALK_Arg1275Gln	527_CAVA_Array_P08	E05	0				NULL	NULL	NULL	Arg1275Gln	Arg1275Gln	NULL
RHEB	RHEB	RHEB	527_CAVA_Array_P08	E08	0				NULL	NULL	NULL			NULL
CCM2	CCM2_Arg412Trp	CCM2_Arg412Trp	527_CAVA_Array_P08	F01	3928	CCSBVarC038831	CCSBVarC038831	1234C>T	C	T	1234	Arg412Trp	Arg412Trp	ENSP00000258781.7
CCM2	CCM2_Arg423Pro	CCM2_Arg423Pro	527_CAVA_Array_P08	F02	3928	CCSBVarC038840	CCSBVarC038840	1268G>C	G	C	1268	Arg423Pro	Arg423Pro	ENSP00000258781.7
CCM2	CCM2_Glu433Lys	CCM2_Glu433Lys	527_CAVA_Array_P08	F03	3928	CCSBVarC038847	CCSBVarC038847	1297G>A	G	A	1297	Glu433Lys	Glu433Lys	ENSP00000258781.7
AGXT	AGXT_Asp201Asn	AGXT_Asp201Asn	527_CAVA_Array_P08	F04	0				NULL	NULL	NULL	Asp201Asn	Asp201Asn	NULL
			527_CAVA_Array_P08	F06	0				NULL	NULL	NULL			NULL
MAPK9	MAPK9	MAPK9	527_CAVA_Array_P08	F07	0				NULL	NULL	NULL			NULL
CCM2	CCM2_Arg412Gln	CCM2_Arg412Gln	527_CAVA_Array_P08	G01	3928	CCSBVarC038832	CCSBVarC038832	1235G>A	G	A	1235	Arg412Gln	Arg412Gln	ENSP00000258781.7
CCM2	CCM2_Met424Ile	CCM2_Met424Ile	527_CAVA_Array_P08	G02	3928	CCSBVarC038841	CCSBVarC038841	1272G>A	G	A	1272	Met424Ile	Met424Ile	ENSP00000258781.7
CCM2	CCM2_Gly436Ser	CCM2_Gly436Ser	527_CAVA_Array_P08	G03	3928	CCSBVarC038848	CCSBVarC038848	1306G>A	G	A	1306	Gly436Ser	Gly436Ser	ENSP00000258781.7
KLH3	KLH3	KLH3	527_CAVA_Array_P08	G04	0				NULL	NULL	NULL			NULL
CCM2	CCM2_Ser416Ala	CCM2_Ser416Ala	527_CAVA_Array_P08	H01	3928	CCSBVarC038833	CCSBVarC038833	1246T>G	T	G	1246	Ser416Ala	Ser416Ala	ENSP00000258781.7
CCM2	CCM2_Ile425Thr	CCM2_Ile425Thr	527_CAVA_Array_P08	H02	3928	CCSBVarC038842	CCSBVarC038842	1274T>C	T	C	1274	Ile425Thr	Ile425Thr	ENSP00000258781.7
CCM2	CCM2_Met439Ile	CCM2_Met439Ile	527_CAVA_Array_P08	H03	3928	CCSBVarC038849	CCSBVarC038849	1317G>A	G	A	1317	Met439Ile	Met439Ile	ENSP00000258781.7
KLH3	KHL3_Cys164Phe	KHL3_Cys164Phe	527_CAVA_Array_P08	H04	0				NULL	NULL	NULL	Cys164Phe	Cys164Phe	NULL
